SJ000550960-1,COc1ccc(OC)c(c1)C2CC(=O)NC3=C2C(=O)CC(C3)c4ccc(OC)c(OC)c4,0.823301
SJ000550956-1,COc1ccc(C2CC(=O)NC3=C2C(=O)CC(C3)c4ccc(OC)c(OC)c4)c(OC)c1,0.809646
SJ000551645-1,CN1CCN(Cc2c(O)ccc3C(=O)C(=C(Oc23)C(F)(F)F)Oc4cccc(C)c4)CC1,0.748367
SJ000550462-1,OC(CN1C(=N)N(CCN2CCCC2)c3ccccc13)c4ccc(Cl)c(Cl)c4,0.721383
SJ000550880-1,Nc1cccc(c1)c2nc3cc(Oc4ccc5[nH]c(nc5c4)c6cccc(N)c6)ccc3[nH]2,0.706931
SJ000550762-1,CCN1\C(=C\c2sc3ccccc3[n+]2CC)\Sc4ccccc14,0.692044
SJ000550864-1,OC(CNC1CCCCC1)Cn2c3ccccc3c4ccccc24,0.683749
SJ000550715-1,Oc1ccc(Br)cc1CN2CCN(CC2)c3ccc(Cl)cc3,0.658758
SJ000550718-1,Oc1ccc(Br)cc1CN2CCN(CC2)c3cccc(Cl)c3,0.656510
SJ000551642-1,CN1CCN(Cc2c(O)ccc3C(=O)C(=C(Oc23)C(F)(F)F)Oc4cc(C)ccc4C)CC1,0.650418
SJ000551647-1,CC1CCN(Cc2c(O)ccc3C(=O)C(=C(Oc23)C(F)(F)F)Oc4cccc(C)c4)CC1,0.642283
SJ000550778-1,CC[n+]1c(\C=C\N2CCCc3ccccc23)sc4cc(C)c(C)cc14,0.633039
SJ000551173-1,Cc1cccc(c1)C2(CC2C(=O)Nc3ccc(cc3O)[N+](=O)[O-])c4cccc(C)c4,0.595414
SJ000550753-1,CCN1\C(=C/C=C(\C)/C=C/c2sc3ccccc3[n+]2CC)\Sc4ccccc14,0.585064
SJ000550777-1,CC[n+]1c(\C=C\c2cc(C)n(c2C)c3ccccc3)sc4ccccc14,0.582735
SJ000550731-1,Oc1ccc(Br)cc1CN2CCN(CC3CC4CC3C=C4)CC2,0.578839
SJ000550688-1,CCOC(=O)c1ccc(NC(=O)CC2N(CCC(C)C)C(=O)N(C2=O)c3ccc(F)cc3)cc1,0.576867
SJ000550957-1,COc1cccc(c1)C2CC3=C(C(CC(=O)N3)c4cc(OC)c(OC)c(OC)c4)C(=O)C2,0.571026
SJ000550779-1,CC[n+]1c(\C=C(/C)\Nc2ccccc2)sc3ccccc13,0.558186
SJ000551671-1,CCOc1ccccc1OC2=C(Oc3c(CN4CCCCCC4)c(O)ccc3C2=O)C(F)(F)F,0.557730
SJ000550815-1,CN(C)CCCN1C(=N)N(CC(O)c2ccc(Br)cc2)c3ccccc13,0.547918
SJ000550733-1,Oc1ccc(Br)cc1CN2CCN(CC2)C3CCCCCC3,0.523800
SJ000551649-1,CN1CCN(Cc2c(O)ccc3C(=O)C(=C(Oc23)C(F)(F)F)Oc4ccc5ccccc5c4)CC1,0.523576
SJ000550863-1,OC(CNCCc1ccccc1)Cn2c3ccc(Br)cc3c4cc(Br)ccc24,0.519278
SJ000550373-1,CCOc1cc(ccc1O)C2C(=C(C)NC3=C2C(=O)CC(C3)c4ccc(Cl)cc4)C(=O)OC(C)CC,0.508543
SJ000550867-1,OC(CNCc1ccccc1)Cn2c3ccc(Cl)cc3c4cc(Cl)ccc24,0.507149
SJ000550813-1,OC(COc1ccc(Cl)cc1Cl)CN2C(=N)N(CCN3CCCCC3)c4ccccc24,0.494558
SJ000551107-1,CCOc1cc(cc(Cl)c1O)C2CC(=O)NC3=C2C(=O)CC(C3)c4ccc(OC)c(OC)c4,0.492716
SJ000551644-1,CCN1CCN(Cc2c(O)ccc3C(=O)C(=C(Oc23)C(F)(F)F)Oc4ccccc4Br)CC1,0.484244
SJ000550472-1,CCN(CC)CCN1C(=N)N(CC(O)COc2ccccc2)c3ccccc13,0.474342
SJ000551673-1,CCC1CCCCN1Cc2c(O)ccc3C(=O)C(=C(Oc23)C(F)(F)F)Oc4ccc(OC)cc4,0.455914
SJ000551680-1,CC1CN(Cc2c(O)ccc3C(=O)C(=C(Oc23)C(F)(F)F)Oc4cc(C)cc(C)c4)CC(C)O1,0.434478
SJ000551681-1,Oc1ccc2C(=O)C(=C(Oc2c1CN3CCCC3)C(F)(F)F)Oc4ccc5ccccc5c4,0.432717
SJ000550850-1,OC(CN1CCCCCC1)Cn2c3ccc(Cl)cc3c4cc(Cl)ccc24,0.428724
SJ000550392-1,CCOc1cc(cc(Cl)c1O)C2C(=C(C)NC3=C2C(=O)CC(C3)c4ccccc4)C(=O)OC,0.426344
SJ000550923-1,CCOC(=O)C1=C(C)NC2=C(C1c3cc(Cl)c(O)c(OC)c3)C(=O)CC(C2)c4ccccc4,0.425375
SJ000550817-1,OC(CN1C(=N)N(CCN2CCCCC2)c3ccccc13)c4cccc(Br)c4,0.424014
SJ000550629-1,CC(C)c1ccc(\C=C\C(=O)Nc2cccc(Cl)c2)cc1,0.414407
SJ000550816-1,OC(CN1C(=N)N(CC=C)c2ccccc12)c3cccc(Br)c3,0.410136
SJ000550375-1,CCOc1cc(ccc1O)C2C(=C(C)NC3=C2C(=O)CC(C3)c4ccc(Cl)cc4)C(=O)OCC(C)C,0.408628
SJ000550668-1,COCCNCC(O)Cn1c2ccc(Cl)cc2c3cc(Cl)ccc13,0.407986
SJ000550877-1,OC(CNc1cccc2ccccc12)Cn3c4ccc(Cl)cc4c5cc(Cl)ccc35,0.406818
SJ000550673-1,OC(CNCC1CCCO1)Cn2c3ccc(Br)cc3c4cc(Br)ccc24,0.406132
SJ000550475-1,OC(COc1ccccc1)CN2C(=N)N(CCN3CCCCC3)c4ccccc24,0.405353
SJ000550467-1,OC(CN1C(=N)N(CC=C)c2ccccc12)c3ccc(Br)cc3,0.404684
SJ000550861-1,OC(CN1CCN(CC1)C2c3ccccc3c4ccccc24)Cn5c6ccccc6c7ccccc57,0.402892
SJ000550670-1,OC(CN1CCN(CC1)c2ccccc2)Cn3c4ccccc4c5ccccc35,0.401837
SJ000550466-1,CCOc1ccc(cc1)C(O)CN2C(=N)N(CCN3CCCCC3)c4ccccc24,0.399349
SJ000550471-1,CCN(CC)CCN1C(=N)N(CC(O)COc2ccc(Cl)cc2)c3ccccc13,0.397051
SJ000550876-1,OC(CNc1ccc(Cl)cc1)Cn2c3ccc(Cl)cc3c4cc(Cl)ccc24,0.395952
SJ000551677-1,CC1CN(Cc2c(O)ccc3C(=O)C(=C(Oc23)C(F)(F)F)Oc4cccc(C)c4)CC(C)O1,0.395370
SJ000551167-1,Cc1cccc(c1)C2(CC2C(=O)Nc3cc(ccc3O)[N+](=O)[O-])c4cccc(C)c4,0.395174
SJ000551683-1,CCc1ccc(OC2=C(Oc3c(CN4CC(C)OC(C)C4)c(O)ccc3C2=O)C(F)(F)F)cc1,0.391805
SJ000550950-1,COc1ccc(cc1OC)C2CC(=O)C3=C(C2)NC(=O)CC3c4ccc(Cl)cc4Cl,0.389485
SJ000550843-1,Cc1ccccc1NCC(O)Cn2c3ccc(Cl)cc3c4cc(Cl)ccc24,0.388252
SJ000550461-1,Cc1ccccc1CN2C(=N)N(CC(O)c3ccc(Cl)c(Cl)c3)c4ccccc24,0.387310
SJ000550844-1,OC(CNc1ccccc1)Cn2c3ccc(Cl)cc3c4cc(Cl)ccc24,0.386102
SJ000550384-1,CCOC(=O)C1=C(C)NC2=C(C1c3cccc(OC)c3OC)C(=O)CC(C2)c4ccc(Cl)cc4,0.382052
SJ000550682-1,CC1CCN(CC(O)Cn2c3ccc(Cl)cc3c4cc(Cl)ccc24)CC1,0.380102
SJ000550840-1,Cc1ccc(NCC(O)Cn2c3ccc(Cl)cc3c4cc(Cl)ccc24)cc1,0.378061
SJ000550842-1,Cc1cccc(NCC(O)Cn2c3ccc(Cl)cc3c4cc(Cl)ccc24)c1,0.377821
SJ000551349-1,Cc1ccc(NC(=O)c2nn(C)cc2I)cc1[N+](=O)[O-],0.373151
SJ000550959-1,CCOc1ccc(cc1)C2CC(=O)C3=C(C2)NC(=O)CC3c4cc(OC)c(OC)c(OC)c4,0.372502
SJ000550732-1,Oc1ccc(Br)cc1CN2CCN(Cc3cccc4ccccc34)CC2,0.370513
SJ000550866-1,OC(CN1CCN(Cc2ccccc2)CC1)Cn3c4ccc(Cl)cc4c5cc(Cl)ccc35,0.370188
SJ000550500-1,CC(C)(C)NC(=O)C1=CN(C=C(C(=O)NC2CCN(Cc3ccccc3)CC2)C1=O)C4CCCCC4,0.369673
SJ000550704-1,OC(CNC1CC1)Cn2c3ccccc3c4ccccc24,0.365063
SJ000550667-1,CC(C)(CO)NCC(O)Cn1c2ccc(Cl)cc2c3cc(Cl)ccc13,0.358331
SJ000551682-1,CC1CN(Cc2c(O)ccc3C(=O)C(=C(Oc23)C(F)(F)F)Oc4ccc5ccccc5c4)CC(C)O1,0.357173
SJ000551081-1,OC(CNCc1ccc(cc1)c2ccccc2)c3ccccc3,0.354787
SJ000550490-1,CCOC(=O)C1=C(C)NC2=C(C1c3ccc(OCC)cc3)C(=O)CC(C2)c4ccc(Cl)cc4,0.354096
SJ000550675-1,Cc1cccc(NCC(O)Cn2c3ccc(Br)cc3c4cc(Br)ccc24)c1C,0.347432
SJ000550953-1,COc1cc(ccc1OC(C)C)C2CC3=C(C(CC(=O)N3)c4ccc(O)cc4)C(=O)C2,0.344970
SJ000550651-1,CC[n+]1c(\C=C\N(C)c2ccccc2)sc3ccc(Cl)cc13,0.344621
SJ000551106-1,CCOc1cc(cc(Br)c1O)C2CC(=O)NC3=C2C(=O)CC(C3)c4cc(OC)ccc4OC,0.344516
SJ000550871-1,OC(CN1CCCCC1)Cn2c3ccc(I)cc3c4cc(I)ccc24,0.338838
SJ000550873-1,CC(C)(C)NCC(O)Cn1c2ccccc2c3ccccc13,0.331602
SJ000550849-1,OC(CN(C1CCCCC1)C2CCCCC2)Cn3c4ccccc4c5ccccc35,0.329629
SJ000551651-1,COc1ccc(OC2=C(Oc3c(CN4CCCCCC4)c(O)ccc3C2=O)C(F)(F)F)cc1,0.329621
SJ000550626-1,CC(C)c1ccc(\C=C\C(=O)Nc2ccc(Cl)cc2)cc1,0.328969
SJ000550628-1,CC(C)c1ccc(\C=C\C(=O)Nc2ccccc2Cl)cc1,0.323295
SJ000551662-1,CCc1cc2C(=O)C(=C(Oc2c(CN3CCCCC3)c1O)C(F)(F)F)c4ccc(F)cc4,0.322167
SJ000551690-1,CCC1CCCCN1Cc2c(O)ccc3C(=O)C(=C(Oc23)C(F)(F)F)c4ccccc4OC,0.320984
SJ000550683-1,OCCNCC(O)Cn1c2ccc(I)cc2c3cc(I)ccc13,0.318549
SJ000550881-1,Nc1ccc(cc1)c2nc3cc(ccc3[nH]2)C(=O)c4ccc5[nH]c(nc5c4)c6ccc(N)cc6,0.317846
SJ000551685-1,COc1ccc(OC2=C(Oc3c(CN4CCCC(C)C4)c(O)ccc3C2=O)C(F)(F)F)cc1,0.314164
SJ000550463-1,COc1ccc(cc1)C(O)CN2C(=N)N(CCN3CCCCC3)c4ccccc24,0.310295
SJ000550869-1,OC(CN1CCCC1)Cn2c3ccc(Cl)cc3c4cc(Cl)ccc24,0.302955
SJ000550948-1,COc1ccc(cc1OC)C2CC(=O)C3=C(C2)NC(=O)CC3c4cc(OC)c(OC)c(OC)c4,0.300233
SJ000550854-1,OC(CN1CCCCC1)Cn2c3ccc(Br)cc3c4cc(Br)ccc24,0.299088
SJ000550930-1,Cc1cc(C)cc(NC(=O)c2c(C)onc2c3c(Cl)cccc3Cl)c1,0.296670
SJ000550470-1,OC(COc1ccc(Cl)cc1)CN2C(=N)N(CCN3CCCCC3)c4ccccc24,0.296017
SJ000550878-1,OC(CNc1cccc2ccccc12)Cn3c4ccccc4c5ccccc35,0.295733
SJ000550468-1,OC(CN1C(=N)N(CCN2CCCCC2)c3ccccc13)c4cccc5ccccc45,0.289964
SJ000551655-1,COc1ccc(cc1OC)C2=C(Oc3c(CN4CCCCC4C)c(O)ccc3C2=O)C(F)(F)F,0.287598
SJ000550888-1,c1ccc2[nH]c(nc2c1)c3cccc(n3)c4nc5ccccc5[nH]4,0.284531
SJ000550947-1,COc1ccc(OC)c(c1)C2CC(=O)NC3=C2C(=O)CC(C3)c4ccc(F)cc4,0.280950
SJ000550465-1,CCCCN1C(=N)N(CC(O)c2ccc(OC)cc2)c3ccccc13,0.277117
SJ000551672-1,COc1ccccc1C2=C(Oc3c(CN(C)C4CCCCC4)c(O)ccc3C2=O)C(F)(F)F,0.276680
SJ000550382-1,CCCOc1ccccc1C2C(=C(C)NC3=C2C(=O)CC(C3)c4ccc(Cl)cc4)C(=O)OCC,0.276650
SJ000550469-1,CCCCN1C(=N)N(CC(O)COc2ccc(Cl)cc2)c3ccccc13,0.273197
SJ000550845-1,OC(CNc1ccccc1)Cn2c3ccccc3c4ccccc24,0.268825
SJ000550841-1,Cc1ccc(NCC(O)Cn2c3ccccc3c4ccccc24)cc1,0.267145
SJ000550782-1,CCN1\C(=C\c2sc3ccc(O)cc3[n+]2CC)\C=Cc4cc(C)ccc14,0.264837
SJ000550962-1,COc1ccc(cc1OC)C2CC3=C(C(CC(=O)N3)c4cc(OC)c(Br)cc4OC)C(=O)C2,0.260520
SJ000550894-1,O=C(Nc1ccc(cc1)c2nc3cc(ccc3[nH]2)c4nc5cc(NC(=O)c6cccc7ccccc67)ccc5[nH]4)c8cccc9ccccc89,0.259460
SJ000551675-1,COc1ccc(cc1OC)C2=C(Oc3c(CN4CCC(C)CC4)c(O)ccc3C2=O)C(F)(F)F,0.257597
SJ000551665-1,COc1ccc(cc1OC)C2=C(Oc3c(CN4CCCC(C)C4)c(O)ccc3C2=O)C(F)(F)F,0.256847
SJ000550489-1,CCOC(=O)C1=C(C)NC2=C(C1c3cc(OC)c(OC)c(OC)c3)C(=O)CC(C2)c4ccc(Cl)cc4,0.255010
SJ000551650-1,Cc1cc(OC2=C(Oc3c(CN4CCOCC4)c(O)ccc3C2=O)C(F)(F)F)cc(C)c1Cl,0.254179
SJ000551643-1,Oc1ccc2C(=O)C(=C(Oc2c1CN3CCCCC3)C(F)(F)F)Oc4ccccc4Cl,0.250998
SJ000550725-1,Oc1ccc(Br)cc1CN2CCC(CC2)N3CCOCC3,0.249730
SJ000550858-1,CN(C)CC(O)Cn1c2ccc(Cl)cc2c3cc(Cl)ccc13,0.243224
SJ000550686-1,Cc1ccc(C)c(NCC(O)Cn2c3ccccc3c4ccccc24)c1,0.242636
SJ000550879-1,COc1ccc(NCC(O)Cn2c3ccc(Cl)cc3c4cc(Cl)ccc24)cc1,0.240206
SJ000550951-1,COc1ccc(OC)c(c1)C2CC(=O)C3=C(C2)NC(=O)CC3c4ccc(Cl)cc4Cl,0.239792
SJ000550875-1,CCOc1ccc(NCC(O)Cn2c3ccc(Cl)cc3c4cc(Cl)ccc24)cc1,0.238497
SJ000551648-1,Oc1ccc2C(=O)C(=C(Oc2c1CN3CCOCC3)C(F)(F)F)Oc4ccc5ccccc5c4,0.238084
SJ000551082-1,OC(CNCCc1ccccc1)c2ccccc2,0.236960
SJ000550376-1,CCOc1cc(ccc1O)C2C(=C(C)NC3=C2C(=O)CC(C3)c4ccc(Cl)cc4)C(=O)OCCc5ccccc5,0.236469
SJ000551691-1,COc1ccccc1C2=C(Oc3c(CN4CCC(C)CC4)c(O)ccc3C2=O)C(F)(F)F,0.236194
SJ000551689-1,Oc1ccc2C(=O)C(=C(Oc2c1CN3CCN(Cc4ccccc4)CC3)C(F)(F)F)c5ccccc5,0.232173
SJ000550391-1,CCOc1cc(cc(Cl)c1O)C2C(=C(C)NC3=C2C(=O)CC(C3)c4ccc(OC)cc4)C(=O)OC,0.229372
SJ000550995-1,Cc1onc(c1C(=O)Nc2cc(Cl)ccc2Cl)c3c(Cl)cccc3Cl,0.227951
SJ000551641-1,Cc1ccc(C)c(OC2=C(Oc3c(CN4CCOCC4)c(O)ccc3C2=O)C(F)(F)F)c1,0.224342
SJ000551646-1,Cc1cc(C)cc(OC2=C(Oc3c(CN4CCOCC4)c(O)ccc3C2=O)C(F)(F)F)c1,0.223236
SJ000550473-1,CCCN1C(=N)N(CC(O)COc2ccc(Cl)cc2)c3ccccc13,0.222878
SJ000551656-1,CC1CCN(Cc2c(O)ccc3C(=O)C(=C(Oc23)C(F)(F)F)c4cccc5ccccc45)CC1,0.222784
SJ000550958-1,COc1cc(cc(OC)c1O)C2CC(=O)NC3=C2C(=O)CC(C3)c4ccccc4,0.222584
SJ000551657-1,CC1CN(Cc2c(O)ccc3C(=O)C(=C(Oc23)C(F)(F)F)c4cccc5ccccc45)CC(C)O1,0.220723
SJ000551105-1,COc1ccc(OC)c(c1)C2CC(=O)C3=C(C2)NC(=O)CC3c4cccc(Cl)c4Cl,0.218882
SJ000550464-1,CC(C)(C)C(O)CN1C(=N)N(CCN2CCCCC2)c3ccccc13,0.217941
SJ000551067-1,CC(C)C1CCC(C)CC1OCC(O)CNC2CCCC2,0.217269
SJ000551654-1,COc1ccc(cc1OC)C2=C(Oc3c(CN4CC(C)OC(C)C4)c(O)ccc3C2=O)C(F)(F)F,0.216124
SJ000550676-1,Cc1cccc(NCC(O)Cn2c3ccccc3c4ccccc24)c1C,0.213981
SJ000551163-1,CCN(CC)CCN1C(Nc2ccccc2C1=O)c3ccc(Br)cc3,0.213452
SJ000550372-1,CCOc1cc(ccc1O)C2C(=C(C)NC3=C2C(=O)CC(C3)c4ccc(Cl)cc4)C(=O)OCc5ccccc5,0.212020
SJ000551659-1,Oc1ccc2C(=O)C(=C(Oc2c1CN3CCCCC3)C(F)(F)F)c4cccc5ccccc45,0.210119
SJ000550390-1,CCCOC(=O)C1=C(C)NC2=C(C1c3ccc(OCCC)cc3)C(=O)CC(C2)c4ccc(Cl)cc4,0.207874
SJ000550388-1,CCOc1cc(ccc1O)C2C(=C(C)NC3=C2C(=O)CC(C3)c4ccc(Cl)cc4)C(=O)OCCOC,0.201988
SJ000550722-1,Oc1ccc(Cl)cc1CN2CCCC(C2)N3CCCC3,0.200969
SJ000550378-1,CCOC(=O)C1=C(C)NC2=C(C1c3cc(Br)c(O)c(OC)c3)C(=O)CC(C2)c4ccc(OC)cc4,0.199626
SJ000551666-1,CC1CCCCN1Cc2c(O)ccc3C(=O)C(=C(Oc23)C(F)(F)F)c4cccc(Cl)c4,0.198591
SJ000551678-1,CN1CCN(Cc2c(O)ccc3C(=O)C(=C(Oc23)C(F)(F)F)c4cccc5ccccc45)CC1,0.197470
SJ000550964-1,COc1ccc(cc1OC)C2CC(=O)C3=C(C2)NC(=O)CC3c4c(F)cccc4Cl,0.197268
SJ000550764-1,C\C(=C/c1sc2ccccc2[n+]1CCO)\C=C\3/Sc4ccccc4N3CCO,0.192381
SJ000551369-1,CCN(CC)c1nc(Nc2ccc(O)cc2)nc(Nc3cc(C)ccc3C)n1,0.189838
SJ000550768-1,Oc1ccc(Cl)cc1CN2CCCC(C2)N3CCOCC3,0.187038
SJ000550383-1,CCOC(=O)C1=C(C)NC2=C(C1c3ccc(OC)cc3)C(=O)CC(C2)c4ccc(Cl)cc4,0.186087
SJ000550395-1,COC(=O)C1=C(C)NC2=C(C1c3cccc(O)c3)C(=O)CC(C2)c4ccc(Cl)cc4,0.185107
SJ000551652-1,COc1ccccc1C2=C(Oc3c(CN4CC(C)OC(C)C4)c(O)ccc3C2=O)C(F)(F)F,0.181887
SJ000550685-1,COc1ccc(NCC(O)Cn2c3ccc(Cl)cc3c4cc(Cl)ccc24)c(OC)c1,0.180573
SJ000550928-1,CCc1ccccc1NC(=O)c2c(C)onc2c3c(Cl)cccc3Cl,0.178731
SJ000550954-1,COc1cc(ccc1O)C2CC(=O)NC3=C2C(=O)CC(C3)c4ccc(C)cc4,0.175039
SJ000550684-1,COc1ccc(OC)c(NCC(O)Cn2c3ccc(Cl)cc3c4cc(Cl)ccc24)c1,0.175032
SJ000551169-1,Oc1cc(ccc1NC(=O)C2CC2(c3ccccc3)c4ccccc4)[N+](=O)[O-],0.174792
SJ000551080-1,OC(CNCc1cccc(Cl)c1)c2ccccc2,0.173693
SJ000550734-1,CC(C)N1CCN(Cc2cc(Br)ccc2O)CC1,0.173561
SJ000551670-1,Cc1cccc(OC2=C(Oc3c(CN4CCCC4)c(O)ccc3C2=O)C(F)(F)F)c1,0.173238
SJ000551668-1,CC1CCN(Cc2c(O)ccc3C(=O)C(=C(Oc23)C(F)(F)F)c4cccc(Cl)c4)CC1,0.173225
SJ000551284-1,CC1CCCC(C)N1CC(O)Cn2c3ccccc3c4ccccc24,0.172666
SJ000551687-1,CN(C)Cc1c(O)ccc2C(=O)C(=C(Oc12)C(F)(F)F)Oc3ccc(cc3)C(C)(C)C,0.172337
SJ000550377-1,CCOC(=O)C1=C(C)NC2=C(C1c3cccc(F)c3)C(=O)CC(C2)c4ccc(OC)cc4,0.171783
SJ000550781-1,CCN1C=C\C(=C/C=C/2\S\C(=C/c3sc(c4ccccc4)c(c5ccccc5)[n+]3CC)\N(CC=C)C2=O)\c6ccccc16,0.171183
SJ000550851-1,OC(CN1CCCCCC1)Cn2c3ccccc3c4ccccc24,0.169444
SJ000551686-1,Oc1ccc2C(=O)C(=C(Oc2c1CN3CCOCC3)C(F)(F)F)Oc4ccccc4Cl,0.168929
SJ000551679-1,Oc1ccc2C(=O)C(=C(Oc2c1CN3CCCCC3)C(F)(F)F)Oc4ccccc4,0.168109
SJ000550857-1,CCN(CC)CC(O)Cn1c2ccccc2c3ccccc13,0.166860
SJ000551725-1,Cc1ccc2c(c1)c3CCCC4N(Cc5cccc(O)c5)CCCn2c34,0.165525
SJ000550389-1,CCOc1cc(cc(Cl)c1O)C2C(=C(C)NC3=C2C(=O)CC(C3)c4ccc(Cl)cc4)C(=O)OCCOc5ccccc5,0.165402
SJ000550929-1,Cc1onc(c1C(=O)Nc2ccc(Br)cc2C)c3c(Cl)cccc3Cl,0.163943
SJ000550870-1,OC(CN1CCCCC1)Cn2c3ccccc3c4cc(Cl)ccc24,0.163228
SJ000550679-1,OCCCNCC(O)Cn1c2ccccc2c3ccccc13,0.162391
SJ000550898-1,O=C(Cc1ccccc1)Nc2ccc(cc2)c3nc4cc(ccc4[nH]3)c5nc6cc(NC(=O)Cc7ccccc7)ccc6[nH]5,0.160786
SJ000550370-1,CCOc1cc(ccc1O)C2C(=C(C)NC3=C2C(=O)CC(C3)c4ccc(OC)cc4)C(=O)OCCOC,0.160571
SJ000550796-1,Nc1ccc(cc1)C(=O)Nc2ccc(cc2)c3nc4cc(NC(=O)c5ccc(N)cc5)ccc4[nH]3,0.160301
SJ000550946-1,Fc1ccc(cc1)C2CC(=O)C3=C(C2)NC(=O)CC3c4c(F)cccc4Cl,0.157912
SJ000550380-1,CCOc1cc(ccc1O)C2C(=C(C)NC3=C2C(=O)CC(C3)c4ccc(Cl)cc4)C(=O)OCCOc5ccccc5,0.157111
SJ000288308-3,Nc1ccc(cc1)c2nc3cc(ccc3[nH]2)c4nc5cc(N)ccc5[nH]4,0.154657
SJ000551038-1,OC(CNC1CCCC1)COc2ccccc2c3ccccc3,0.151791
SJ000551688-1,COc1ccccc1C2=C(Oc3c(CN4CCCCC4)c(O)ccc3C2=O)C(F)(F)F,0.151617
SJ000550949-1,COc1ccc(cc1OC)C2CC(=O)C3=C(C2)NC(=O)CC3c4ccccc4,0.151476
SJ000550963-1,COc1cc(C2CC(=O)NC3=C2C(=O)CC(C3)c4ccc(F)cc4)c(OC)cc1Br,0.151377
SJ000498746-2,OCCN1CCN(CC1)C2CCN(Cc3cc(Br)ccc3O)CC2,0.150279
SJ000550445-1,OC(COc1ccccc1)CN2C(=N)N(CCN3CCOCC3)c4ccccc24,0.149620
SJ000551674-1,COc1ccc(cc1OC)C2=C(Oc3c(CN4CCN(C)CC4)c(O)ccc3C2=O)C(F)(F)F,0.147694
SJ000551653-1,COc1ccc(cc1OC)C2=C(Oc3c(CN4CCCC4)c(O)ccc3C2=O)C(F)(F)F,0.146126
SJ000550899-1,O=C(Cc1ccccc1)Nc2ccc3[nH]c(nc3c2)c4ccc(cc4)c5nc6cc(NC(=O)Cc7ccccc7)ccc6[nH]5,0.145031
SJ000550398-1,CC1=C(C(C2=C(CC(CC2=O)c3ccc(Cl)cc3)N1)c4ccc(O)cc4)C(=O)OCCOc5ccccc5,0.143716
SJ000550481-1,CCCCNC(=O)C1=CN(C=C(C(=O)NC2CCN(Cc3ccccc3)CC2)C1=O)C4CCCCC4,0.143571
SJ000550474-1,OC(COc1ccc(Cl)cc1)CN2C(=N)N(CCN3CCOCC3)c4ccccc24,0.143559
SJ000551078-1,OC(CNCc1ccc(OCc2ccccc2)cc1)c3ccccc3,0.142787
SJ000550955-1,COc1ccc(cc1OC)C2CC(=O)NC3=C2C(=O)CC(C3)c4ccccc4,0.136352
SJ000550989-1,CCCCn1nnnc1NCc2ccc(OC)c(OC)c2OC,0.134937
SJ000550811-1,Cc1cccc(OCC(O)CN2C(=N)N(CCN3CCOCC3)c4ccccc24)c1,0.132659
SJ000550892-1,CC(=O)Nc1ccc(cc1)c2nc3cc(ccc3[nH]2)c4nc5cc(NC(=O)C)ccc5[nH]4,0.131161
SJ000551419-1,CC(=O)Nc1cccc(Nc2nc(nc(n2)N3CCCCC3)N(c4ccccc4)c5ccccc5)c1,0.131044
SJ000550872-1,CN1CCN(CC(O)Cn2c3ccccc3c4cc(Cl)ccc24)CC1,0.129712
SJ000551274-1,Cc1ccc(cc1)C2CC(n3nc(cc3N2)C(=O)N(Cc4ccccc4)Cc5ccccc5)C(F)(F)F,0.129202
SJ000550944-1,COc1ccc(cc1)N2C(=S)NN=C2CCNC(=O)c3ccc(Cl)cc3Cl,0.128816
SJ000550900-1,OC(CNCCOc1ccccc1)Cn2c3ccccc3c4ccccc24,0.126495
SJ000550399-1,CC1=C(C(C2=C(CC(CC2=O)c3ccc(Cl)cc3)N1)c4cccc(O)c4)C(=O)OCCOc5ccccc5,0.126205
SJ000551104-1,COc1cc(C2CC(=O)NC3=C2C(=O)CC(C3)c4ccc(C)cc4)c(OC)cc1Br,0.125359
SJ000550387-1,CCOc1cc(ccc1O)C2C(=C(C)NC3=C2C(=O)CC(C3)c4ccccc4)C(=O)OCCc5ccccc5,0.124831
SJ000550814-1,Cc1ccc(OCC(O)CN2C(=N)N(CCN3CCOCC3)c4ccccc24)cc1,0.123952
SJ000550509-1,CCCCNC(=O)C1=CN(C=C(C(=O)NC2CCN(Cc3ccccc3)C2)C1=O)C4CCCCC4,0.122166
SJ000551210-1,CCN(CC)CCN1C(Nc2ccccc2C1=O)c3ccc(Cl)cc3Cl,0.121370
SJ000550672-1,COc1ccc(Cl)cc1NCC(O)Cn2c3ccccc3c4ccccc24,0.120269
SJ000550458-1,O=C(NCC(N1CCCCC1)c2ccccc2)C3=CN(C=C(C(=O)NC4CCCCC4)C3=O)C5CC5,0.119317
SJ000550428-1,CCOCCOC(=O)C1=C(C)NC2=C(C1c3ccc(OCC)cc3)C(=O)CC(C2)c4ccc(Cl)cc4,0.119042
SJ000550507-1,O=C(NC1CCCCC1)C2=CN(C=C(C(=O)NC3CCN(Cc4ccccc4)CC3)C2=O)C5CC5,0.117891
SJ000550752-1,CC\C(=C/c1sc2ccc(OC)cc2[n+]1CCO)\C=C\3/Sc4ccc(OC)cc4N3CCO,0.116688
SJ000551705-1,CC(C)c1ccc(CN2CCCn3c4C2CCCc4c5cc(C)ccc35)cc1,0.115226
SJ000550757-1,CCN1\C(=C\C(=C\c2sc3ccc4ccccc4c3[n+]2CCCS(=O)(=O)O)\CC)\Sc5ccc(OC)cc15,0.114591
SJ000551714-1,CCOc1cccc(CN2CCCn3c4C2CCCc4c5cc(C)ccc35)c1O,0.114182
SJ000550427-1,CCOc1cc(ccc1O)C2C(=C(C)NC3=C2C(=O)CC(C3)c4ccccc4)C(=O)OCc5ccccc5,0.113534
SJ000550897-1,O=C(Cc1ccccc1)Nc2ccc(cc2)c3nc4cc(NC(=O)Cc5ccccc5)ccc4[nH]3,0.113399
SJ000550893-1,CC(=O)Nc1ccc2[nH]c(nc2c1)c3ccc(cc3)c4nc5cc(NC(=O)C)ccc5[nH]4,0.112849
SJ000550371-1,CC1=C(C(C2=C(CC(CC2=O)c3ccc(Cl)cc3)N1)c4ccc(Cl)cc4)C(=O)OCCOc5ccccc5,0.111479
SJ000550767-1,CN1CCN(CC1)[C@@H]2CCN(Cc3cc(Cl)ccc3O)C[C@H]2O,0.109440
SJ000550385-1,COc1ccc(cc1)C2CC3=C(C(C(=C(C)N3)C(=O)OCCOc4ccccc4)c5ccc(Cl)c(Cl)c5)C(=O)C2,0.108370
SJ000550859-1,OCC(O)Cn1c2ccc(Br)cc2c3cc(Br)ccc13,0.108129
SJ000551697-1,CCN(CC)c1ccc(cc1)c2nc3cc(C)ccc3[nH]2,0.108004
SJ000550498-1,CC(C)NC(=O)C1=CN(CC2CCCCC2)C=C(C(=O)NC3CCN(Cc4ccccc4)CC3)C1=O,0.106204
SJ000550671-1,CCCCOCC(O)Cn1c2ccccc2c3ccccc13,0.105119
SJ000551036-1,[O-][N+](=O)c1ccc(cc1NC2CC2)N3CCN(CC3)C(=O)c4ccccc4,0.104871
SJ000550669-1,COc1ccc(CCNCC(O)Cn2c3ccccc3c4ccccc24)cc1OC,0.103628
SJ000550425-1,COc1ccc(cc1)C2C(=C(C)NC3=C2C(=O)CC(C3)c4ccc(Cl)cc4)C(=O)OCCOc5ccccc5,0.103603
SJ000550393-1,CCOCCOC(=O)C1=C(C)NC2=C(C1c3ccc(O)cc3)C(=O)CC(C2)c4ccc(Cl)cc4,0.102948
SJ000550526-1,CCOc1cc2CCNC(c3cc(OC)c(OC)cc3Br)c2cc1OCC,0.101965
SJ000551348-1,Cn1ncc(I)c1C(=O)Nc2ccc(F)c(c2)[N+](=O)[O-],0.101933
SJ000550397-1,CC1=C(C(C2=C(CC(CC2=O)c3ccc(Cl)cc3)N1)c4ccc(C)cc4)C(=O)OCCOc5ccccc5,0.101869
SJ000550374-1,CCOc1ccccc1C2C(=C(C)NC3=C2C(=O)CC(C3)c4ccc(Cl)cc4)C(=O)OCCOc5ccccc5,0.101692
SJ000550400-1,COCCOC(=O)C1=C(C)NC2=C(C1c3ccc(Cl)cc3)C(=O)CC(C2)c4ccc(OC)cc4,0.101233
SJ000550558-1,CCOC(=O)c1cnc2ccc(C)cc2c1Nc3ccc(OC)cc3,0.099380
SJ000551370-1,CCN(CC)c1nc(Nc2cccc(Br)c2)nc(Nc3cc(C)ccc3C)n1,0.098845
SJ000550401-1,COc1cccc(c1)C2C(=C(C)NC3=C2C(=O)CC(C3)c4ccc(Cl)cc4)C(=O)OCCOc5ccccc5,0.098540
SJ000550525-1,CCOc1cc2CCNC(c3ccc(O)cc3)c2cc1OCC,0.097878
SJ000550379-1,COCCOC(=O)C1=C(C)NC2=C(C1c3ccc(O)c(OC)c3)C(=O)CC(C2)c4ccc(Cl)cc4,0.097763
SJ000550426-1,CC1=C(C(C2=C(CC(CC2=O)c3ccc(Cl)cc3)N1)c4cccc(Cl)c4)C(=O)OCCOc5ccccc5,0.096865
SJ000550368-1,CC1=C(C(C2=C(CC(CC2=O)c3ccccc3)N1)c4ccc(F)cc4)C(=O)OCCOc5ccccc5,0.093018
SJ000550571-1,CCOC(=O)c1cnc2c(C)cccc2c1Nc3cccc(c3)C(=O)C,0.092297
SJ000550394-1,COc1ccc(cc1)C2CC3=C(C(C(=C(C)N3)C(=O)OCCOc4ccccc4)c5cccc(OC)c5)C(=O)C2,0.091773
SJ000550925-1,[O-][N+](=O)c1ccc(Cl)c(c1)C2CC(=O)NC3=C2C(=O)CC(C3)c4cccs4,0.091559
SJ000551062-1,OC(CNC1CCCCC1)COc2ccc(OCc3ccccc3)cc2,0.091140
SJ000550765-1,CCN1\C(=C\C=C\C=C\c2sc3ccccc3[n+]2CC(=O)O)\Sc4ccccc14,0.090981
SJ000551033-1,[O-][N+](=O)c1ccc(cc1NC2CC2)N3CCN(CC3)C(=O)\C=C\c4ccccc4,0.090856
SJ000551405-1,CC(=O)Nc1cccc(Nc2nc(nc(n2)N3CCOCC3)N(c4ccccc4)c5ccccc5)c1,0.090827
SJ000551739-1,Clc1ccc(C2NCCc3c2[nH]c4ccccc34)c(Cl)c1,0.089535
SJ000354397-2,OCCC1CN(Cc2cc(Cl)ccc2O)CCN1Cc3ccccc3,0.089335
SJ000551735-1,Cc1ccc2c(c1)c3CCCC4=NCCCn2c34,0.089079
SJ000550865-1,CCn1c2ccccc2c3cc(CNC4CCCCC4)ccc13,0.088601
SJ000550488-1,CCOC(=O)C1=C(C)NC2=C(C1c3ccc(OC)c(OC)c3)C(=O)CC(C2)c4occc4,0.087552
SJ000550369-1,CC1=C(C(C2=C(CC(CC2=O)c3ccccc3)N1)c4ccc(O)cc4)C(=O)OCCOc5ccccc5,0.085466
SJ000551660-1,CCc1cc2C(=O)C(=C(Oc2c(CN(C)C)c1O)C(F)(F)F)Oc3ccccc3F,0.084439
SJ000551704-1,Cc1ccc2c(c1)c3CCCC4N(Cc5ccccc5F)CCCn2c34,0.084214
SJ000550868-1,COc1cccc(NCC(O)Cn2c3ccccc3c4ccccc24)c1,0.083593
SJ000551658-1,COc1ccccc1C2=C(Oc3c(CN4CCCC4)c(O)ccc3C2=O)C(F)(F)F,0.083029
SJ000550598-1,O=C(N1CCN(CC1)C(c2ccccc2)c3ccccc3)c4cc(nc5ccccc45)c6ccccn6,0.083023
SJ000551424-1,CN1CCN(CC1)c2cc(N)nc(N)n2,0.082977
SJ000551708-1,Clc1cccc(C2NCCc3c2[nH]c4ccccc34)c1Cl,0.082080
SJ000551423-1,C1CN(CCO1)c2nc(nc(n2)N3CCOCC3)N(c4ccccc4)c5ccccc5,0.081677
SJ000551052-1,[O-][N+](=O)c1ccc(cc1NC2CC2)N3CCN(Cc4ccccc4)CC3,0.081413
SJ000551676-1,COc1ccc(cc1OC)C2=C(Oc3c(CN4CCOCC4)c(O)ccc3C2=O)C(F)(F)F,0.081162
SJ000550924-1,[O-][N+](=O)c1cc(ccc1Cl)C2CC(=O)NC3=C2C(=O)CC(C3)c4cccs4,0.080945
SJ000550381-1,COc1cc(ccc1O)C2C(=C(C)NC3=C2C(=O)CC(C3)c4ccccc4)C(=O)OCCOc5ccccc5,0.080903
SJ000551736-1,Cc1ccc2c(c1)c3CCCC4NCCCn2c34,0.080848
SJ000550934-1,Cc1cc(C)nc(n1)n2nc(C)cc2Nc3ccccc3,0.080577
SJ000550520-1,CCOC(=O)c1cnc2ccc(OC)cc2c1Nc3ccc(cc3)N(C)C,0.079368
SJ000550769-1,OCCC1CN(Cc2c(O)ccc3ccccc23)CCN1C4CCCC4,0.079094
SJ000550751-1,CC[n+]1c(\C=C\2/SCC(=O)N2CC=C)sc3ccccc13,0.079002
SJ000550770-1,OCCC1CN(Cc2cc(Cl)ccc2O)CCN1CCCc3ccccc3,0.078496
SJ000550889-1,CC(=O)Nc1ccc(cc1)C(=O)Nc2ccc(cc2)c3nc4cc(NC(=O)c5ccc(NC(=O)C)cc5)ccc4[nH]3,0.078166
SJ000551227-1,Oc1ccc(Cl)cc1NC(=O)c2cnn3C(CC(Nc23)c4ccc(Br)cc4)C(F)(F)F,0.076466
SJ000551706-1,Cc1cccc(CN2CCCn3c4C2CCCc4c5cc(C)ccc35)c1,0.075663
SJ000551667-1,CN(C)Cc1c(O)ccc2C(=O)C(=C(Oc12)C(F)(F)F)Oc3cc(C)c(Cl)c(C)c3,0.075660
SJ000550912-1,O=C(Cc1cccc2ccccc12)Nc3ccc(cc3)c4nc5ccccc5[nH]4,0.075553
SJ000550724-1,OCCC1CN(Cc2cc(Cl)ccc2O)CCN1CCc3ccccc3,0.075230
SJ000550723-1,COc1ccc(CN2CCN(C(CCO)C2)C3CCCC3)c(O)c1,0.074276
SJ000550420-1,Cc1ccc2nc(cc(C(=O)N3CCN(CC3)C(c4ccccc4)c5ccccc5)c2c1)c6cccnc6,0.073750
SJ000550613-1,CCC(C)c1ccc(NC(=O)\C=C\c2cccc(Cl)c2)cc1,0.073712
SJ000551338-1,COc1cc(CNc2nnnn2CC=C)cc(Cl)c1OC,0.073211
SJ000551072-1,CCc1ccc(OCCOCC(O)CNC2CCCC2)cc1,0.072765
SJ000550756-1,CCN1\C(=C\C(=C\c2sc3ccccc3[n+]2CCCS(=O)(=O)O)\OC)\Sc4ccccc14,0.072563
SJ000550616-1,CCOc1cc2CCNC(c2cc1OCC)c3c(OC)ccc4ccccc34,0.072300
SJ000550709-1,COc1ccc(Br)cc1CN2CCN(CC2)C3CC4CCC3C4,0.072124
SJ000551007-1,Cc1cc(Nc2cccc(c2)C(F)(F)F)nc(n1)n3nc(C)cc3C,0.071875
SJ000551724-1,COc1ccc(CN2CCCn3c4C2CCCc4c5cc(C)ccc35)cc1O,0.070546
SJ000551008-1,Cc1cc(C)n(n1)c2nc(Nc3cccc(c3)C(F)(F)F)nc(n2)n4nc(C)cc4C,0.069861
SJ000551721-1,COc1cc(CN2CCCn3c4C2CCCc4c5cc(C)ccc35)cc(OC)c1O,0.069653
SJ000550386-1,CC1=C(C(C2=C(CC(CC2=O)c3ccccc3)N1)c4cccc(Cl)c4)C(=O)OCCOc5ccccc5,0.069417
SJ000551090-1,CCCCN(CCCC)CC(O)COc1ccccc1C,0.069355
SJ000550448-1,Cc1ccc(cc1)C(=O)CN2C(=N)N(CCN3CCCCC3)c4ccccc24,0.068892
SJ000550812-1,COc1ccc(OCC(O)CN2C(=N)N(CCN3CCOCC3)c4ccccc24)cc1,0.068533
SJ000550402-1,Cc1ccc2nc(cc(C(=O)NC3CCN(Cc4ccccc4)CC3)c2c1)c5ccncc5,0.067228
SJ000551730-1,Cc1ccc2c(c1)c3CCCC4N(Cc5ccc(Br)cc5)CCCn2c34,0.066370
SJ000550884-1,O=C(Cc1ccccc1)Nc2ccc(cc2)c3nc4ccccc4[nH]3,0.066310
SJ000550901-1,C(Nc1cccc(c1)c2nc3ccccc3[nH]2)c4cccnc4,0.066030
SJ000550910-1,CCC(C(=O)Nc1ccc(cc1)c2nc3ccccc3[nH]2)c4ccccc4,0.065019
SJ000551272-1,CN(Cc1ccc(cc1)n2cccn2)C(=O)c3cc4NC(CC(n4n3)C(F)(F)F)c5ccc(C)cc5,0.064757
SJ000551225-1,FC(F)(F)C1CC(Nc2cc(nn12)C(=O)Nc3cnn(Cc4ccc(Cl)cc4Cl)c3)c5ccccc5,0.064508
SJ000551427-1,Cc1cc(Nc2ccccc2)nc(n1)N3CCOCC3,0.064273
SJ000551031-1,[O-][N+](=O)c1ccc(cc1NC2CC2)N3CCN(CC3)C(=O)Cc4ccccc4,0.064236
SJ000551664-1,CN(C)Cc1c(O)ccc2C(=O)C(=C(Oc12)C(F)(F)F)Oc3ccc(Br)cc3,0.063655
SJ000550810-1,Oc1ccc2ccccc2c1\C=C\c3nc(O)c4ccccc4n3,0.063473
SJ000550451-1,CCCCN1C(=N)N(CC(=O)c2ccc(Br)cc2)c3ccccc13,0.063428
SJ000487122-2,Cc1ccc(Nc2cc(C)nc(n2)N3CCOCC3)cc1,0.063424
SJ000550435-1,Cc1cccc2c(cc(nc12)c3cccnc3)C(=O)N4CCN(C\C=C\c5ccccc5)CC4,0.063297
SJ000551040-1,Cc1ccc(C)c(OCC(O)CNC2CCCC2)c1,0.062988
SJ000551068-1,Cc1ccc(OCC(O)CNC2CCCC2)c(C)c1,0.062576
SJ000550759-1,CC\C(=C/c1oc2ccc(OC)cc2[n+]1C)\C=C\3/Sc4ccccc4N3CCCS(=O)(=O)O,0.061969
SJ000550492-1,CC(C)(C)NC(=O)C1=CN(C=C(C(=O)N2CCC(CC2)c3ccccc3)C1=O)C4CCCCC4,0.061692
SJ000551422-1,FC(F)(F)COc1nc(nc(n1)N2CCCCC2)N(c3ccccc3)c4ccccc4,0.061432
SJ000551035-1,CC(C)(C)C(=O)N1CCN(CC1)c2ccc(c(NCC=C)c2)[N+](=O)[O-],0.061372
SJ000551733-1,COc1ccc(CN2CCCn3c4C2CCCc4c5cc(C)ccc35)cc1,0.061039
SJ000550618-1,CCOc1cc2CCNC(c3ccc(Cl)cc3)c2cc1OCC,0.060897
SJ000331677-2,CC(C)c1ccc(\C=C\C(=O)Nc2ccc(Cl)c(Cl)c2)cc1,0.060678
SJ000551029-1,CCNc1cc(ccc1[N+](=O)[O-])N2CCN(CC2)C(=O)C(C)C,0.059770
SJ000550446-1,CCCCN1C(=N)N(CC(=O)c2ccc(Cl)cc2)c3ccccc13,0.059770
SJ000551346-1,Cc1nn(C)c(C(=O)Nc2cccc(c2)[N+](=O)[O-])c1Br,0.059239
SJ000551426-1,Cc1cc(Nc2cccc(Cl)c2)nc(n1)N3CCOCC3,0.059007
SJ000551050-1,[O-][N+](=O)c1ccc(cc1NC2CC2)N3CCN(CC3)C(=O)c4cccc5ccccc45,0.058732
SJ000550544-1,CCOC(=O)c1cnc2c(OC)cccc2c1NC(C)c3ccccc3,0.058674
SJ000550396-1,COc1ccc(cc1)C2CC3=C(C(C(=C(C)N3)C(=O)OCCOc4ccccc4)c5cccc(Br)c5)C(=O)C2,0.058658
SJ000550537-1,COc1cc2CCNC(c3ccc(Cl)c(Cl)c3)c2cc1OC,0.057990
SJ000551041-1,COc1ccc(CNC2CCCCC2)cc1OCC(O)CN(C)Cc3ccccc3,0.057368
SJ000550404-1,Cc1c(Cl)ccc2c(cc(nc12)c3cccnc3)C(=O)N4CCC(Cc5ccccc5)CC4,0.056623
SJ000551728-1,COc1ccc(CN2CCCn3c4C2CCCc4c5cc(C)ccc35)c(OC)c1,0.056516
SJ000550450-1,OCCN1C(=N)N(CCN2CCCCC2)c3ccccc13,0.056471
SJ000551084-1,CC(O)CNCc1ccc(cc1)C(C)C,0.056245
SJ000550438-1,CC(C)c1ccc(CN2CCN(CC2)C(=O)c3cc(nc4ccc(C)cc34)c5ccccn5)cc1,0.056186
SJ000550533-1,COc1cc(cc(OC)c1O)C2NCCc3cc(OC)c(OC)cc23,0.056005
SJ000550538-1,COc1cc2CCNC(c3ccc(Cl)cc3Cl)c2cc1OC,0.055769
SJ000551079-1,COc1cccc(CNCC(O)c2ccccc2)c1,0.055693
SJ000551707-1,CCc1ccc2c(c1)c3CCCC4NCCn2c34,0.054745
SJ000550883-1,O=C(Cc1ccccc1)Nc2cccc(c2)c3nc4ccccc4[nH]3,0.054369
SJ000550874-1,CCn1c2ccccc2c3cc(CN4CCCC(O)C4)ccc13,0.054161
SJ000550640-1,CCOC(=O)c1cccc(NC(=O)CC2N(Cc3ccc(F)cc3)C(=O)N(C2=O)c4ccccc4)c1,0.054083
SJ000550529-1,COc1ccc(O)c(c1)C2NCCc3cc(OC)c(OC)cc23,0.053759
SJ000550478-1,CN(CC(O)c1ccccc1)C(=O)C2=CN(C=C(C(=O)NC(C)(C)C)C2=O)C3CCCCC3,0.053727
SJ000551722-1,COc1cc(OC)c(OC)cc1CN2CCCn3c4C2CCCc4c5cc(C)ccc35,0.053290
SJ000550774-1,OCCC1CN(Cc2cc(Cl)ccc2O)CCN1C3CCCCC3,0.053177
SJ000551013-1,OCC1(Cc2ccccc2C(F)(F)F)CCN(CC1)S(=O)(=O)c3ccccc3,0.052644
SJ000550914-1,Brc1cncc(c1)C(=O)Nc2ccc(cc2)c3nc4ccccc4[nH]3,0.052578
SJ000550597-1,Cc1ccc2nc(cc(C(=O)N3CCC(Cc4ccccc4)CC3)c2c1)c5ccccn5,0.051955
SJ000551034-1,CC(C)(C)c1ccc(OCC(=O)N2CCN(CC2)c3ccc(c(NC4CC4)c3)[N+](=O)[O-])cc1,0.051511
SJ000551635-1,COc1cc(cc(OC)c1OC)C2C(=C(C)NC3=C2C(=O)CC(C3)c4ccccc4)C(=O)Nc5ccc(F)cc5,0.051380
SJ000551663-1,CN(C)Cc1c(O)ccc2C(=O)C(=C(Oc12)C(F)(F)F)Oc3ccccc3,0.051296
SJ000550459-1,O=C(NCC1CCCCC1)C2=CN(C=C(C(=O)NC3CCN(Cc4ccccc4)CC3)C2=O)C5CC5,0.050812
SJ000550648-1,CCOC(=O)c1ccc(NC(=O)CC2N(Cc3ccc(OC)c(OC)c3)C(=O)N(C2=O)c4cccc(OC)c4)cc1,0.049755
SJ000551089-1,Cc1ccccc1OCC(O)CNC2CCCCC2,0.049662
SJ000551692-1,COc1ccccc1C2=C(Oc3c(CN4CCOCC4)c(O)ccc3C2=O)C(F)(F)F,0.049131
SJ000550617-1,CCOc1cc2CCNC(c3ccc(F)cc3)c2cc1OCC,0.048445
SJ000550406-1,Clc1ccc2nc(cc(C(=O)NC3CCN(Cc4ccccc4)CC3)c2c1)c5ccncc5,0.048214
SJ000551406-1,CCCCCNc1nc(nc(n1)N2CCOCC2)N(c3ccccc3)c4ccccc4,0.048070
SJ000550726-1,C(N1CCN(CC1)C2CC3CCC2C3)c4cccc5ccccc45,0.047730
SJ000551022-1,Cc1cc(C)n(n1)c2nc(Nc3ccccc3C(F)(F)F)nc(n2)n4nc(C)cc4C,0.047630
SJ000550977-1,OCC1(Cc2cccc(c2)C(F)(F)F)CCN(CC1)S(=O)(=O)c3ccc(OC(F)(F)F)cc3,0.047286
SJ000551306-1,CC(C)Nc1nc(nc(n1)N2CCOCC2)N(c3ccccc3)c4ccccc4,0.047039
SJ000551088-1,Oc1nc(\C=C\c2cccc3ccccc23)nc4ccccc14,0.046920
SJ000550543-1,CCOC(=O)c1cnc2c(OC)cccc2c1Nc3cccc(c3)C(=O)C,0.046643
SJ000551009-1,Cc1cc(Nc2ccccc2C(F)(F)F)nc(n1)n3nc(C)cc3C,0.046288
SJ000550421-1,Cc1ccc2nc(cc(C(=O)N3CCC(Cc4ccccc4)CC3)c2c1)c5cccnc5,0.045479
SJ000551076-1,OC(COc1ccccc1C(=O)Nc2ccccc2)CN(Cc3ccccc3)Cc4ccccc4,0.045214
SJ000550505-1,CC(C)N1C=C(C(=O)NC2CCN(Cc3ccccc3)C2)C(=O)C(=C1)C(=O)NC(C)(C)C,0.045008
SJ000551170-1,Cc1ccc(cc1)C2(CC2C(=O)Nc3ccccc3[N+](=O)[O-])c4ccc(C)cc4,0.044549
SJ000550913-1,O=C(CCc1ccccc1)Nc2ccc(cc2)c3nc4cc5ccccc5cc4[nH]3,0.044038
SJ000550911-1,CCC(C(=O)Nc1cccc(c1)c2nc3ccccc3[nH]2)c4ccccc4,0.044008
SJ000551071-1,Cc1cc(Cl)ccc1OCC(O)CNC2CCCC2,0.043994
SJ000551039-1,Cc1ccc(OCC(O)CNC2CCCC2)cc1C,0.043917
SJ000551738-1,Clc1ccccc1C2NCCc3c2[nH]c4ccccc34,0.043836
SJ000551393-1,COc1ccc(Nc2cc(nc(n2)c3ccc(Br)cc3)N4CCOCC4)cc1,0.043550
SJ000551400-1,Nc1nc(N)nc(n1)C(c2ccccc2)c3ccccc3,0.043461
SJ000550661-1,CCOC(=O)c1ccc(NC(=O)CC2N(Cc3ccc(OC)cc3)C(=O)N(C2=O)c4ccc(F)cc4)cc1,0.042896
SJ000551042-1,CCN(CC)CC(O)COc1cc(CNC2CCCC2)ccc1OC,0.042105
SJ000551669-1,Cc1c(O)ccc2C(=O)C(=C(Oc12)C(F)(F)F)Oc3ccc(Cl)cc3,0.042102
SJ000550497-1,O=C(NCC1CCCCC1)C2=CN(C=C(C(=O)NC3CCN(Cc4ccccc4)C3)C2=O)C5CC5,0.042033
SJ000550422-1,Clc1ccc2nc(cc(C(=O)N3CCC(Cc4ccccc4)CC3)c2c1)c5cccnc5,0.042019
SJ000551172-1,Cc1ccc(cc1)C2(CC2C(=O)Nc3cc(ccc3C)[N+](=O)[O-])c4ccc(C)cc4,0.042001
SJ000550535-1,COc1cc2CCNC(c3cccc(O)c3)c2cc1OC,0.041910
SJ000550882-1,OC(=O)c1ccccc1c2ccccc2C(=O)Nc3cccc(c3)c4nc5ccccc5[nH]4,0.041746
SJ000550530-1,COc1cccc(C2NCCc3cc(OC)c(OC)cc23)c1O,0.041587
SJ000550891-1,Cc1nc2cc(ccc2[nH]1)c3ccc4[nH]c(C)nc4c3,0.041323
SJ000550602-1,Clc1ccc2nc(cc(C(=O)N3CCC(Cc4ccccc4)CC3)c2c1)c5ccncc5,0.040740
SJ000550449-1,Cc1ccc(cc1)C(=O)CN2C(=N)N(CCN3CCOCC3)c4ccccc24,0.040597
SJ000551280-1,Cc1ccc(C(CC(=O)Nc2ccccc2C)c3ccccc3)c(O)c1,0.039705
SJ000550561-1,CCOC(=O)c1cnc2c(Cl)cccc2c1Nc3cccc(c3)C(=O)C,0.039661
SJ000550663-1,CCOC(=O)c1cccc(NC(=O)CC2N(Cc3ccccn3)C(=O)N(C2=O)c4ccc(F)cc4)c1,0.039564
SJ000550589-1,CCc1ccc(NC(=O)\C=C\c2ccccc2Cl)cc1,0.039424
SJ000550542-1,CCOC(=O)c1cnc2ccc(OC)cc2c1Nc3ccc(cc3)C(=O)C,0.039417
SJ000551694-1,Cc1ccc(cc1)c2nc3cc(C)ccc3[nH]2,0.039159
SJ000550539-1,COc1cc2CCNC(c3cc(OC)c(OC)c(OC)c3)c2cc1OC,0.039109
SJ000551247-1,O=C(N1CCN(Cc2ccccc2)CC1)c3cc4nc(cc(c5ccccc5)n4n3)c6ccccc6,0.039104
SJ000550516-1,CCOC(=O)c1cnc2c(C)cc(C)cc2c1Nc3ccc(CC)cc3,0.038366
SJ000550477-1,CNC(=O)C1=CN(C=C(C(=O)NCC(N2CCCCC2)c3ccccc3)C1=O)C4CCCCC4,0.038245
SJ000551119-1,CCOC(=O)c1c(C)oc2cc(CN(C)C)c(O)cc12,0.038183
SJ000551124-1,CC(C)(C)C(=O)N1CCN(CC1)C(c2ccccc2)c3ccccc3,0.038075
SJ000550532-1,COc1cc2CCNC(c2cc1OC)c3cc(OC)c(OC)cc3OC,0.037928
SJ000550904-1,Clc1ccc(cc1NC(=O)c2cccnc2)c3nc4ccccc4[nH]3,0.037608
SJ000550961-1,COC(=O)C1C(C)CC2=C(C(CC(=O)N2)c3cc(Br)c(O)c(OC)c3)C1=O,0.037562
SJ000550599-1,CC(CN1CCCCC1)NC(=O)c2cc(nc3ccc(Cl)cc23)c4cccnc4,0.036955
SJ000551339-1,CCCCn1nnnc1NCc2ccc(cc2)N3CCCC3,0.036919
SJ000550818-1,N=C1N(CCOc2ccccc2)c3ccccc3N1CCN4CCOCC4,0.036776
SJ000550527-1,COc1cc(OC)cc(c1)C2NCCc3cc(OC)c(OC)cc23,0.036765
SJ000550517-1,CCOC(=O)c1cnc2c(C)cc(C)cc2c1Nc3cccc(Cl)c3C,0.036487
SJ000550534-1,COc1ccc(cc1O)C2NCCc3cc(OC)c(OC)cc23,0.035820
SJ000550917-1,COc1ccc(CC(=O)Nc2ccc(cc2)c3nc4ccccc4[nH]3)cc1,0.035759
SJ000550522-1,CCOC(=O)c1cnc2ccc(OCC)cc2c1Nc3cccc(O)c3,0.035620
SJ000550952-1,COc1cc(ccc1OCc2ccccc2)C3CC(=O)NC4=C3C(=O)CCC4,0.035412
SJ000551221-1,Cc1cc(nc2cc(nn12)C(=O)N3CCN(CC3)C(c4ccccc4)c5ccccc5)c6ccccc6,0.035257
SJ000550596-1,CN1CCC(CC1)NC(=O)c2cc(nc3ccc(C)cc23)c4ccccn4,0.035020
SJ000551224-1,Fc1ccc(Cn2cc(NC(=O)c3cc4NC(CC(n4n3)C(F)(F)F)c5ccccc5)cn2)cc1,0.034762
SJ000550540-1,CCOC(=O)c1cnc2ccccc2c1Nc3cccc(O)c3,0.034621
SJ000550625-1,CC(C)c1ccc(\C=C\C(=O)Nc2cccc(F)c2)cc1,0.034489
SJ000550514-1,CCOC(=O)c1cnc2ccc(cc2c1Nc3ccc(cc3)N(C)C)C(=O)OC,0.034485
SJ000550611-1,CCc1cccc(NC(=O)\C=C\c2ccccc2Cl)c1,0.034413
SJ000551413-1,CC(C)c1ccc(NC(=O)\C=C\c2ccccc2)cc1,0.034363
SJ000551065-1,Cc1ccc(OCC(O)CNC2CCCCC2)cc1,0.034305
SJ000550582-1,O=C(N1CCN(C\C=C\c2ccccc2)CC1)c3cc(nc4ccccc34)c5ccccc5,0.033922
SJ000551171-1,Cc1ccccc1C2(CC2C(=O)Nc3cccc(c3)[N+](=O)[O-])c4ccccc4C,0.033906
SJ000551373-1,Clc1nc(NCC=C)nc(n1)N(c2ccccc2)c3ccccc3,0.033605
SJ000551051-1,CC(C)(C)C(=O)N1CCN(CC1)c2ccc(c(NCc3occc3)c2)[N+](=O)[O-],0.033527
SJ000551696-1,CCOc1ccc(cc1)c2nc3cc(C)ccc3[nH]2,0.033457
SJ000551303-1,Cc1nn(C)c(C(=O)Nc2ccc(cc2Cl)[N+](=O)[O-])c1Br,0.033332
SJ000551230-1,COc1cc(NC(=O)c2cc3NC(CC(n3n2)C(F)(F)F)c4ccc(Br)cc4)cc(OC)c1OC,0.033230
SJ000550510-1,COc1ccc(cc1OC)C2NCCc3cc(OC)c(OC)cc23,0.033203
SJ000551073-1,CCN(CC)CC(O)COc1ccc(CNC2CCCCC2)cc1OC,0.032975
SJ000551361-1,CCOC(=O)c1c(C)oc2cc(Br)c(OC(=O)C3CCCCC3)cc12,0.032815
SJ000550655-1,CCOC(=O)c1ccc(NC(=O)CC2N(CCC(C)C)C(=O)N(C2=O)c3ccc(OC)cc3)cc1,0.032630
SJ000550619-1,CCOc1ccc(cc1OC)C2NCCc3cc(OCC)c(OC)cc23,0.032310
SJ000551144-1,CN1C(=Nc2sc3CCCCc3c2C1=O)SCC(=O)Nc4cc(ccc4Cl)C(F)(F)F,0.032049
SJ000551261-1,CC1(C)CC1C(=O)Nc2ccc(cc2)c3ccc(NC(=O)C4CC4(C)C)cc3,0.031770
SJ000551145-1,Cc1sc2N=C(SCC(=O)Nc3cc(ccc3Cl)C(F)(F)F)N(CC=C)C(=O)c2c1C,0.031371
SJ000551183-1,Cc1ccc(cc1)C2(CC2C(=O)Nc3ccc(cc3)[N+](=O)[O-])c4ccc(C)cc4,0.031345
SJ000550519-1,CCOC(=O)c1cnc2ccc(OC)cc2c1Nc3ccc(OCc4ccccc4Cl)cc3,0.031145
SJ000550593-1,Clc1ccc2nc(cc(C(=O)N3CCN(CCc4ccccc4)CC3)c2c1)c5ccccn5,0.031142
SJ000551116-1,Cc1cccc(c1)n2c(C)nnc2SCC(=O)Nc3cccc(c3)C(F)(F)F,0.031046
SJ000550437-1,CCCCN1CCN(CC1)C(=O)c2cc(nc3ccc(C)cc23)c4cccnc4,0.030859
SJ000550635-1,CCOC(=O)c1ccc(NC(=O)CC2N(Cc3ccc(F)cc3)C(=O)N(C2=O)c4ccc(F)cc4)cc1,0.030752
SJ000550447-1,N=C1N(CCN2CCOCC2)c3ccccc3N1CC(=O)c4ccccc4,0.030575
SJ000550706-1,COc1ccc(Br)cc1CN2CCN(CC3CC4CC3C=C4)CC2,0.030448
SJ000550631-1,CCOC(=O)c1ccc(NC(=O)CC2N(Cc3ccc(OC)cc3)C(=O)N(C2=O)c4ccc(OC)cc4)cc1,0.030391
SJ000551388-1,CCN(CC)C(=O)c1c(C)oc2cc3c(C(=O)N(CC)CC)c(C)oc3cc12,0.030236
SJ000551695-1,COc1ccc(cc1)c2nc3cc(N)ccc3[nH]2,0.030177
SJ000551239-1,CN(Cc1ccc(OCC2CCCN(C2)C(=O)c3cc4nc(C)cc(C)n4n3)cc1)Cc5cccc6ccccc56,0.030140
SJ000550431-1,Brc1ccc(cc1)c2cc(C(=O)N3CCC(Cc4ccccc4)CC3)c5ccccc5n2,0.030123
SJ000550991-1,COc1cc(OC)c(OC)cc1CNc2nnnn2CC=C,0.029670
SJ000550524-1,CCOc1ccc(cc1OC)C2NCCc3cc(OC)c(OC)cc23,0.029521
SJ000551270-1,FC(F)(F)C1CC(Nc2c(Cl)c(nn12)C(=O)N3CCN(CC3)c4ccccc4)c5ccc(Cl)cc5,0.029253
SJ000551226-1,FC(F)(F)C1CC(Nc2cc(nn12)C(=O)NCCc3ccccc3)c4ccc(Cl)c(Cl)c4,0.029251
SJ000550580-1,Cc1cccc(c1)c2cc(C(=O)N3CCC(Cc4ccccc4)CC3)c5ccccc5n2,0.029162
SJ000550563-1,CCOC(=O)c1cnc2ccccc2c1Nc3ccc4OCCOc4c3,0.029152
SJ000550919-1,Cc1ccc(cc1NC(=O)Cc2ccccc2)c3nc4ccccc4[nH]3,0.029142
SJ000550909-1,Clc1ccc(NC(=O)c2cccnc2)cc1c3nc4ccccc4[nH]3,0.028961
SJ000551014-1,COc1ccc(cc1)S(=O)(=O)N2CCC(CO)(Cc3ccccc3C(F)(F)F)CC2,0.028877
SJ000550908-1,COc1cc(OC)cc(c1)C(=O)Nc2ccc(cc2)c3nc4cc(C)ccc4[nH]3,0.028759
SJ000550797-1,OC(CNCCc1ccccc1)COc2ccccc2Cl,0.028631
SJ000551296-1,Cc1cc(C)c(C)c(Oc2cc(NC(=O)c3c(I)cnn3C)cc(c2)[N+](=O)[O-])c1,0.028506
SJ000550610-1,CC(C)c1ccc(\C=C\C(=O)Nc2ccc(F)cc2)cc1,0.028356
SJ000550789-1,Oc1ccc(Br)cc1\C=C\c2nc(O)c3ccccc3n2,0.028301
SJ000550906-1,Brc1ccc(CC(=O)Nc2cccc(c2)c3nc4ccccc4[nH]3)cc1,0.028282
SJ000551182-1,Cc1cccc(c1)C2(CC2C(=O)N\N=C\c3ccc(cc3)[N+](=O)[O-])c4cccc(C)c4,0.028241
SJ000550742-1,COc1ccc(Br)cc1CN2CCN(CC2)C3CCCC(C)C3,0.028220
SJ000550416-1,Cc1cccc2c(cc(nc12)c3cccnc3)C(=O)N4CCN(Cc5ccccc5)CC4,0.028094
SJ000550748-1,CCCCN1\C(=N\c2ccc(O)cc2)\S\C(=C\3/Sc4ccccc4N3C)\C1=O,0.027962
SJ000550545-1,CCOC(=O)c1cnc2ccc(Cl)cc2c1Nc3ccc(OC)cc3,0.027694
SJ000551364-1,Nc1nc(nc(n1)N2CCCCC2)N(c3ccccc3)c4ccccc4,0.027508
SJ000551305-1,Cc1cc(C)cc(Oc2cc(NC(=O)c3c(I)cnn3C)cc(c2)[N+](=O)[O-])c1,0.027422
SJ000550916-1,Cc1c(NC(=O)c2ccc(cc2)c3ccccc3)cccc1c4nc5ccccc5[nH]4,0.027385
SJ000550570-1,CCOC(=O)c1cnc2c(C)c(C)ccc2c1Nc3ccc(O)cc3,0.027345
SJ000550745-1,COc1ccc2S\C(=C\3/S\C(=N/c4ccc(O)cc4)\N(C3=O)c5ccccc5)\N(C)c2c1,0.026800
SJ000550436-1,Clc1ccc2nc(cc(C(=O)N3CCC(Cc4ccccc4)CC3)c2c1)c5ccccc5,0.026307
SJ000550547-1,CCC(NC(=O)c1ccc2C(=O)N3CCCCCC3=Nc2c1)c4ccc(C)cc4,0.026199
SJ000550915-1,COc1ccc(CC(=O)Nc2cccc(c2)c3nc4ccccc4[nH]3)cc1,0.026164
SJ000550480-1,COc1ccc(CCNC(=O)C2=CN(C=C(C(=O)NC(C)(C)C)C2=O)C3CCCCC3)cc1,0.026158
SJ000551023-1,Cc1cc(C)nc(Nc2ncc(O)n2c3cccc(c3)C(F)(F)F)n1,0.025982
SJ000551142-1,Cc1sc2N=C(SCC(=O)Nc3cccc(c3)C(F)(F)F)N(CC=C)C(=O)c2c1C,0.025922
SJ000551634-1,COc1cccc(c1)C2C(=C(C)NC3=C2C(=O)CC(C3)c4ccccc4)C(=O)Nc5ccc(F)cc5,0.025723
SJ000550677-1,CC(=O)c1cccc(NC(=O)c2c(I)cnn2C)c1,0.025701
SJ000550536-1,COc1ccc(OC)c(c1)C2NCCc3cc(OC)c(OC)cc23,0.025591
SJ000337426-2,CCCn1nnnc1NCc2ccc(Cl)cc2Cl,0.025575
SJ000550918-1,Cc1cccc(OCC(=O)Nc2ccc(cc2)c3nc4ccccc4[nH]3)c1,0.025196
SJ000551693-1,Cc1ccc2[nH]c(nc2c1)c3ccc(Br)cc3,0.025037
SJ000550969-1,CCCn1nnnc1NCc2ccc(OCc3ccc(Cl)cc3Cl)cc2,0.024971
SJ000550976-1,OCC1(Cc2cccc(c2)C(F)(F)F)CCN(CC1)S(=O)(=O)c3cccc(c3)C(F)(F)F,0.024928
SJ000551139-1,CC1CCc2c(C1)scc2c3nnc(SCC(=O)Nc4cc(ccc4Cl)C(F)(F)F)n3C,0.024874
SJ000550403-1,Cc1ccc2nc(cc(C(=O)N3CCN(Cc4ccccc4)CC3)c2c1)c5ccncc5,0.024669
SJ000551425-1,Cc1cc(NCc2ccccc2)nc(n1)N3CCOCC3,0.024345
SJ000550737-1,Brc1ccccc1CN2CCN(CC2)C3CC4CCC3C4,0.024223
SJ000550417-1,Cc1cccc2c(cc(nc12)c3cccnc3)C(=O)NCCN4CCOCC4,0.024178
SJ000551049-1,CC(C)(C)C(=O)N1CCN(CC1)c2ccc(c(c2)N3CCOCC3)[N+](=O)[O-],0.024097
SJ000550740-1,COc1ccc(Br)cc1CN2CCN(CC2)C3CCCC3,0.024037
SJ000550508-1,CN(CCOc1ccc(C)cc1)C(=O)C2=CN(C=C(C(=O)NC(C)(C)C)C2=O)C3CCCCC3,0.023965
SJ000551345-1,Cc1ccc(NC(=O)c2c(Br)cnn2C)c(c1)[N+](=O)[O-],0.023932
SJ000551146-1,Cc1cc(OCC(O)CNC2CCCC2)ccc1Cl,0.023927
SJ000550433-1,O=C(Nc1ccc(cc1)N2CCOCC2)c3cc(nc4ccccc34)c5cccnc5,0.023865
SJ000551408-1,CNc1nc(nc(n1)N2CCOCC2)N(c3ccccc3)c4ccccc4,0.023759
SJ000550970-1,CCCCn1nnnc1NCc2ccccc2,0.023755
SJ000550502-1,CCN(CC)C(=O)C1=CN(C=C(C(=O)NC2CCN(Cc3ccccc3)CC2)C1=O)C4CCCC4,0.023597
SJ000550581-1,Cc1c(nc2ccccc2c1C(=O)N3CCN(Cc4ccccc4)CC3)c5ccccc5,0.023567
SJ000551074-1,CCCCN(CCCC)CC(O)COc1ccccc1[N+](=O)[O-],0.023501
SJ000551213-1,CCCCc1ccc(cc1)N2C(Nc3ccccc3C2=O)c4ccccc4Cl,0.023375
SJ000550601-1,Fc1ccc(CN2CCN(CC2)C(=O)c3cc(nc4ccc(Cl)cc34)c5cccnc5)c(Cl)c1,0.023006
SJ000550902-1,O=C(Nc1ccccc1c2nc3ccccc3[nH]2)c4ccncc4,0.022993
SJ000551026-1,Cc1cc(C)nc(n1)n2ncc(C#N)c2NC(=O)c3ccc(cc3)c4ccccc4,0.022974
SJ000550413-1,Clc1ccc2nc(cc(C(=O)NCCN3CCOCC3)c2c1)c4cccnc4,0.022861
SJ000550744-1,CN1\C(=C/2\S\C(=N/c3ccc4sc(C)nc4c3)\N(Cc5ccccc5)C2=O)\Sc6ccccc16,0.022837
SJ000550424-1,CCN1CCN(CC1)C(=O)c2cc(nc3ccc(Br)cc23)c4cccnc4,0.022781
SJ000551762-1,CCOC(=O)C1=C(C)N=C2SC(=Cc3c(OC)ccc4ccccc34)C(=O)N2C1c5ccc6OCOc6c5,0.022773
SJ000550499-1,COC(=O)[C@@H](NC(=O)C1=CN(C=C(C(=O)NC(C)(C)C)C1=O)C2CCCCC2)c3ccccc3,0.022599
SJ000550739-1,COc1ccc(CN2CCN(CC3CC4CC3C=C4)CC2)c(OC)c1OC,0.022591
SJ000550591-1,Cc1c(Cl)ccc2c(cc(nc12)c3ccncc3)C(=O)NCCN4CCOCC4,0.022499
SJ000550735-1,C(N1CCN(CC1)C2CC3CCC2C3)c4ccncc4,0.022415
SJ000550978-1,OCC1(Cc2cccc(c2)C(F)(F)F)CCN(CC1)S(=O)(=O)\C=C\c3ccccc3,0.022393
SJ000550907-1,Cc1ccc(cc1NC(=O)CCc2ccccc2)c3nc4ccccc4[nH]3,0.022305
SJ000551118-1,CCn1c(SCC(=O)Nc2cc(ccc2Cl)C(F)(F)F)nnc1c3ccccc3Cl,0.022256
SJ000550932-1,Cc1cc(C)nc(n1)n2ncc(C#N)c2NC(=O)c3ccc(Cl)cc3Cl,0.022153
SJ000551367-1,Nc1ncnc(N2CCOCC2)c1N,0.022145
SJ000551102-1,Cc1ccc(cc1C)n2c(SCC(=O)Nc3cc(ccc3Cl)C(F)(F)F)nnc2c4ccncc4,0.022031
SJ000551297-1,Cc1c(Br)c(nn1C)C(=O)Nc2ccc(cc2Cl)[N+](=O)[O-],0.021998
SJ000551140-1,CCN(CC)C(=O)c1sc2N=C(SCC(=O)Nc3cccc(c3)C(F)(F)F)N(C(=O)c2c1C)c4ccccc4,0.021973
SJ000551384-1,CCn1c(SCC(=O)Nc2cc(ccc2Cl)C(F)(F)F)nnc1c3ccc(OC)cc3,0.021713
SJ000551130-1,CC(C)(C)C(=O)N1CCN(CC1)c2ccc(Cl)c(Cl)c2,0.021479
SJ000551403-1,C1CN(CCO1)c2nc(Nc3ccccc3)nc(Nc4ccccc4)n2,0.021434
SJ000551043-1,CC(C)(C)C(=O)Nc1ccc(cc1)N2CCN(CC2)C(=O)C(C)(C)C,0.021260
SJ000550565-1,CCOC(=O)c1cnc2c(Cl)cccc2c1Nc3cccc(OC)c3,0.021102
SJ000550439-1,Cc1ccc(CN2CCN(CC2)C(=O)c3cc(nc4ccc(Br)cc34)c5ccccc5)cc1,0.020977
SJ000550642-1,Fc1cccc(NC(=O)CC2N(CCc3ccccc3F)C(=O)N(C2=O)c4cccc(F)c4)c1,0.020886
SJ000551168-1,COc1cccc(c1)C2(CC2C(=O)Nc3cccc(c3)[N+](=O)[O-])c4cccc(OC)c4,0.020884
SJ000550476-1,CC(C)(C)NC(=O)C1=CN(C=C(C(=O)N2CCN(Cc3cccc(F)c3)CC2)C1=O)C4CCCCC4,0.020800
SJ000551340-1,Cn1ncc(I)c1C(=O)Nc2cc(Oc3ccc(Cl)cc3)cc(c2)[N+](=O)[O-],0.020722
SJ000550434-1,CN1CCN(CC1)C(=O)c2cc(nc3ccccc23)c4ccccn4,0.020707
SJ000550921-1,COc1cc(cc(OC)c1OC)c2onc(n2)c3nonc3N,0.020634
SJ000550562-1,CCOC(=O)c1cnc2c(Cl)cccc2c1Nc3cccc(c3)C(=O)OC,0.020603
SJ000550942-1,CCOc1ccc(cc1)c2nonc2NC(=O)c3ccccc3,0.020228
SJ000550408-1,CCN1CCN(CC1)C(=O)c2cc(nc3ccc(Cl)cc23)c4ccncc4,0.020216
SJ000551341-1,Cc1cccc(Oc2cc(NC(=O)c3c(I)cnn3C)cc(c2)[N+](=O)[O-])c1,0.020187
SJ000550990-1,CCOc1c(CNc2nnnn2CC=C)cccc1OC,0.019998
SJ000551371-1,CCOC(=O)c1cnc2c(C)cc(Cl)cc2c1Nc3cccc(c3)C(=O)C,0.019740
SJ000550979-1,CCCn1nnnc1NCc2ccc(OCc3cccs3)c(OC)c2,0.019657
SJ000550791-1,COc1cccc(\C=C\c2nc(O)c3ccccc3n2)c1O,0.019648
SJ000550577-1,O=C(N1CCN(Cc2ccccc2)CC1)c3cc(nc4ccccc34)c5ccccc5,0.019599
SJ000551025-1,Cc1cccc(c1)C(=O)Nc2c(cnn2c3nc(C)cc(C)n3)C#N,0.019536
SJ000551166-1,[O-][N+](=O)c1ccc(NC(=O)C2CC2(c3ccc(Cl)cc3)c4ccc(Cl)cc4)cc1,0.019512
SJ000550405-1,Clc1ccc2nc(cc(C(=O)N3CCN(Cc4ccccc4)CC3)c2c1)c5ccncc5,0.019425
SJ000551070-1,COc1cccc(OCC(O)CNC2CCCC2)c1,0.019375
SJ000550986-1,CCOc1cc(CNc2nnnn2C)ccc1OCc3ccccc3,0.019303
SJ000550579-1,Cc1cccc(c1)c2cc(C(=O)N3CCN(Cc4ccccc4)CC3)c5ccccc5n2,0.019217
SJ000550708-1,Clc1ccc(CN2CCN(CC2)C3CC4CCC3C4)cc1,0.019207
SJ000551358-1,CCOC(=O)c1c(C)oc2cc(Br)c(OC(=O)c3ccc(OC)c(OC)c3)cc12,0.018870
SJ000550518-1,CN(C)c1nc(C)nc(N)n1,0.018529
SJ000550552-1,O=C(Nc1ccc2CCCc2c1)c3ccc4C(=O)N5CCCCCC5=Nc4c3,0.018461
SJ000550705-1,COc1ccc(Br)cc1CN2CCN(CC2)C3CCCCC3,0.018418
SJ000551132-1,CC(=O)c1cc(CN2CCC(CC2)n3nccc3NC(=O)CCCc4ccccc4)cs1,0.018413
SJ000551003-1,Cc1ccc(cc1)C(=O)Nc2c(cnn2c3nc(C)cc(C)n3)C#N,0.018352
SJ000550624-1,CC(C)c1ccc(NC(=O)\C=C\c2ccc(cc2)C(C)C)cc1,0.018246
SJ000551015-1,Cc1n[nH]c(C)c1S(=O)(=O)N2CCC(CO)(Cc3ccccc3C(F)(F)F)CC2,0.018099
SJ000551184-1,[O-][N+](=O)c1ccc(\C=N\NC(=O)C2CC2(c3ccccc3)c4ccccc4)cc1,0.017966
SJ000550974-1,OCC1(Cc2ccccc2Cl)CCN(CC1)S(=O)(=O)c3ccccc3C(F)(F)F,0.017839
SJ000551037-1,CC(C)CN1C=C(C(=O)NCCN2CCC(CC2)c3ccccc3)C(=O)C(=C1)C(=O)N4CCCCC4,0.017761
SJ000550557-1,CCOC(=O)c1cnc2ccc(C)cc2c1Nc3ccc4OCCOc4c3,0.017744
SJ000551152-1,Clc1ccc(cc1)C2NC(=O)Cc3ccccc23,0.017728
SJ000553605-1,CCc1ccc(cc1)C(=O)N2CCCC(C2)c3cccc(c3)C(=O)N4CCN(CC4)c5ccccc5F,0.017727
SJ000550548-1,O=C(NC1C2CC3CC(CC1C3)C2)c4ccc5C(=O)N6CCCCCC6=Nc5c4,0.017688
SJ000551020-1,Cc1cc(C)nc(n1)n2nc(C)c(C#N)c2NC(=O)CCc3ccccc3,0.017164
SJ000550442-1,CCOc1ccc(cc1)c2cc(C(=O)N3CCN(Cc4ccccc4)CC3)c5cc(C)ccc5n2,0.017154
SJ000551083-1,OC(CNCc1ccc(cc1)C(=O)O)c2ccccc2,0.017154
SJ000550839-1,COc1ccc(Br)cc1\C=C\c2nc(O)c3ccccc3n2,0.017120
SJ000550972-1,CCOc1cc(CNc2nnnn2C)cc(Br)c1OCc3ccccc3Cl,0.017089
SJ000551110-1,CC(=O)Nc1ccc(NC(=O)CSc2nccn2Cc3ccccc3)cc1,0.017089
SJ000551016-1,Cc1cc(c(C)cc1Cl)S(=O)(=O)N2CCC(CO)(Cc3cccc(c3)C(F)(F)F)CC2,0.017088
SJ000551028-1,CC(C)c1ccc(CNc2cc(ccc2[N+](=O)[O-])N3CCN(CC3)C(=O)c4ccc(Cl)cc4)cc1,0.017083
SJ000551005-1,Cc1cc(C)nc(n1)n2ncc(C#N)c2NC(=O)c3ccccc3,0.017059
SJ000550649-1,COc1ccc(cc1)N2C(=O)C(CC(=O)Nc3ccc(F)cc3)N(CCC(C)C)C2=O,0.016953
SJ000550423-1,COc1ccccc1c2cc(C(=O)N3CCC(Cc4ccccc4)CC3)c5ccccc5n2,0.016800
SJ000551121-1,Cn1ccnc1SCC(=O)Nc2ccc(Br)cc2C(F)(F)F,0.016774
SJ000550555-1,O=C(NCCCN1CCOCC1)c2ccc3C(=O)N4CCCCCC4=Nc3c2,0.016742
SJ000329214-2,Brc1ccc(cc1)C(=O)Nc2nonc2c3ccccc3,0.016623
SJ000550985-1,COc1cc(CNc2nnnn2C)ccc1OCc3cccc(Cl)c3,0.016588
SJ000550710-1,Clc1cccc(c1)N2CCN(CC2)C3CC4CCC3C4,0.016463
SJ000550998-1,Cc1cc(NC(=O)c2ccc(Cl)cc2)n(n1)c3nc4ccccc4[nH]3,0.015973
SJ000551092-1,CN(C)CCCNCC(O)COc1ccccc1,0.015952
SJ000550971-1,CCCn1nnnc1NCc2cc(Br)c(OCc3ccccc3)c(OC)c2,0.015926
SJ000327716-2,CN(C)c1ccc(NC(=O)\C=C\c2ccccc2Cl)cc1,0.015870
SJ000550482-1,CC(C)(C)NC(=O)C1=CN(C=C(C(=O)N2CCN(Cc3ccncc3)CC2)C1=O)C4CCCCC4,0.015832
SJ000550984-1,COc1cc(CNc2nnnn2C)cc(Cl)c1OCc3ccc(C)cc3,0.015731
SJ000551362-1,CCOC(=O)C(Oc1ccc2oc(C)c(C(=O)OCC)c2c1)c3ccccc3,0.015683
SJ000551077-1,CC(CNCc1ccc(cc1)C(=O)O)c2ccccc2,0.015629
SJ000551085-1,COc1ccccc1OCC(O)CNC2CCCC2,0.015593
SJ000550771-1,OCCC1CN(CCN1Cc2ccc(F)c(F)c2)C3Cc4ccccc4C3,0.015490
SJ000550714-1,Clc1ccccc1N2CCN(CC3CC4CC3C=C4)CC2,0.015303
SJ000551180-1,[O-][N+](=O)c1ccc(NC(=O)C2CC2(c3ccccc3)c4ccccc4)c(Br)c1,0.015288
SJ000551175-1,COc1c(O)ccc(\C=N\NC(=O)C2CC2(c3ccccc3)c4ccccc4)c1[N+](=O)[O-],0.015266
SJ000551294-1,CCOC(=O)c1ccc(NC(=O)c2c(I)cnn2C)cc1,0.015104
SJ000550444-1,Cc1ccc2nc(cc(C(=O)NCCN3CCOCC3)c2c1)c4ccncc4,0.015075
SJ000551204-1,COCCOC(=O)c1c(C)oc2ccc(OCc3c(F)c(F)c(F)c(F)c3F)cc12,0.015070
SJ000551151-1,O=C1Cc2ccccc2C(N1)c3ccccc3,0.015063
SJ000550788-1,CCN1C(=Nc2ccccc2C1=O)\C=C\c3ccc(OC)c(OC)c3,0.014888
SJ000550927-1,Cc1cc(C)nc(n1)n2nc(C)c(Cc3ccccc3C)c2O,0.014704
SJ000550608-1,CCCN1C(Nc2ccccc2C1=O)c3ccc(Cl)cc3,0.014668
SJ000551095-1,Cc1cccc(OCCn2c(SCC(=O)Nc3ccccc3)nc4cc(ccc24)C(F)(F)F)c1,0.014551
SJ000550541-1,CCOC(=O)c1cnc2c(OC)cccc2c1Nc3ccc(cc3)C(=O)O,0.014545
SJ000550823-1,O=C1OC(=Nc2ccccc12)\C=C\c3ccc(cc3)C#N,0.014515
SJ000550983-1,COc1cc(CNc2nnnn2C)ccc1OCc3ccc(Cl)cc3,0.014428
SJ000551399-1,Cc1cc(nc(n1)c2ccccc2O)N3CCOCC3,0.014419
SJ000551021-1,COC(=O)\C=C/1\N=C(Nc2nc(C)cc(C)n2)N(C1=O)c3cccc(c3)C(F)(F)F,0.014399
SJ000550716-1,Clc1cccc(c1)N2CCN(CC3CC4CC3C=C4)CC2,0.014301
SJ000550603-1,Clc1ccc2nc(cc(C(=O)NCCN3CCOCC3)c2c1)c4cccc(Br)c4,0.014039
SJ000551416-1,CCNc1nc(nc(n1)N2CCOCC2)N(CC)C#N,0.013939
SJ000551219-1,CCOC(=O)c1c(C)oc2ccc(OCC=C(C)C)cc12,0.013766
SJ000551150-1,Cc1ccc(cc1)C2NC(=O)Cc3ccccc23,0.013752
SJ000551158-1,CCN(CC)CC1=Nc2ccccc2C(=O)N1c3ccc(F)cc3,0.013657
SJ000551350-1,Cc1sc(NC(=O)c2nn(C)cc2I)c(C#N)c1C,0.013623
SJ000551418-1,Cc1cc(nc(n1)N(CCO)CCO)N2CCCCC2,0.013533
SJ000551000-1,Cc1cc(C)nc(n1)n2nc(C)c(C#N)c2NC(=O)c3ccccc3,0.013483
SJ000551177-1,COc1cc(OC)c(cc1\C=N\NC(=O)C2CC2(c3ccccc3)c4ccccc4)[N+](=O)[O-],0.013482
SJ000551012-1,COc1ccc(C)cc1S(=O)(=O)N2CCC(CO)(Cc3cccc(c3)C(F)(F)F)CC2,0.013467
SJ000551011-1,Cc1cc(O)nc(n1)n2nc(C)c(Oc3ccccc3O)c2C,0.013408
SJ000550905-1,Cc1ccc2[nH]c(nc2c1)c3ccc(NC(=O)c4ccc(C)c(C)c4)cc3,0.013313
SJ000551147-1,CC(=O)Nc1ccc(NC(=O)CSc2nccn2C)cc1C,0.013251
SJ000551096-1,CCc1ccc(NC(=O)CSc2nccn2Cc3ccccc3)cc1,0.013211
SJ000550620-1,Cc1ccc(NC(=O)\C=C\c2ccccc2Cl)cc1,0.013131
SJ000550501-1,CCN(CC)C1CCN(C1)C(=O)C2=CN(C=C(C(=O)NC(C)(C)C)C2=O)C3CCCCC3,0.013112
SJ000550741-1,Clc1cccc(CN2CCN(CC3CC4CC3C=C4)CC2)c1,0.013060
SJ000551636-1,Clc1ccc2N(Cc3ccccc3)C(=O)N(Cc4ccccc4)c2c1,0.012995
SJ000550975-1,COc1ccc(CC2(CO)CCN(CC2)S(=O)(=O)c3cccc(c3)C(F)(F)F)cc1,0.012919
SJ000550993-1,CCOc1cccc(CNc2nnnn2C)c1OCc3ccccc3,0.012759
SJ000551002-1,Cc1cc(C)nc(n1)n2ncc(C#N)c2NC(=O)c3cccc(Cl)c3,0.012729
SJ000550967-1,COc1cc(CNc2nnnn2C)ccc1OCc3c(Cl)cccc3Cl,0.012698
SJ000551750-1,O=C1CC(Sc2nc3ccccc3n12)c4cccc5ccccc45,0.012663
SJ000551404-1,CN(c1ccccc1)c2nc(nc(n2)N3CCOCC3)C#N,0.012610
SJ000551114-1,COc1cc(NC(=O)CSc2nccn2C)cc(OC)c1OC,0.012589
SJ000550568-1,Cc1c(Cl)ccc2c(Nc3cccc(O)c3)c(cnc12)C(=O)O,0.012582
SJ000550549-1,FC(F)(F)c1ccc(NC(=O)c2ccc3C(=O)N4CCCCCC4=Nc3c2)cc1,0.012570
SJ000550931-1,COc1ccc(cc1)C(=O)Nc2cc(C)nn2c3nc4ccccc4[nH]3,0.012570
SJ000327715-2,CCc1ccccc1NC(=O)\C=C\c2ccccc2Cl,0.012375
SJ000550707-1,Brc1ccc(CN2CCN(CC3CC4CC3C=C4)CC2)cc1,0.012345
SJ000551386-1,COc1c(Br)cc2oc(C)c(C(=O)OCCN(C)C)c2c1Br,0.012288
SJ000551401-1,CN(C)c1nc(nc(n1)N2CCOCC2)N(CCOc3ccccc3C)C#N,0.012254
SJ000550622-1,CN(C)c1nc(nc(n1)N2CCOCC2)N(CCOc3ccc(C)cc3)C#N,0.012207
SJ000550832-1,COc1cc2N=C(OC(=O)c2cc1OC)\C=C\c3ccccc3OC,0.012170
SJ000551094-1,Clc1ccc(NC(=O)CSc2nccn2Cc3ccccc3)cc1,0.012033
SJ000551382-1,CCOC(=O)c1c(C)oc2cc(Br)c(OC(=O)C)c(OC(=O)C)c12,0.012022
SJ000550940-1,CCOc1ccc(cc1)c2nonc2NC(=O)c3occc3,0.011998
SJ000551098-1,FC(F)(F)c1cccc(NC(=O)CSc2nnc(c3cccc(Br)c3)n2CC=C)c1,0.011995
SJ000551032-1,CC(C)(C)c1ccc(cc1)C(=O)N2CCN(CC2)c3ccc(c(NCCc4ccccc4)c3)[N+](=O)[O-],0.011958
SJ000550504-1,OC(CNC1CCCCC1)COc2ccccc2,0.011927
SJ000551060-1,CCCCNCC(O)COc1ccc(Cl)c(C)c1,0.011893
SJ000551004-1,Cc1cc(C)nc(n1)n2nc(cc2O)c3ccc(F)cc3,0.011758
SJ000551700-1,CCOC(=O)c1c(C)oc2ccc(O)cc12,0.011738
SJ000551149-1,Clc1cccc(c1)C2NC(=O)Cc3ccccc23,0.011674
SJ000550702-1,O=C(CC1Sc2ccccc2NC1=O)Nc3ccccc3NC(=O)CC4Sc5ccccc5NC4=O,0.011665
SJ000550719-1,Fc1ccccc1N2CCN(CC3CC4CC3C=C4)CC2,0.011662
SJ000550455-1,CC(C)CN1C=C(C(=O)NC2CCN(Cc3ccccc3)CC2)C(=O)C(=C1)C(=O)N4CCCCC4,0.011637
SJ000551245-1,O=C(NCCCN1CCOCC1)c2cc3nc(cc(c4ccccc4)n3n2)c5ccccc5,0.011613
SJ000550717-1,Cc1cccc(N2CCN(CC3CC4CC3C=C4)CC2)c1C,0.011594
SJ000550515-1,CCOC(=O)c1ccc2ncc(C(=O)OCC)c(Nc3ccccc3OC)c2c1,0.011562
SJ000550621-1,CCOC(=O)c1ccc(NC(=O)\C=C\c2ccccc2Cl)cc1,0.011489
SJ000551304-1,Cc1c(Br)c(nn1C)C(=O)Nc2cc(ccc2F)[N+](=O)[O-],0.011443
SJ000550584-1,COc1ccc(cc1)c2nc3ccccc3c(C(=O)NCCN4CCOCC4)c2C,0.011362
SJ000338440-2,COc1ccc(Br)cc1CNc2nnnn2CC=C,0.011302
SJ000550578-1,COc1ccc(c(OC)c1)c2cc(C(=O)NCCN3CCOCC3)c4ccccc4n2,0.011266
SJ000550775-1,Cc1ccc(cc1)n2nnc(c2N)c3nc4ccccc4s3,0.011204
SJ000551372-1,CN(C)c1nc(N)nc(n1)c2cccnc2,0.011169
SJ000551200-1,CCOC(=O)c1c(C)oc2ccc(OC(=O)c3ccc(C)cc3)cc12,0.011145
SJ000550994-1,Cc1cc(C)nc(n1)n2nc(C)c(Cc3ccccc3Cl)c2O,0.011128
SJ000551740-1,O=C1N(Cc2occc2)C(=Nc3ccccc13)SCc4cn5ccccc5n4,0.011107
SJ000550551-1,O=C(Nc1ccc2OCCOc2c1)c3ccc4C(=O)N5CCCCCC5=Nc4c3,0.011077
SJ000551352-1,CN(C)c1nc(N)nc(Cn2nc(cc2C)[N+](=O)[O-])n1,0.010802
SJ000550720-1,COc1ccccc1N2CCN(CC3CC4CC3C=C4)CC2,0.010789
SJ000551243-1,ClCCc1cnc2cc(nn2c1)C(=O)N3CCCCCC3,0.010774
SJ000550730-1,Fc1ccccc1CN2CCN(CC3CC4CC3C=C4)CC2,0.010729
SJ000550641-1,COC(=O)c1ccc(NC(=O)CC2N(CC(C)C)C(=O)N(C2=O)c3ccc(C)cc3)cc1,0.010697
SJ000551410-1,CCN(CC)c1nc(nc(n1)N2CCOCC2)N(CC)C#N,0.010680
SJ000551055-1,CC(Nc1cc(ccc1[N+](=O)[O-])N2CCN(CC2)C(=O)c3cccc(C)c3)c4ccccc4,0.010266
SJ000551101-1,Cn1ccnc1SCC(=O)Nc2ccc(cc2)C(F)(F)F,0.010217
SJ000313563-2,CC(=O)c1ccc(NC(=O)\C=C\c2ccccc2Cl)cc1,0.010159
SJ000550567-1,CCOC(=O)c1cnc2c(OC)cccc2c1Nc3ccccc3C(=O)O,0.010155
SJ000551030-1,CNc1cc(ccc1[N+](=O)[O-])N2CCN(CC2)C(=O)c3ccc(cc3)C(C)(C)C,0.010109
SJ000551217-1,COc1ccc(cc1)N2C(Nc3ccccc3C2=O)c4ccc(C)cc4,0.010023
SJ000551160-1,CCc1ccc(cc1)C2Nc3ccccc3C(=O)N2c4ccc(OC)cc4,0.009933
SJ000550965-1,COc1cc(OC)c(OC)cc1CNc2nnnn2C,0.009923
SJ000551176-1,COc1cc(\C=N\NC(=O)C2CC2(c3ccccc3)c4ccccc4)cc(c1O)[N+](=O)[O-],0.009700
SJ000551053-1,CC(Nc1cc(ccc1[N+](=O)[O-])N2CCN(CC2)C(=O)c3ccccc3)c4ccccc4,0.009676
SJ000551044-1,CC(C)(C)C(=O)N1CCN(CC1)c2ccc(N)cc2Cl,0.009673
SJ000551048-1,CC(C)(C)C(=O)N1CCN(CC1)c2cccc(Cl)c2,0.009669
SJ000550973-1,COc1cc(CNn2nnnc2N)ccc1OCc3c(Cl)cccc3Cl,0.009616
SJ000551287-1,Cn1ncc(Br)c1C(=O)N\N=C\c2ccc(Cl)c(c2)[N+](=O)[O-],0.009554
SJ000551308-1,Oc1ccc(\C=N\NC(=O)c2[nH]ncc2I)cc1[N+](=O)[O-],0.009483
SJ000551193-1,CCOC(=O)c1c(C)oc2ccc(OC(=O)c3ccccc3C)cc12,0.009483
SJ000551154-1,CN(C)c1ccc(cc1)c2nc(O)c3ccccc3n2,0.009468
SJ000551164-1,Clc1ccc(C2Nc3ccccc3C(=O)N2Cc4ccccc4)c(Cl)c1,0.009454
SJ000551128-1,Cc1ccc(Cl)cc1N2CCN(CC2)C(=O)C(C)(C)C,0.009371
SJ000550630-1,CCOC(=O)c1ccc(NC(=O)CC2N(CC=C)C(=O)N(C2=O)c3ccc(Cl)cc3)cc1,0.009342
SJ000550992-1,COc1c(Cl)cc(Cl)cc1CNc2nnnn2C,0.009294
SJ000551024-1,Cc1cc(C)nc(n1)n2ncc(C#N)c2NC(=O)c3ccc(F)cc3,0.009268
SJ000550941-1,CCOc1ccc(cc1)c2nonc2NC(=O)COc3ccccc3,0.009201
SJ000550654-1,CCOC(=O)c1ccc(NC(=O)CC2N(CCOC)C(=O)N(C2=O)c3ccc(F)cc3)cc1,0.009185
SJ000550612-1,CN(C)c1ccc(NC(=O)\C=C\c2cccc(Cl)c2)cc1,0.009176
SJ000551396-1,Cc1cc(nc(n1)c2ccc(Br)cc2)N3CCOCC3,0.009163
SJ000551127-1,CC(C)(C)C(=O)N1CCC(CC1)C(=O)N2CCN(CC2)c3ccccc3,0.009145
SJ000550987-1,COc1cccc(CNc2nnnn2C)c1OCc3ccc(C)cc3,0.009107
SJ000550721-1,Fc1ccc(cc1)N2CCN(CC3CC4CC3C=C4)CC2,0.009016
SJ000550491-1,CCN(CC)C(=O)C1=CN(C=C(C(=O)NC2CCN(Cc3ccccc3)C2)C1=O)C4CCCC4,0.008902
SJ000551394-1,Brc1ccc(cc1)c2nc(cc(n2)N3CCOCC3)N4CCOCC4,0.008840
SJ000551117-1,CC(C)c1ccc(OCc2nnc(SCC(=O)Nc3cc(ccc3Cl)C(F)(F)F)n2C)cc1,0.008830
SJ000550454-1,CCNC(=O)C1=CN(Cc2ccccc2)C=C(C(=O)NC3CCN(Cc4ccccc4)C3)C1=O,0.008830
SJ000551385-1,CCOC(=O)c1c(C)oc2c(F)c(F)c(F)c(F)c12,0.008797
SJ000550511-1,COc1cc(Nc2ccnc3cc(Cl)ccc23)c(cc1OC)C(=O)O,0.008794
SJ000551378-1,COC(=O)c1c(C)oc2ccc(OC(=O)c3c(C)oc4ccc(OC(=O)C)cc34)cc12,0.008761
SJ000551112-1,CCn1c(CSCc2ccc(F)cc2)nnc1SCC(=O)Nc3cc(ccc3Cl)C(F)(F)F,0.008740
SJ000550606-1,Clc1ccccc1c2cc(C(=O)NCCN3CCOCC3)c4ccccc4n2,0.008505
SJ000550553-1,Fc1ccc(NC(=O)c2ccc3C(=O)N4CCCCCC4=Nc3c2)cc1F,0.008501
SJ000551256-1,CC(NC(=O)C1CC1c2ccccc2)c3ccccc3,0.008487
SJ000551129-1,COc1ccc(cc1)N2CCN(CC2)C(=O)C(C)(C)C,0.008469
SJ000550429-1,CCc1ccc(cc1)c2cc(C(=O)N3CCN(CC3)c4ccccc4)c5ccccc5n2,0.008463
SJ000551283-1,O=C(Nc1ccncc1)C2CC2c3ccccc3,0.008435
SJ000551415-1,CN(C)c1nc(nc(n1)N2CCOCC2)N(CCOc3ccccc3)C#N,0.008431
SJ000550713-1,Fc1ccc(cc1)N2CCN(CC2)C3CC4CCC3C4,0.008391
SJ000550615-1,COc1ccc(\C=C\C(=O)Nc2ccc(cc2)C(C)C)cc1,0.008350
SJ000551402-1,CN(C)c1nc(nc(n1)N2CCOCC2)N(Cc3ccccc3)C#N,0.008347
SJ000550729-1,[O-][N+](=O)c1cccc(CN2CCN(CC2)C3CC4CCC3C4)c1,0.008289
SJ000551246-1,O=C(N1CCN(CC1)C(=O)c2cnn3cccnc23)c4occc4,0.008283
SJ000349335-2,CC(C)CCN1C=C(C(=O)NC(C)(C)C)C(=O)C(=C1)C(=O)N2CCN(C\C=C\c3ccccc3)CC2,0.008281
SJ000551344-1,CCn1ncc(Cl)c1C(=O)Nc2ccc(C)c(c2)[N+](=O)[O-],0.008279
SJ000551260-1,CC1(C)CC1C(=O)Nc2ccc(cc2Br)[N+](=O)[O-],0.008144
SJ000551120-1,CCn1c(SCC(=O)Nc2cc(ccc2Cl)C(F)(F)F)nnc1c3ccc(C)cc3,0.008016
SJ000551375-1,CCOC(=O)c1c(C)oc2ccc(OCC(=O)c3ccccc3)cc12,0.007892
SJ000550594-1,COc1cccc(CN2CCN(CC2)C(=O)c3cc(nc4ccc(C)cc34)c5cccnc5)c1,0.007860
SJ000551111-1,Cn1ccnc1SCC(=O)Nc2ccccc2Cl,0.007816
SJ000366325-2,Cn1ccnc1SCC(=O)Nc2c(Cl)cccc2Cl,0.007794
SJ000550430-1,COc1cccc(c1)c2cc(C(=O)NCCCN3CCOCC3)c4ccccc4n2,0.007755
SJ000550935-1,Cc1cc(O)n(n1)c2nc(cc(n2)c3ccccc3)c4ccccc4,0.007739
SJ000553599-1,Cc1ccc(cc1F)C(=O)N2CCC(CC2)c3onc(n3)c4ccccc4C,0.007734
SJ000551093-1,COc1ccc(NC(=O)CSc2nccn2C)c(OC)c1,0.007659
SJ000551412-1,CCN(C#N)c1nc(nc(n1)N2CCOCC2)N(C)C,0.007657
SJ000551194-1,CCOC(=O)c1c(C)oc2ccc(OC(=O)c3oc4ccccc4c3)cc12,0.007623
SJ000550586-1,CC(=O)c1cccc(NC(=O)\C=C\c2ccccc2Cl)c1,0.007519
SJ000550592-1,COc1cccc(CN2CCN(CC2)C(=O)c3cc(nc4ccc(C)cc34)c5ccncc5)c1,0.007364
SJ000550903-1,COc1ccc(cc1)C(=O)Nc2ccccc2c3nc4ccccc4[nH]3,0.007335
SJ000551380-1,CCOC(=O)c1c(C)oc2ccc(OC(=O)C)cc12,0.007314
SJ000551056-1,CCNCC(O)COc1ccccc1,0.007171
SJ000550836-1,COc1ccccc1\C=C\C2=Nc3ccc(OC(=O)C)cc3C(=O)O2,0.007166
SJ000550432-1,CN1CCN(CC1)C(=O)c2cc(nc3ccccc23)c4ccccc4,0.007057
SJ000550996-1,Cc1cc(NC(=O)NC(=O)c2c(Cl)cccc2Cl)n(n1)c3cccc(F)c3,0.007008
SJ000551313-1,Cn1ncc(I)c1C(=O)Nc2ccc(F)cc2,0.006918
SJ000551414-1,N#CNc1nc(nc(n1)N2CCOCC2)N3CCOCC3,0.006845
SJ000553578-1,CC1CN(CC(C)O1)C(=O)c2ccc(C)c(c2)[N+](=O)[O-],0.006836
SJ000551178-1,[O-][N+](=O)c1cc(NC(=O)C2CC2(c3ccccc3)c4ccccc4)ccc1Cl,0.006830
SJ000551255-1,O=C(Nc1ccc(cc1)c2ccccc2)C3CC3c4ccccc4,0.006805
SJ000551397-1,Brc1ccc(cc1)c2nc(cc(n2)c3ccccc3)N4CCOCC4,0.006618
SJ000551359-1,CCOC(=O)c1c(C)oc2ccc(OCC(=O)OC(C)C)cc12,0.006610
SJ000551343-1,Cc1ccc(cc1NC(=O)c2c(Cl)c(C)nn2C)[N+](=O)[O-],0.006591
SJ000550689-1,CC(C)N1C(CC(=O)Nc2ccc(F)cc2)C(=O)N(C1=O)c3ccc(F)cc3,0.006538
SJ000551411-1,CC(C)N(C#N)c1nc(nc(n1)N2CCOCC2)N(C)C,0.006415
SJ000551263-1,CC(NC(=O)C1CC1(C)C)c2ccccc2,0.006376
SJ000550660-1,CCOC(=O)c1ccc(NC(=O)CC2N(CC=C)C(=O)N(C2=O)c3ccccc3)cc1,0.006356
SJ000551027-1,CC(CCc1ccccc1)Nc2cc(ccc2[N+](=O)[O-])N3CCN(CC3)C(=O)c4ccccc4F,0.006324
SJ000550658-1,CCOC(=O)c1ccc(NC(=O)CC2N(CCCOC)C(=O)N(C2=O)c3ccccc3)cc1,0.006236
SJ000551159-1,CN(C)c1ccc(cc1)N2C(Nc3ccccc3C2=O)c4ccc(Cl)cc4,0.006168
SJ000550926-1,CCc1c(C)nn(c1OC(=O)c2ccccc2)c3nc(C)cc(C)n3,0.006112
SJ000551097-1,COc1ccc(cc1)c2nnc(SCC(=O)Nc3cccc(c3)C(F)(F)F)n2CC=C,0.006085
SJ000551165-1,CCCN1C(Nc2ccccc2C1=O)c3cc(OC)c(OC)c(OC)c3,0.006038
SJ000551392-1,OCCNc1cc(nc(n1)c2ccc(Br)cc2)N3CCOCC3,0.006027
SJ000553595-1,Cc1ccc(Nc2cc(ncn2)N3CCN(CC3)C(=O)c4ccc(C)cc4)cc1,0.006025
SJ000182713-2,Cc1ccc(Cl)cc1NC(=O)C2CC2c3ccccc3,0.005942
SJ000550981-1,CCCn1nnnc1NC(=O)c2cccc(Cl)c2,0.005931
SJ000551330-1,COc1cc(CNC(=O)Nc2ccc(C)c(F)c2)cc(OC)c1OC,0.005867
SJ000551201-1,CCOC(=O)c1c(C)oc2ccc(OC(=O)c3ccccc3OC)cc12,0.005479
SJ000550485-1,CN(C)CC(C)(C)CNC(=O)C1=CN(C=C(C(=O)NC2CCCCC2)C1=O)C3CC3,0.005398
SJ000550585-1,Cc1cccc(NC(=O)\C=C\c2ccccc2Cl)c1,0.005358
SJ000550588-1,CCOc1ccc(NC(=O)\C=C\c2ccccc2Cl)cc1,0.005343
SJ000550573-1,Cc1ccc(cc1)c2nc3ccccc3c(C(=O)NCCN4CCOCC4)c2C,0.005339
SJ000551197-1,COCCOC(=O)c1c(C)oc2ccc(OC(=O)c3ccc(OC)c(OC)c3)cc12,0.005336
SJ000553575-1,Clc1ccc(SCc2ccc(cc2)C(=O)N3CCN(Cc4ccccc4)CC3)cc1,0.005273
SJ000550805-1,COc1cc2N=C(OC(=O)c2cc1OC)\C=C\c3occc3,0.005264
SJ000551701-1,CCOC(=O)c1c(C)oc2ccc(OC)cc12,0.005159
SJ000551153-1,CSc1ccc(cc1)c2nc(O)c3ccccc3n2,0.005116
SJ000551259-1,CC1(C)CC1C(=O)Nc2ccccc2[N+](=O)[O-],0.005067
SJ000550587-1,COC(=O)c1ccc(NC(=O)\C=C\c2ccccc2Cl)cc1,0.005002
SJ000550712-1,OCCOCCN1CCN(CC1)C2CC3CCC2C3,0.004935
SJ000553604-1,CCc1ccc(cc1)C(=O)N2CCCC(C2)c3cccc(c3)C(=O)N4CCOCC4,0.004896
SJ000551253-1,O=C(Nc1cccnc1)C2CC2c3ccccc3,0.004870
SJ000551100-1,Cc1cc(C)c(NC(=O)CSc2nccn2C)c(C)c1,0.004810
SJ000553590-1,Cc1ccc(cc1)C(=O)N2CCN(CC3=CC(=O)Oc4cc(C)ccc34)CC2,0.004808
SJ000551054-1,[O-][N+](=O)c1ccc(cc1NCc2ccccc2)N3CCN(CC3)C(=O)c4ccccc4,0.004801
SJ000551115-1,Cn1ccnc1SCC(=O)Nc2ccc(Br)cc2Cl,0.004760
SJ000551206-1,Oc1ccc(cc1)C2Nc3ccccc3C(=O)N2c4ccc(Cl)cc4,0.004750
SJ000551131-1,O=C(Nc1ccc(cc1)C(=O)N2CCOCC2)c3ccc4C(=O)N5CCCCCC5=Nc4c3,0.004674
SJ000339253-2,COc1ccc(Cl)cc1CNc2nnnn2C,0.004674
SJ000551208-1,Clc1ccc(cc1Cl)C2Nc3ccccc3C(=O)N2Cc4ccccc4,0.004612
SJ000551047-1,CC(C)(C)C(=O)N1CCN(CC1)c2ccc(N)cc2,0.004596
SJ000550761-1,CCN1\C(=C/2\C(=NN(C2=O)c3ccccc3)C)\S\C(=C/C=C\4/Sc5ccc(OC)cc5N4CC)\C1=O,0.004559
SJ000550575-1,CCOc1cccc(c1)c2cc(C(=O)NCCN3CCOCC3)c4ccccc4n2,0.004508
SJ000551277-1,CC1CCN(CC1)C(=O)c2cc3nc(cc(n3n2)C(F)(F)F)c4ccc(C)cc4,0.004492
SJ000553576-1,CCOc1ccc(cc1OCC)C(=O)N2CC(C)OC(C)C2,0.004485
SJ000550632-1,COc1ccc(NC(=O)CC2N(CCN3CCN(C)CC3)C(=O)N(C2=O)c4ccc(OC)cc4)cc1,0.004480
SJ000551113-1,CCC(=O)Nc1cc(NC(=O)CSc2nccn2C)ccc1OC,0.004441
SJ000338511-2,COc1ccc(CNc2nnnn2C)c(OC)c1,0.004437
SJ000550666-1,COc1ccc(CCN2C(CC(=O)Nc3ccc(F)cc3)C(=O)N(C2=O)c4cccc(Cl)c4)cc1,0.004377
SJ000553598-1,CCN1CCN(CC1)C(=O)c2ccc(CN3C(=O)CCn4nc(C)cc34)cc2,0.004299
SJ000551207-1,COc1cccc(c1)c2cc(C(=O)N3CCN(Cc4ccccc4)CC3)c5ccccc5n2,0.004294
SJ000553596-1,O=C(N1CCN(CC1)c2oc3ncccc3n2)c4ccc(cc4)C#N,0.004202
SJ000550656-1,Cc1cccc(c1)N2C(=O)C(CC(=O)Nc3cccc(F)c3)N(CC=C)C2=O,0.004195
SJ000551366-1,COc1nc(nc(n1)N(C)C)N(C)C,0.004177
SJ000551045-1,CCC(=O)Nc1ccc(cc1)N2CCN(CC2)C(=O)C(C)(C)C,0.004170
SJ000550980-1,CCCn1nnnc1NCc2ccccc2OCc3ccc(F)cc3,0.004152
SJ000550936-1,Brc1ccc(cc1)C(=O)CNCc2ccccc2,0.004051
SJ000551281-1,COc1ccc(cc1)C(CC(=O)Nc2ccc(C)cc2C)c3ccccc3,0.003893
SJ000551155-1,Nc1ccc(cc1)c2nc(O)c3ccccc3n2,0.003791
SJ000337545-2,Cn1nnnc1NCc2c(F)cccc2Cl,0.003742
SJ000551186-1,CCOC(=O)COc1cc2c(C(=O)OCCOC)c(C)oc2cc1Br,0.003738
SJ000550556-1,O=C1N2C(=Nc3ccccc13)CCCc4ccccc24,0.003715
SJ000550634-1,Clc1ccc(NC(=O)CC2N(CC=C)C(=O)N(C2=O)c3ccc(Cl)cc3)cc1,0.003621
SJ000551254-1,CN(C)c1ccc(NC(=O)C2CC2c3ccccc3)cc1,0.003617
SJ000551291-1,Cn1ncc(c1C(=O)Nc2cc(Cl)ccc2Cl)[N+](=O)[O-],0.003553
SJ000553613-1,Cc1ccc(cc1)C(=O)N2CCC(CCNC(=O)\C=C\c3ccccc3)CC2,0.003497
SJ000550743-1,CCN1\C(=C/2\S\C(=C\3/C(=NNC3=O)C)\N(CC=C)C2=O)\Sc4ccc(OC)cc14,0.003485
SJ000551212-1,CCc1ccc(cc1)N2C(Nc3ccccc3C2=O)c4ccc(OC)cc4,0.003359
SJ000550966-1,COc1cc(CNn2nnnc2N)cc(Cl)c1OC,0.003341
SJ000550607-1,COc1ccccc1c2cc(C(=O)NCCN3CCOCC3)c4ccccc4n2,0.003327
SJ000550605-1,Cc1cccc(c1)c2cc(C(=O)NCCCN3CCOCC3)c4ccccc4n2,0.003292
SJ000553612-1,Cc1ccc(cc1)C(=O)N2CCC(CCNC(=O)C(C)(C)C)CC2,0.003276
SJ000553573-1,CC1CN(CC(C)O1)C(=O)c2cc(cc(c2)[N+](=O)[O-])C(=O)N3CC(C)OC(C)C3,0.003200
SJ000551360-1,CCOc1cc2c(C(=O)OCCOC)c(C)oc2cc1Br,0.003153
SJ000550933-1,Cc1ccc(cc1)c2cc(O)n(n2)c3nc(C)cc(C)n3,0.003095
SJ000550703-1,O=C(CC1Sc2ccccc2NC1=O)Nc3ccc(cc3)N4CCCCC4,0.002965
SJ000550576-1,O=C(NCCN1CCOCC1)c2cc(nc3ccccc23)c4ccccc4,0.002929
SJ000551143-1,CN1C(=O)N(C)c2nc(SCC(=O)Nc3cccc(c3)C(F)(F)F)n(C)c2C1=O,0.002893
SJ000550693-1,O=C(Nc1ccc2SCC(=O)Nc2c1)C3CCCC3,0.002885
SJ000550988-1,COc1cc(CNc2nnnn2C)ccc1OCc3ccccc3F,0.002848
SJ000550483-1,CC(C)(C)NC(=O)C1=CN(C=C(C(=O)N2CCN(Cc3cccs3)CC2)C1=O)C4CCCCC4,0.002845
SJ000551760-1,O=C1C=C(CSC2=Nc3ccccc3C(=O)N2Cc4ccc5OCOc5c4)N=C6C=CC=CN16,0.002843
SJ000553603-1,CN1CCN(CC1)C(=O)c2ccc(CN3C(=O)C(=Nc4cc(C)c(C)cc34)C)cc2,0.002826
SJ000550550-1,Cn1ccnc1SCC(=O)Nc2ccc(F)c(F)c2F,0.002808
SJ000551329-1,CCCNC(=O)NCc1ccc(OC)c(OC)c1,0.002805
SJ000551241-1,O=C(N1CCOCC1)c2cc3nccc(c4ccc5ccccc5c4)n3n2,0.002796
SJ000550694-1,O=C(Nc1ccc2SCC(=O)Nc2c1)C3CCCCC3,0.002617
SJ000550494-1,CC(C)CCN1C=C(C(=O)NC(C)(C)C)C(=O)C(=C1)C(=O)N2CCC(CC2)C(C)N3CCOCC3,0.002597
SJ000551122-1,CC(C)(Oc1ccc(Cl)cc1)C(=O)N2CCN(CC2)c3cccc(Cl)c3,0.002568
SJ000550968-1,COc1cc(CNc2nnnn2C)ccc1OCc3ccc(F)cc3Cl,0.002434
SJ000551357-1,COCCOC(=O)c1c(C)oc2cc(Br)c(OC(=O)c3ccc(OC)cc3)cc12,0.002409
SJ000551286-1,Cn1ncc(c1C(=O)Nc2ccc(Cl)c(Cl)c2)[N+](=O)[O-],0.002396
SJ000550623-1,COc1ccc(NC(=O)\C=C\c2ccc(cc2)C(C)C)cc1,0.002334
SJ000550627-1,CCc1ccccc1NC(=O)\C=C\c2ccc(cc2)C(C)C,0.002329
SJ000550664-1,CCOC(=O)c1ccc(NC(=O)CC2N(Cc3ccccn3)C(=O)N(C2=O)c4ccccc4)cc1,0.002306
SJ000553585-1,[O-][N+](=O)c1cc(cc(c1)C(=O)N2CCOCC2)C(=O)N3CCOCC3,0.002302
SJ000414813-2,CCc1cccc(C)c1NC(=O)CSc2nccn2C,0.002078
SJ000551209-1,COc1ccc(cc1)C2Nc3ccccc3C(=O)N2Cc4ccccc4,0.002046
SJ000551138-1,CCOC(=O)c1cnn(c1NC(=O)CSCc2ccc(F)cc2)c3ccccc3,0.002010
SJ000550554-1,Fc1ccc(F)c(NC(=O)c2ccc3C(=O)N4CCCCCC4=Nc3c2)c1,0.001972
SJ000551237-1,CCOC(=O)C1CCCCN1Cc2cccc(OC3CCN(CC3)C(=O)c4cc5nc(C)cc(C)n5n4)c2,0.001956
SJ000551699-1,COCCOC(=O)c1c(C)oc2ccc(OCC(=C)C)cc12,0.001955
SJ000551019-1,Cc1cc(O)nc(n1)n2nc(C)cc2C,0.001942
SJ000550643-1,CCCOc1ccc(NC(=O)CC2N(CC=C)C(=O)N(C2=O)c3ccc(F)cc3)cc1,0.001918
SJ000550583-1,CN1CCN(CC1)C(=O)c2cc(nc3ccccc23)c4cccc(C)c4,0.001858
SJ000550665-1,Fc1ccc(NC(=O)CC2N(CC=C)C(=O)N(C2=O)c3ccc(Cl)cc3)cc1,0.001850
SJ000553581-1,Clc1ccc(OCc2ccc(cc2)C(=O)N3CCN(CC3)c4ccccc4)c(Cl)c1,0.001833
SJ000551250-1,CN(Cc1ccccc1)C2CCCN(C2)C(=O)c3cc4nc(C)cc(C)n4n3,0.001820
SJ000550937-1,CCOc1ccccc1c2onc(n2)c3nonc3N,0.001809
SJ000551216-1,Cc1ccc(cc1)C2Nc3ccccc3C(=O)N2c4ccc(C)cc4,0.001790
SJ000551198-1,CCN(CC)C(=O)COc1ccc2oc(C)c(C(=O)OC)c2c1,0.001756
SJ000550662-1,CCOc1ccc(NC(=O)CC2N(CC=C)C(=O)N(C2=O)c3cccc(Cl)c3)cc1,0.001719
SJ000550633-1,COc1ccc(CN2C(CC(=O)Nc3ccc(F)cc3)C(=O)N(C2=O)c4ccc(Cl)cc4)cc1,0.001693
SJ000551211-1,CCOc1ccc(cc1)C2Nc3ccccc3C(=O)N2c4ccccc4,0.001673
SJ000551347-1,Cn1ncc(Br)c1C(=O)Nc2ccccc2[N+](=O)[O-],0.001656
SJ000551162-1,CCc1ccc(cc1)C2Nc3ccccc3C(=O)N2c4ccc(F)cc4,0.001646
SJ000551188-1,COCCOC(=O)c1c(C)oc2ccc(OC(=O)c3oc4ccccc4c3)cc12,0.001616
SJ000550997-1,CC(=O)Nc1c(cnn1c2ccccc2Cl)C(=O)N3CCN(CC3)c4ncccn4,0.001606
SJ000551395-1,Clc1cc(nc(n1)c2ccc(Br)cc2)N3CCOCC3,0.001604
SJ000551058-1,OCCCNCC(O)COc1ccccc1,0.001528
SJ000553587-1,Fc1cc(Cl)c(cc1F)C(=O)Nc2cc(cc(c2)C(=O)N3CCOCC3)C(=O)N4CCOCC4,0.001521
SJ000550657-1,CC(C)N1C(CC(=O)Nc2ccccc2)C(=O)N(C1=O)c3cccc(C)c3,0.001428
SJ000550699-1,Oc1nc2ccc(Cl)cc2c(c1SCC(=O)N3CCN(CC3)C(=O)c4occc4)c5ccccc5,0.001406
SJ000551279-1,Cc1ccc(NC(=O)CC(c2ccccc2)c3ccccc3)c(Br)c1,0.001389
SJ000553589-1,CC(C)(C)c1ccc(cc1)C(=O)N2CCCCC2CCN3CCOCC3,0.001363
SJ000550646-1,CCCOc1ccc(NC(=O)CC2N(CC(C)C)C(=O)N(C2=O)c3cccc(C)c3)cc1,0.001317
SJ000550653-1,CCCOc1ccc(NC(=O)CC2N(CC=C)C(=O)N(C2=O)c3ccc(Cl)cc3)cc1,0.001264
SJ000550698-1,CC(NC(=O)CC1Sc2ccccc2NC1=O)c3ccccc3,0.001213
SJ000551103-1,Cc1ccc(cc1C)n2c(C)nnc2SCC(=O)Nc3ccc(Br)cc3C(F)(F)F,0.001195
SJ000553566-1,CC1CCN(CC1)C(=O)c2ccc(CSc3nc4cc[nH]cc4n3)cc2,0.001028
SJ000550922-1,CCOc1ccc(cc1OCC)C(=O)NCc2onc(n2)c3cccc(C)c3,0.000949
SJ000550982-1,CCCn1nnnc1NC(=O)c2cc(Br)ccc2OC,0.000909
SJ000551278-1,COc1ccc(cc1)C(CC(=O)Nc2ccc(OC)cc2OC)c3ccccc3,0.000904
SJ000553579-1,COc1ccc(cc1)N2CCN(CC2)C(=O)c3ccc(CSc4ccccc4)cc3,0.000868
SJ000551266-1,CCCCOc1ccccc1NC(=O)C2CC2,0.000844
SJ000551046-1,Clc1cccc(c1)N2CCN(CC2)C(=O)C3CC3,0.000801
SJ000551238-1,CN(C1CCCN(C1)C2Cc3ccccc3C2)C(=O)c4cc5nc(C)cc(C)n5n4,0.000728
SJ000553565-1,CC1CN(CC(C)O1)C(=O)c2ccccc2NC(=O)c3ccc(C)cc3,0.000698
SJ000550496-1,COc1ccccc1CN2CCN(CC2)C(=O)C3=CN(CCC(C)C)C=C(C(=O)NC(C)(C)C)C3=O,0.000680
SJ000551262-1,CC1(C)CC1C(=O)Nc2ccc(cc2)[N+](=O)[O-],0.000668
SJ000551292-1,Cc1nn(C)c(C(=O)NNC(=O)Nc2cccc(c2)[N+](=O)[O-])c1Br,0.000667
SJ000551189-1,CCOC(=O)\C=C\COc1ccc2oc(C)c(C(=O)OC)c2c1,0.000664
SJ000551157-1,CN(C)CCN1C=Nc2ccccc2C1=O,0.000518
SJ000551192-1,CCOC(=O)C(C)Oc1ccc2oc(C)c(C(=O)OCCOC)c2c1,0.000509
SJ000551215-1,Clc1ccc(cc1)C2Nc3ccccc3C(=O)N2c4ccc(Cl)cc4,0.000498
SJ000551334-1,COc1cc(CNC(C)C)cc(Br)c1OCC(=O)N,0.000492
SJ000553583-1,CC1CCCCN1C(=O)c2ccc(COc3ccccc3Br)cc2,0.000483
SJ000553568-1,CC1CN(CCN1C(=O)c2ccc(C)cc2)C(=O)c3ccc(C)cc3,0.000464
SJ000551390-1,COCCOC(=O)c1c(C)oc2cc(Br)c(OCC(=O)OCc3ccccc3)cc12,0.000442
SJ000551282-1,COc1ccc(NC(=O)C2CC2c3ccc(Cl)cc3)c(C)c1,0.000404
SJ000551288-1,Cc1c(Br)c(nn1C)C(=O)N\N=C\c2ccccc2[N+](=O)[O-],0.000391
SJ000551309-1,Cn1nccc1C(=O)Nc2cc(Oc3ccc(Cl)cc3)cc(c2)[N+](=O)[O-],0.000350
SJ000550566-1,COc1ccc2ncc(C(=O)O)c(Nc3ccccc3C)c2c1,0.000322
SJ000551325-1,COC(=O)c1cc(OC)c(OC)cc1NC(=O)c2nn(C)cc2I,0.000291
SJ000553618-1,Fc1ccccc1N2CCN(CC2)C(=O)c3ccc(Cn4cncn4)cc3,0.000254
SJ000553600-1,COc1ccc(cc1)N2CCN(CC2)C(=O)CC3CCN(CC3)C(=O)c4ccc(C)cc4,0.000189
SJ000551018-1,Cc1cc(O)n(n1)c2nc(O)cc(n2)c3ccccc3,0.000181
SJ000551161-1,Clc1ccc(cc1)N2C(Nc3ccccc3C2=O)c4ccccc4Cl,0.000140
SJ000550569-1,COc1ccc(Nc2c(cnc3c(C)c(Cl)ccc23)C(=O)O)c(OC)c1,0.000100
SJ000550696-1,CCc1cccc(NC(=O)C(C)C2Sc3ccccc3NC2=O)c1,0.000076
SJ000551258-1,COc1ccc(cc1NC(=O)C2CC2C)C(C)(C)C,0.000070
SJ000551314-1,COc1ccc(NC(=O)c2c(I)cnn2C)cc1,0.000067
SJ000551109-1,CSc1nnc(CNC(=O)c2cc(ccc2Cl)C(F)(F)F)n1c3ccc(F)cc3,0.000051
SJ000553616-1,O=C(N1CCN(CC1)c2ccccn2)c3ccc(Cn4cncn4)cc3,0.000037
SJ000551214-1,Cc1ccc(cc1Cl)N2C(Nc3ccccc3C2=O)c4ccccc4,-0.000012
SJ000551417-1,Oc1cc(nc(n1)N2CCCCC2)c3ccccc3,-0.000100
SJ000551331-1,COc1ccc(CNC(=O)Nc2cccc(F)c2)cc1OC,-0.000113
SJ000551191-1,CCOc1ccc2oc(C)c(C(=O)OCCOC)c2c1,-0.000141
SJ000551271-1,CN1CCN(CC1)C(=O)c2cc3nc(cc(n3n2)C(F)(F)F)c4ccc(C)cc4,-0.000161
SJ000551199-1,COCCOC(=O)c1c(C)oc2ccc(OC(=O)c3ccc(Cl)cc3)cc12,-0.000174
SJ000551136-1,CCn1cc(cn1)c2nnc(SCC(=O)Nc3ccccc3C)n2CC,-0.000252
SJ000551377-1,COCCOC(=O)c1c(C)oc2ccc(OC(=O)c3ccc(OC)cc3)cc12,-0.000275
SJ000551123-1,COc1ccc(cc1)N2CCN(CC2)C(=O)c3ccc(cc3)C(C)(C)C,-0.000319
SJ000553593-1,Cc1ccc(cc1)C(=O)N2CCN(CCc3ccccn3)CC2,-0.000336
SJ000551379-1,COC(=O)c1c(C)oc2ccc(OC(=O)c3ccccc3)cc12,-0.000365
SJ000551001-1,COc1cccc(c1)c2cc(O)n(n2)c3nc(C)cc(C)n3,-0.000389
SJ000341771-2,CC(C)c1ccc(CCC(=O)Nc2cccnc2)cc1,-0.000414
SJ000551195-1,COC(=O)c1c(C)oc2ccc(OC(=O)c3ccc(Cl)cc3)cc12,-0.000477
SJ000335783-2,COC(=O)c1ccccc1NC(=O)C2CC2c3ccccc3,-0.000552
SJ000550834-1,Oc1ccc2N=C(OC(=O)c2c1)c3ccccc3,-0.000571
SJ000551409-1,Nc1cc(ccc1Cl)N2CCOCC2,-0.000698
SJ000551202-1,COC(=O)c1c(C)oc2ccc(OC(=O)c3occc3)cc12,-0.000702
SJ000551759-1,COc1cc(cc(OC)c1OC)C2CC(=O)n3c(S2)nc4ccccc34,-0.000720
SJ000551333-1,COc1cc(CNC(=O)N)cc(OC)c1OC,-0.000725
SJ000553606-1,CCCN1CCN(C2CCN(CC2)C(=O)c3ccc(CC)cc3)C1=O,-0.000801
SJ000551391-1,COC(=O)c1c(C)oc2ccc(OC(=O)c3cccc(OC)c3)cc12,-0.000832
SJ000551069-1,Cc1cccc(NC(=O)CSc2nc(C)c(C)n2c3ccccc3)c1C,-0.000833
SJ000550503-1,COc1cccc(CN2CCN(CC2)C(=O)C3=CN(CCC(C)C)C=C(C(=O)NC(C)(C)C)C3=O)c1,-0.000951
SJ000551125-1,Fc1ccc(cc1)N2CCN(CC2)C(=O)C3CC3,-0.000952
SJ000550546-1,COc1cc(COc2ccc(CN([C@H]3CCCCNC3=O)C(=O)C4=CN=C5C=CC=CN5C4=O)cc2)cc(OC)c1,-0.000955
SJ000551233-1,CCN(CC)C(=O)C(=O)Nc1ccc(Oc2ccccc2)cc1,-0.001023
SJ000338919-2,Nc1ccc(Cl)cc1N2CCOCC2,-0.001043
SJ000550690-1,COc1ccc(NC(=O)CC2N(CCC(C)C)C(=O)N(C2=O)c3cccc(OC)c3)cc1,-0.001051
SJ000550943-1,COc1ccc(cc1)n2c(Cc3ccccc3)nnc2SCC(=O)Nc4ccc(Cl)cc4Cl,-0.001053
SJ000553588-1,CC1CN(CCN1C(=O)c2ccc(C)cc2)c3ccc(cc3Cl)[N+](=O)[O-],-0.001143
SJ000342064-2,Cc1cccc(C)c1NC(=O)c2nnn(c2N)c3cccc(c3)C(F)(F)F,-0.001147
SJ000553602-1,CCCN1CCN(CC1)C(=O)c2ccc(CN3C(=O)C(=Nc4ccccc34)C)cc2,-0.001147
SJ000551126-1,COc1ccccc1N2CCN(CC2)C(=O)C3CC3,-0.001160
SJ000550647-1,CCOC(=O)c1ccc(NC(=O)CC2N(CCOC)C(=O)N(C2=O)c3cccc(OC)c3)cc1,-0.001182
SJ000551290-1,Cn1ncc(Cl)c1C(=O)N\N=C\c2cccc(c2)[N+](=O)[O-],-0.001193
SJ000551203-1,COCCOC(=O)c1c(C)oc2ccc(OC(=O)c3ccccc3OC)cc12,-0.001205
SJ000550506-1,CCCCNC(=O)C1=CN(C=C(C(=O)N2CCN(CC2)C(C)C)C1=O)C3CCCCC3,-0.001220
SJ000550687-1,COC(=O)c1ccc(NC(=O)CC2N(CC=C)C(=O)N(C2=O)c3cccc(C)c3)cc1,-0.001235
SJ000551637-1,CN1C(=O)N(C)c2cc(CNC3CCCCC3)ccc12,-0.001278
SJ000551205-1,CCOC(=O)COc1ccc2oc(C)c(C(=O)OC)c2c1,-0.001446
SJ000551196-1,COCCOC(=O)c1c(C)oc2ccc(OC)cc12,-0.001502
SJ000551235-1,COCCN(CC1CCCN(C1)C2Cc3ccccc3C2)C(=O)c4cc5ncccn5n4,-0.001511
SJ000551336-1,CCNC(=O)c1cc(Br)c(OC)c(OC)c1,-0.001515
SJ000551293-1,Cc1nn(C)c(C(=O)NNC(=O)Nc2ccc(cc2)[N+](=O)[O-])c1Cl,-0.001549
SJ000551268-1,C=CCOc1ccccc1NC(=O)C2CC2,-0.001549
SJ000551289-1,Cn1ncc(Cl)c1C(=O)N\N=C\c2ccc(cc2)[N+](=O)[O-],-0.001594
SJ000551242-1,CCOC(=O)c1c(C)nc2cc(nn2c1C)C(=O)N3CCOCC3,-0.001629
SJ000550945-1,COc1ccc(cc1)n2c(CNC(=O)c3cccc(Cl)c3)nnc2SCc4ccccc4,-0.001632
SJ000553567-1,Cc1ccc(cc1)C(=O)N2CCN(CC2)c3ccc(cc3C(F)(F)F)[N+](=O)[O-],-0.001654
SJ000551295-1,Cc1nn(C)c(C(=O)Nc2cc(Oc3ccc(Cl)cc3)cc(c2)[N+](=O)[O-])c1Br,-0.001730
SJ000553617-1,COc1ccc(cc1)N2CCN(CC2)C(=O)c3ccc(Cn4cncn4)cc3,-0.001778
SJ000551317-1,Cc1ccc(C)c(NC(=O)c2c(Cl)cnn2C)c1,-0.001781
SJ000551244-1,CCOC(=O)C1CCCN(C1)C(=O)c2cc3nc(cc(c4ccccc4)n3n2)c5ccccc5,-0.001789
SJ000550460-1,CC(C)(C)NC(=O)C1=CN(C=C(C(=O)N2CCN(CC2)c3ccccc3F)C1=O)C4CCCCC4,-0.001803
SJ000551335-1,COc1cc(CO)cc(Cl)c1OCC(=O)N,-0.001894
SJ000553577-1,COC(=O)c1cc(cc(c1)[N+](=O)[O-])C(=O)N2CC(C)OC(C)C2,-0.001915
SJ000551264-1,O=C(Nc1ccccc1OCCOc2ccccc2)C3CC3,-0.001918
SJ000551374-1,COCCOC(=O)c1c(C)oc2ccc(OCC(=O)c3ccccc3)cc12,-0.001920
SJ000550609-1,CN(C)c1ccc(NC(=O)CCc2ccccc2)cc1,-0.002017
SJ000551310-1,CCn1nccc1C(=O)Nc2ccc(cc2OC)[N+](=O)[O-],-0.002025
SJ000553582-1,Clc1ccccc1OCc2ccc(cc2)C(=O)N3CCN(CC3)c4ccccc4,-0.002093
SJ000551187-1,COC(=O)c1oc(C)c(COc2ccc3oc(C)c(C(=O)OC)c3c2)c1,-0.002105
SJ000553592-1,Cc1ccc(cc1)C(=O)N2CCN(CCc3ccncc3)CC2,-0.002165
SJ000551108-1,CSc1nnc(CNC(=O)c2ccccc2C(F)(F)F)n1c3ccccc3C,-0.002168
SJ000553615-1,Cc1ccc(Cl)cc1N2CCN(CC2)C(=O)c3ccc(Cn4cncn4)cc3,-0.002199
SJ000551751-1,CCOC(=O)c1c(NC(=O)CSc2nnc3ccc4ccccc4n23)scc1c5ccccc5,-0.002201
SJ000551137-1,CCn1cc(cn1)c2nnc(SCC(=O)NCc3ccc(Cl)cc3)n2CC,-0.002202
SJ000551351-1,Cc1nn(C)c(C)c1NC(=O)c2c(cnn2C)[N+](=O)[O-],-0.002218
SJ000550479-1,CC(C)CCN1C=C(C(=O)NC2CCCC2)C(=O)C(=C1)C(=O)N3CCN(CC3)C(C)C,-0.002220
SJ000550695-1,Cc1ccc(CNC(=O)CC2Sc3ccccc3NC2=O)cc1,-0.002258
SJ000551298-1,COc1ccc(Oc2cc(NC(=O)c3c(Br)c(C)nn3C)cc(c2)[N+](=O)[O-])cc1,-0.002308
SJ000550701-1,O=C(CC1Sc2ccccc2NC1=O)NC3CCCC3,-0.002353
SJ000553608-1,Cc1ccc(cc1)C(=O)N2CCN(Cc3noc(n3)c4ccccc4)CC2,-0.002386
SJ000551236-1,O=C(N(CC1CCCO1)Cc2ccc(OCCN3CCCCC3)cc2)c4cc5ncccn5n4,-0.002389
SJ000551332-1,COc1cc(CNC(=O)Nc2ccccc2)cc(OC)c1OC,-0.002447
SJ000551301-1,CCn1ncc(Cl)c1C(=O)Nc2cc(ccc2OC)[N+](=O)[O-],-0.002533
SJ000551265-1,O=C(Nc1ccccc1OCCCc2ccccc2)C3CC3,-0.002593
SJ000551232-1,CCN(CC)C(=O)C(=O)Nc1ccc(OCc2ccccc2)cc1,-0.002595
SJ000551133-1,CCn1cc(cn1)c2nnc(SCC(=O)NCC(C)C)n2CC,-0.002646
SJ000550999-1,CCOC(=O)c1c(C)nn(c1N)c2nc(C)cc(C)n2,-0.002651
SJ000551316-1,Cc1cc(C(=O)Nc2cc(Oc3ccc(Cl)c(C)c3)cc(c2)[N+](=O)[O-])n(C)n1,-0.002658
SJ000551156-1,CSc1ccc(cc1)C2NC(=O)c3ccccc3N2,-0.002686
SJ000550452-1,COc1ccccc1N2CCN(CC2)C(=O)C3=CN(CCC(C)C)C=C(C(=O)NC(C)(C)C)C3=O,-0.002690
SJ000551267-1,O=C(Nc1ccccc1OCc2ccccc2)C3CC3,-0.002710
SJ000553580-1,Cc1ccc(cc1)C(=O)N2CCN(CC2)c3ncccn3,-0.002858
SJ000553614-1,O=C(N1CCN(Cc2noc3ccccc23)CC1)c4ccc(cc4)C#N,-0.002861
SJ000551638-1,CN1C(=O)N(CC(=O)N2CCCCC2)c3ccccc13,-0.002882
SJ000550691-1,O=C(Nc1ccc2OCC(=O)Nc2c1)c3cc4ccccc4s3,-0.002889
SJ000551248-1,Cc1cc(nc2cc(nn12)C(=O)N3CCOCC3)c4ccccc4,-0.002999
SJ000551257-1,COc1ccccc1NC(=O)C2CC2C,-0.003013
SJ000553607-1,CC(=O)c1ccc(cc1)C(=O)N2CCN(CC2)c3nc4cc(C)cc(C)c4s3,-0.003053
SJ000551135-1,CCOc1ccc(NC(=O)CSc2nnc(c3cnn(CC)c3)n2CC)cc1,-0.003070
SJ000553611-1,CCn1c(nc2ccccc12)N3CCN(CC3)C(=O)c4ccc(C)cc4,-0.003082
SJ000550700-1,O=C(CC1Sc2ccccc2NC1=O)NC3CCCCC3,-0.003101
SJ000551300-1,CCOc1ccc(NC(=O)c2c(Br)cnn2CC)c(c1)[N+](=O)[O-],-0.003107
SJ000551327-1,Cn1cc(c(n1)C(=O)Nc2ccc(Cl)cc2Cl)[N+](=O)[O-],-0.003110
SJ000551220-1,COc1ccc(NC2CCCN(C2)C(=O)c3cc4ncccn4n3)cc1,-0.003120
SJ000553601-1,Cc1ccc(cc1)C(=O)N2CCC(CC(=O)N3CCCCC3)CC2,-0.003146
SJ000553594-1,Cc1ccc(cc1)C(=O)N2CCN(CC2)c3cc(nc(C)n3)N4CCOCC4,-0.003155
SJ000551323-1,[O-][N+](=O)c1cc(NC(=O)c2[nH]ncc2Cl)ccc1F,-0.003214
SJ000553586-1,FC(F)(F)c1ccc(cc1)C(=O)N2CCN(CC#N)CC2,-0.003233
SJ000484717-2,CCOC(=O)CCc1c(C)nn(c1O)c2nc(C)cc(C)n2,-0.003301
SJ000553610-1,Cc1ccc(cc1)S(=O)(=O)NCc2ccc(cc2)C(=O)N3CCN(CC3)C4CCCCC4,-0.003305
SJ000551398-1,Clc1cc(ncn1)N2CCOCC2,-0.003357
SJ000551342-1,COc1ccc(cc1NC(=O)c2c(Cl)c(C)nn2C)[N+](=O)[O-],-0.003358
SJ000551218-1,COC(=O)c1ccc(COc2ccc3oc(C)c(C(=O)OC)c3c2)cc1,-0.003384
SJ000551134-1,CCn1cc(cn1)c2nnc(SCC(=O)N)n2CC,-0.003450
SJ000551010-1,Cc1cc(C)n(n1)c2nnc(C)c(O)n2,-0.003553
SJ000550457-1,CC(C)CCN1C=C(C(=O)NC(C)(C)C)C(=O)C(=C1)C(=O)N2CCN(Cc3ccncc3)CC2,-0.003576
SJ000550495-1,CCNC(=O)C1=CN(CC2CCCCC2)C=C(C(=O)NCC(C)(C)N3CCOCC3)C1=O,-0.003673
SJ000550639-1,COCCN1C(CC(=O)Nc2ccc(F)cc2)C(=O)N(C1=O)c3cccc(C)c3,-0.003698
SJ000553571-1,Cc1ccc(cc1)C(=O)N2CCN(CC2)c3ccc(cc3Cl)[N+](=O)[O-],-0.003712
SJ000553597-1,CN1CCN(CC1)C(=O)c2ccc(CN3C(=O)CSc4ncccc34)cc2,-0.003754
SJ000551337-1,COc1cc(CNC(=O)c2ccc(Cl)cc2)cc(OC)c1OC,-0.003856
SJ000553564-1,[O-][N+](=O)c1ccc(Cl)cc1C(=O)N2CCOCC2,-0.003875
SJ000550920-1,COc1cccc(c1)n2c(CNC(=O)c3cccc(F)c3)nnc2SCCc4ccccc4,-0.003899
SJ000553570-1,Cc1ccc(cc1)C(=O)N2CCN(CC2)c3ccc(F)cc3,-0.003949
SJ000553609-1,Fc1ccc(cc1C(=O)N2CCOCC2)S(=O)(=O)N3CCOCC3,-0.004018
SJ000551355-1,Cn1cnc(c1C(=O)Nc2ccccc2)[N+](=O)[O-],-0.004077
SJ000550692-1,O=C(Nc1ccc2CCC(=O)Nc2c1)c3cccs3,-0.004124
SJ000551757-1,Cc1cc2ccccc2n3c(SCC(=O)NCc4ccc5OCOc5c4)nnc13,-0.004136
SJ000551315-1,COC(=O)c1ccc(C)c(NC(=O)c2c(Cl)cnn2C)c1,-0.004214
SJ000550659-1,COCCN1C(CC(=O)Nc2ccc(OC)cc2)C(=O)N(C1=O)c3ccc(F)cc3,-0.004260
SJ000551312-1,Cc1ccc(NC(=O)c2c(Cl)cnn2C)cc1,-0.004272
SJ000551269-1,Brc1ccccc1NC(=O)C2CC2,-0.004306
SJ000551234-1,CCOc1ccc(NC(=O)C(=O)N(CC)CC)cc1,-0.004310
SJ000551285-1,Cc1nn(C)c(C(=O)Nc2ccc(cc2)C(=O)O)c1Br,-0.004341
SJ000551307-1,CCOc1ccc(NC(=O)c2c(cnn2C)[N+](=O)[O-])cc1,-0.004365
SJ000553584-1,[O-][N+](=O)c1cc(F)c(F)cc1C(=O)N2CCOCC2,-0.004379
SJ000551354-1,Cc1ccc(NC(=O)c2c(Cl)cnn2C)nc1,-0.004499
SJ000553572-1,COc1ccc(N2CCN(CC2)C(=O)c3ccc(C)cc3)c(c1)[N+](=O)[O-],-0.004571
SJ000551756-1,Fc1ccccc1NC(=O)CSc2nnc3ccc4ccccc4n23,-0.004590
SJ000553574-1,COC(=O)c1cc(cc(c1)[N+](=O)[O-])C(=O)N2CCOCC2,-0.004633
SJ000332466-2,Clc1ccc(NC(=O)CCc2ccccc2)cc1,-0.004698
SJ000553591-1,CS(=O)(=O)N1CCc2cc(ccc12)C(=O)N3CCOCC3,-0.004723
SJ000551099-1,Cc1nc(SCC(=O)N)n(c1C)c2ccccc2,-0.004746
SJ000550652-1,CCNC(=O)CC1N(CCOC)C(=O)N(C1=O)c2cccc(C)c2,-0.004815
SJ000553620-1,[O-][N+](=O)c1cc(ccc1F)C(=O)N2CCOCC2,-0.004904
SJ000553563-1,Cc1cccc(C(=O)N2CCOCC2)c1[N+](=O)[O-],-0.004972
SJ000551328-1,Cn1ncc(c1C(=O)Nc2ccc(cc2)C(=O)O)[N+](=O)[O-],-0.005226
