22719043,COc1ccc(cc1)Nc1nc(Nc2ccc(cc2)NS(=O)(=O)c2ccc(cc2)C)nc(c1)C,1.115787
22718153,CC(CC(=O)Nc1ccc(cc1)Nc1nc(C)cc(n1)Nc1ccccc1)C,1.115060
22718217,CC(CC(=O)Nc1ccc(cc1)Nc1nc(C)cc(n1)Nc1ccc(cc1)C)C,1.114056
22718237,COc1ccc(cc1)C(=O)Nc1ccc(cc1)Nc1nc(C)cc(n1)Nc1ccc(cc1)C,1.111752
27183315,COc1ccc(cc1)S(=O)(=O)Nc1ccc(cc1)Nc1nc(C)cc(n1)Nc1ccc(cc1)C,1.110881
27183075,CCCC(=O)Nc1ccc(cc1)Nc1nc(C)cc(n1)Nc1ccc(cc1)C,1.110591
32499769,COc1ccc(cc1)S(=O)(=O)Nc1ccc(cc1)Nc1cc(C)nc(n1)Nc1ccc(cc1)C,1.110277
27183061,CCCCC(=O)Nc1ccc(cc1)Nc1nc(C)cc(n1)Nc1ccccc1,1.107806
32499255,CCCC(=O)Nc1ccc(cc1)Nc1cc(C)nc(n1)Nc1ccc(cc1)C,1.105770
15936179,C=CCn1ccc(=Cc2sc3c([n+]2C)cccc3)cc1,1.105611
22719083,COc1ccc(cc1)Nc1nc(Nc2ccc(cc2)NS(=O)(=O)c2cccc(c2)C)nc(c1)C,1.104563
22718309,COc1ccc(cc1)Nc1nc(Nc2ccc(cc2)NC(=O)c2ccc(cc2)C)nc(c1)C,1.103892
15936233,C=CCn1ccc(=Cc2sc3c([n+]2CC)cccc3)cc1,1.103003
22718297,COc1ccc(cc1)Nc1nc(Nc2ccc(cc2)NC(=O)CC(C)C)nc(c1)C,1.101871
22718213,Cc1nc(Nc2ccc(cc2)NC(=O)C(C)C)nc(c1)Nc1ccc(cc1)C,1.101744
22718307,COc1ccc(cc1)Nc1nc(Nc2ccc(cc2)NC(=O)c2cccc(c2)C)nc(c1)C,1.100869
22718289,CCCC(=O)Nc1ccc(cc1)Nc1nc(C)cc(n1)Nc1ccc(cc1)OC,1.098844
32499275,COc1ccc(cc1)C(=O)Nc1ccc(cc1)Nc1cc(C)nc(n1)Nc1ccc(cc1)C,1.097875
22718329,COc1ccc(cc1)Nc1nc(Nc2ccc(cc2)NC(=O)c2ccc(cc2)Cl)nc(c1)C,1.097643
22719057,COc1ccc(cc1)Nc1nc(Nc2ccc(cc2)NS(=O)(=O)c2ccc(cc2)Cl)nc(c1)C,1.097390
22718315,COc1ccc(cc1)Nc1nc(Nc2ccc(cc2)NC(=O)c2ccc(cc2)OC)nc(c1)C,1.096579
27183089,COc1cccc(c1)C(=O)Nc1ccc(cc1)Nc1nc(C)cc(n1)Nc1ccc(cc1)C,1.095970
22718365,COc1ccc(cc1)Nc1cc(C)nc(n1)Nc1ccc(cc1)NC(=O)c1cccc(c1)OC,1.095307
27023335,C=CCn1cccc/c/1=C\c1sc2c([n+]1CC)cccc2,1.095214
22718113,CCNc1cc(C)nc(n1)Nc1ccc(cc1)NC(=O)c1ccc(cc1)Br,1.094769
27023279,C=CCn1cccc/c/1=C\c1sc2c([n+]1C)cccc2,1.092147
22718327,COc1ccc(cc1)Nc1nc(Nc2ccc(cc2)NC(=O)c2cccc(c2)Cl)nc(c1)C,1.092125
27183059,CCCC(=O)Nc1ccc(cc1)Nc1nc(C)cc(n1)Nc1ccccc1,1.092034
27183031,CCNc1nc(Nc2ccc(cc2)NC(=O)c2cccc(c2)Cl)nc(c1)C,1.091821
27183077,Cc1nc(Nc2ccc(cc2)NC(=O)C(C)(C)C)nc(c1)Nc1ccc(cc1)C,1.091775
27183065,CCC(C(=O)Nc1ccc(cc1)Nc1nc(C)cc(n1)Nc1ccccc1)CC,1.091682
22718111,CCNc1nc(Nc2ccc(cc2)NC(=O)c2cccc(c2)Br)nc(c1)C,1.091340
22718209,CCC(=O)Nc1ccc(cc1)Nc1nc(C)cc(n1)Nc1ccc(cc1)C,1.088323
22719091,COc1ccc(cc1)Nc1nc(Nc2ccc(cc2)NS(=O)(=O)c2cccc(c2)Cl)nc(c1)C,1.087625
32499273,COc1cccc(c1)C(=O)Nc1ccc(cc1)Nc1cc(C)nc(n1)Nc1ccc(cc1)C,1.087226
22718249,Cc1nc(Nc2ccc(cc2)NC(=O)c2ccc(cc2)F)nc(c1)Nc1ccc(cc1)C,1.084992
32499279,Cc1cc(Nc2ccc(cc2)NC(=O)c2ccc(cc2)F)nc(n1)Nc1ccc(cc1)C,1.083379
22718991,Cc1nc(Nc2ccc(cc2)NS(=O)(=O)c2ccc(cc2)Cl)nc(c1)Nc1ccc(cc1)C,1.083187
2144892,Clc1cccc(c1)C(c1ccc2c(c1O)nccc2)Nc1cccc(n1)C,1.082979
17418277,CCn1ccc(=Cc2ccc3c([n+]2C)cc(cc3)C)cc1,1.081556
27183063,Cc1nc(Nc2ccc(cc2)NC(=O)C(C)(C)C)nc(c1)Nc1ccccc1,1.080913
22718109,CCNc1cc(C)nc(n1)Nc1ccc(cc1)NC(=O)c1ccc(cc1)Cl,1.080862
22719055,COc1ccc(cc1)Nc1nc(Nc2ccc(cc2)NS(=O)(=O)c2ccc(cc2)F)nc(c1)C,1.080817
22719087,COc1ccc(cc1)Nc1nc(Nc2ccc(cc2)NS(=O)(=O)c2cccc(c2)F)nc(c1)C,1.080457
16165767,CCc1cccc(c1)NC(=O)C1c2ccccc2C(=O)N(C1c1cccs1)C1CCCC1,1.078425
27022970,CCn1cccc/c/1=C\c1ccc2c([n+]1C)ccc(c2)C,1.078368
22718325,COc1ccc(cc1)Nc1nc(Nc2ccc(cc2)NC(=O)c2ccc(cc2)F)nc(c1)C,1.075899
22718295,COc1ccc(cc1)Nc1nc(Nc2ccc(cc2)NC(=O)C(C)(C)C)nc(c1)C,1.075401
2144462,Clc1ccc(cc1)C(c1ccc2c(c1O)nccc2)Nc1cccc(n1)C,1.075164
2073218,Cc1ccc(c(c1)N1CCN(CC1)Cc1cc(Br)ccc1O)C,1.074025
32854739,COc1ccc(cc1)Nc1nc(Nc2ccc(cc2)NC(=O)C(C)C)nc(c1)C,1.073727
22718247,Cc1nc(Nc2ccc(cc2)NC(=O)c2cccc(c2)F)nc(c1)Nc1ccc(cc1)C,1.073358
22718915,COc1ccc(cc1)S(=O)(=O)Nc1ccc(cc1)Nc1nc(C)cc(n1)Nc1ccccc1,1.072804
2143800,Clc1c(Cl)cccc1C(c1ccc2c(c1O)nccc2)Nc1ccccn1,1.072572
32499277,Cc1ccc(cc1)Nc1nc(Nc2ccc(cc2)NC(=O)c2cccc(c2)F)cc(n1)C,1.070783
2072786,Brc1ccc(c(c1)CN1CCN(CC1)c1cccc(c1C)C)O,1.070422
27183079,CCC(C(=O)Nc1ccc(cc1)Nc1nc(C)cc(n1)Nc1ccc(cc1)C)CC,1.070157
27183025,CCNc1nc(Nc2ccc(cc2)NC(=O)c2ccc(cc2)OC)nc(c1)C,1.069732
27183055,CCNc1cc(C)nc(n1)Nc1ccc(cc1)NC(=O)c1cccc(c1)OC,1.069167
17418800,C=CC[n+]1c(ccc2c1ccc(c2)C)C=c1ccn(cc1)CC,1.068866
26732887,CCn1/c(=C/c2cccc[n+]2C)/sc2c1cccc2,1.068273
22718989,Cc1nc(Nc2ccc(cc2)NS(=O)(=O)c2ccc(cc2)F)nc(c1)Nc1ccc(cc1)C,1.067231
22718151,Cc1nc(Nc2ccc(cc2)NC(=O)C(C)C)nc(c1)Nc1ccccc1,1.066446
27183145,Cc1nc(Nc2ccc(cc2)NC(=O)c2cccc(c2)C)nc(c1)N1CCCC1,1.065331
22718179,Cc1nc(Nc2ccc(cc2)NC(=O)c2ccc(cc2)Cl)nc(c1)Nc1ccccc1,1.064970
17418756,C=CCn1ccc(=Cc2ccc3c([n+]2CC)ccc(c3)C)cc1,1.064865
32499259,CC(CC(=O)Nc1ccc(cc1)Nc1cc(C)nc(n1)Nc1ccc(cc1)C)C,1.064460
22718323,COc1ccc(cc1)Nc1nc(Nc2ccc(cc2)NC(=O)c2cccc(c2)F)nc(c1)C,1.063822
27022902,OCCn1/c(=C/c2sc3c([n+]2C)cccc3)/sc2c1ccc(c2)C,1.063612
27183181,Cc1nc(Nc2ccc(cc2)NC(=O)c2cccc(c2)C)nc(c1)N1CCCCC1,1.063447
1426210,Cc1ccc2c(c1)n(C)/c(=C/c1cccc[n+]1C)/cc2,1.062710
17418798,C=CCn1ccc(=Cc2ccc3c([n+]2CC)cc(cc3)C)cc1,1.061540
15936231,C=CC[n+]1c(C=c2ccn(cc2)C)sc2c1cccc2,1.058821
13105968,CCCCCCn1c(=N)n(c2c1cccc2)CC(COc1ccccc1C)O,1.058721
17483026,CCN(c1nc(Nc2ccc(cc2)NC(=O)Nc2ccc(cc2)Cl)nc(c1)C)CC,1.058411
22718757,CCN(c1nc(Nc2ccc(cc2)NC(=O)c2cccc(c2)C)nc(c1)C)CC,1.057908
22718161,Cc1nc(Nc2ccc(cc2)NC(=O)c2ccc(cc2)C)nc(c1)Nc1ccccc1,1.057540
2221964,Clc1cc(ccc1Cl)C(c1ccc2c(c1O)nccc2)Nc1ccccn1,1.057341
27183179,Cc1nc(Nc2ccc(cc2)NC(=O)c2ccccc2C)nc(c1)N1CCCCC1,1.057155
22718093,CCNc1nc(Nc2ccc(cc2)NC(=O)c2ccc(cc2)OCC)nc(c1)C,1.057105
27022938,CC[n+]1ccccc1/C=c/1\sc2c(n1C)cc(cc2)C,1.055966
32499257,O=C(C(C)C)Nc1ccc(cc1)Nc1cc(C)nc(n1)Nc1ccc(cc1)C,1.055425
2128518,Clc1ccc(cc1)CN1CCN(CC1)Cc1cc(Br)ccc1O,1.055058
22718837,COc1cccc(c1)C(=O)Nc1ccc(cc1)Nc1nc(C)cc(n1)N(CC)CC,1.053436
22718491,Cc1nc(Nc2ccc(cc2)NC(=O)c2ccccc2C)nc(c1)N1CCCC1,1.053218
27022958,CC[n+]1c(ccc2c1ccc(c2)C)/C=c\1/ccccn1C,1.053205
17418802,C=CC[n+]1c(C=c2ccn(cc2)CC)cc(c2c1cccc2)C,1.052332
16165805,CCc1ccccc1NC(=O)C1c2ccccc2C(=O)N(C1c1cccs1)C1CCCC1,1.051967
22719021,Cc1nc(Nc2ccc(cc2)NS(=O)(=O)c2cccc(c2)F)nc(c1)Nc1ccc(cc1)C,1.051030
27022966,CCn1cccc/c/1=C/c1ccc2c([n+]1CC)ccc(c2)C,1.050638
13105970,CCCCCCn1c(=N)n(c2c1cccc2)CC(COc1cccc(c1)C)O,1.050629
22718183,Cc1nc(Nc2ccc(cc2)NC(=O)c2ccc(cc2)Br)nc(c1)Nc1ccccc1,1.050295
22718843,CCNc1cc(C)nc(n1)Nc1ccc(cc1)NS(=O)(=O)c1ccc(c(c1)C)C,1.050238
8211539,CCCn1c2CCCCc2c(=N)c2c1CCC2,1.049522
4372447,CCn1c2CCCCc2c(=N)c2c1CCC2,1.049413
22718163,COc1ccc(cc1)C(=O)Nc1ccc(cc1)Nc1nc(C)cc(n1)Nc1ccccc1,1.049280
2389439,Clc1cccc(c1)CN1CCN(CC1)Cc1cc(Br)ccc1O,1.049253
27183041,CCNc1cc(C)nc(n1)Nc1ccc(cc1)NC(=O)c1cccc(c1)C(F)(F)F,1.049089
17418796,C=CCn1ccc(=Cc2cc(C)c3c([n+]2CC)cccc3)cc1,1.048620
2145148,Clc1ccc(c(c1)Cl)C(c1ccc2c(c1O)nccc2)Nc1ccccn1,1.047734
27023339,C=CC[n+]1c(ccc2c1ccc(c2)C)/C=c/1\ccccn1CC,1.047120
17483028,CCN(c1cc(C)nc(n1)Nc1ccc(cc1)NC(=O)Nc1cccc(c1)Cl)CC,1.046902
22718287,CCC(=O)Nc1ccc(cc1)Nc1nc(C)cc(n1)Nc1ccc(cc1)OC,1.046868
27183043,CCNc1nc(Nc2ccc(cc2)NC(=O)c2ccc(cc2)C(F)(F)F)nc(c1)C,1.046459
27183095,COc1ccc(cc1)Nc1nc(Nc2ccc(cc2)NC(=O)C(CC)CC)nc(c1)C,1.045092
32499253,CCC(=O)Nc1ccc(cc1)Nc1cc(C)nc(n1)Nc1ccc(cc1)C,1.044434
16165715,CCc1ccc(cc1)NC(=O)C1c2ccccc2C(=O)N(C1c1cccs1)C1CCCC1,1.044423
22718965,COc1ccc(cc1C)S(=O)(=O)Nc1ccc(cc1)Nc1nc(C)cc(n1)Nc1ccccc1,1.044329
22719025,Cc1nc(Nc2ccc(cc2)NS(=O)(=O)c2cccc(c2)Cl)nc(c1)Nc1ccc(cc1)C,1.043656
27023333,C=CCn1cccc/c/1=C\c1ccc2c([n+]1CC)cc(cc2)C,1.042464
22718925,Cc1nc(Nc2ccc(cc2)NS(=O)(=O)c2ccc(cc2)Cl)nc(c1)Nc1ccccc1,1.042003
32499771,Cc1cc(Nc2ccc(cc2)NS(=O)(=O)c2ccc(cc2)F)nc(n1)Nc1ccc(cc1)C,1.041687
22718175,Cc1nc(Nc2ccc(cc2)NC(=O)c2ccc(cc2)F)nc(c1)Nc1ccccc1,1.040449
2254126,CCC(=O)NC(c1ccc2c(c1O)nccc2)c1ccccc1Cl,1.038448
16165813,Clc1ccc(cc1)NC(=O)C1c2ccccc2C(=O)N(C1c1cccs1)C1CCCC1,1.038172
22718903,CCNc1nc(Nc2ccc(cc2)NS(=O)(=O)c2cc(C)c(cc2C)OC)nc(c1)C,1.038082
16165247,COc1ccc(cc1Cl)NC(=O)C1c2ccccc2C(=O)N(C1c1cccs1)CC(C)C,1.038052
1426212,Cc1cccc2c1n(C)/c(=C/c1cccc[n+]1C)/cc2,1.036752
22719041,COc1ccc(cc1)Nc1nc(Nc2ccc(cc2)NS(=O)(=O)c2ccccc2)nc(c1)C,1.036672
22718909,Cc1nc(Nc2ccc(cc2)NS(=O)(=O)c2ccc(cc2)C)nc(c1)Nc1ccccc1,1.036640
17483032,CCN(c1cc(C)nc(n1)Nc1ccc(cc1)NC(=O)Nc1cccc(c1)C)CC,1.034770
22718317,CCOc1ccc(cc1)C(=O)Nc1ccc(cc1)Nc1nc(C)cc(n1)Nc1ccc(cc1)OC,1.034694
1342497,CCCOC(=O)C1=C(C)NC2=C(C1c1ccccc1F)C(=O)CC(C2)c1ccc(c(c1)OC)OC,1.034544
22718891,CCNc1nc(Nc2ccc(cc2)NS(=O)(=O)c2cc(C)ccc2C)nc(c1)C,1.033753
32499777,Cc1ccc(cc1)Nc1nc(Nc2ccc(cc2)NS(=O)(=O)c2cccc(c2)F)cc(n1)C,1.033642
1730999,COc1ccc(cc1)Nc1nc(NCc2ccccc2)c2c(n1)cccc2,1.032374
2254171,CCC(=O)NC(c1ccc2c(c1O)nccc2)c1ccc(cc1)Cl,1.031545
32499263,Cc1ccc(cc1)Nc1nc(Nc2ccc(cc2)NC(=O)c2ccccc2)cc(n1)C,1.030291
16165531,COc1ccc(cc1)NC(=O)C1c2ccccc2C(=O)N(C1c1cccs1)CC(C)C,1.029962
25827192,CCn1/c(=C/c2cccc[n+]2C)/ccc2c1cc(C)cc2,1.029703
22718337,COc1ccc(cc1)Nc1nc(Nc2ccc(cc2)NC(=O)c2ccc(cc2)C(F)(F)F)nc(c1)C,1.029685
1342717,CCOC(=O)C1=C(C)NC2=C(C1c1ccccc1C)C(=O)CC(C2)c1ccc(c(c1)OC)OC,1.026991
22718229,Cc1nc(Nc2ccc(cc2)NC(=O)c2ccccc2)nc(c1)Nc1ccc(cc1)C,1.024426
22718755,CCN(c1nc(Nc2ccc(cc2)NC(=O)c2ccccc2C)nc(c1)C)CC,1.024103
17483036,CCN(c1nc(Nc2ccc(cc2)NC(=O)Nc2ccc(cc2)F)nc(c1)C)CC,1.023298
22718517,Cc1nc(Nc2ccc(cc2)NC(=O)c2ccccc2I)nc(c1)N1CCCC1,1.023207
22718219,Cc1nc(Nc2ccc(cc2)NC(=O)CC(C)(C)C)nc(c1)Nc1ccc(cc1)C,1.022724
16161733,CCCN1CCN(CC1)CCCNC(=O)c1ccc2c(c1)sc1n2cc(n1)c1ccc(cc1)OC,1.022692
22718783,CCN(c1nc(Nc2ccc(cc2)NC(=O)c2cccc(c2)Cl)nc(c1)C)CC,1.022436
27023293,Cc1ccc2c(c1)cc/c(=C\c1sc3c([n+]1C)cccc3)/n2C,1.021086
32499001,CCNc1nc(Nc2ccc(cc2)NC(=O)c2cccc(c2)Cl)cc(n1)C,1.020402
16165255,COc1ccc(cc1NC(=O)C1c2ccccc2C(=O)N(C1c1cccs1)CC(C)C)Cl,1.020334
22718335,COc1ccc(cc1)Nc1nc(Nc2ccc(cc2)NC(=O)c2cccc(c2)C(F)(F)F)nc(c1)C,1.020245
22719067,CCc1ccc(cc1)S(=O)(=O)Nc1ccc(cc1)Nc1nc(C)cc(n1)Nc1ccc(cc1)OC,1.019881
15930243,Cc1ccnc(c1)NC(c1ccc2c(c1O)nccc2)c1ccccc1Cl,1.019662
22718849,CCCCOc1ccc(cc1)S(=O)(=O)Nc1ccc(cc1)Nc1nc(C)cc(n1)NCC,1.019326
24358687,CCN1CCN(CC1)c1cc(C)c2c(n1)ccc(c2)NC(=S)NCCN1CCN(CC1)c1ccccc1F,1.018497
2642227,C=CCN1C(=O)c2c(C1c1cccc(c1)OCC)c(n[nH]2)c1c(C)cc(cc1O)C,1.016720
32498989,CCNc1nc(Nc2ccc(cc2)NC(=O)c2cccc(c2)OC)cc(n1)C,1.016345
22718437,Cc1nc(Nc2ccc(cc2)NC(=O)c2ccc(cc2)C(F)(F)F)nc(c1)N(C)C,1.016098
22718435,Cc1nc(Nc2ccc(cc2)NC(=O)c2cccc(c2)C(F)(F)F)nc(c1)N(C)C,1.015774
27183097,COc1ccc(cc1)Nc1nc(Nc2ccc(cc2)NC(=O)c2ccccc2)nc(c1)C,1.015676
22719049,COc1ccc(cc1)Nc1nc(Nc2ccc(cc2)NS(=O)(=O)c2ccc(cc2)OC)nc(c1)C,1.015617
32501525,COc1cccc(c1)S(=O)(=O)Nc1ccc(cc1)Nc1cc(C)nc(n1)Nc1ccc(cc1)C,1.015124
4563969,CCCCCCn1c(=N)n(c2c1cccc2)CC(COc1ccc(cc1)C)O,1.014896
22718765,COc1ccc(cc1)C(=O)Nc1ccc(cc1)Nc1nc(C)cc(n1)N(CC)CC,1.014166
22718789,CCN(c1nc(Nc2ccc(cc2)NC(=O)c2cccc(c2)Br)nc(c1)C)CC,1.013169
4418948,CCCn1c2CCCc2c(=N)c2c1CCC2,1.011702
27023307,Cc1ccc2c(c1)[n+](C)c(s2)/C=c/1\ccc2c(n1C)cccc2,1.011676
17483034,COc1ccc(cc1)NC(=O)Nc1ccc(cc1)Nc1nc(C)cc(n1)N(CC)CC,1.011122
24358815,CN1CCN(CC1)c1cc(C)c2c(n1)ccc(c2)NC(=S)NCCCN1CCN(CC1)c1ccc(cc1)F,1.010800
5452884,Cc1ccc2c(c1)sc(n2)NNC(=O)c1ccc(cc1)S(=O)(=O)N(C)C,1.010538
2127510,Brc1ccc(c(c1)CN1CCN(CC1)Cc1ccccc1Cl)O,1.009719
22718513,Cc1nc(Nc2ccc(cc2)NC(=O)c2ccccc2Br)nc(c1)N1CCCC1,1.009098
22718899,CCNc1cc(C)nc(n1)Nc1ccc(cc1)NS(=O)(=O)c1cc(OC)c(cc1C)C,1.008349
24358679,CCN1CCN(CC1)c1cc(C)c2c(n1)ccc(c2)NC(=S)NCCN1CCN(CC1)c1cccc(c1)Cl,1.007668
22718865,CCNc1cc(C)nc(n1)Nc1ccc(cc1)NS(=O)(=O)c1cc(ccc1C)C(C)C,1.007283
22718759,CCN(c1cc(C)nc(n1)Nc1ccc(cc1)NC(=O)c1ccc(cc1)C)CC,1.007232
24358605,CCN1CCN(CC1)c1cc(C)c2c(n1)ccc(c2)NC(=S)NCCCN1CCN(CC1)c1cccc(c1)Cl,1.006928
32498991,CCNc1nc(Nc2ccc(cc2)NC(=O)c2ccc(cc2)OC)cc(n1)C,1.006825
16165233,COc1ccccc1NC(=O)C1c2ccccc2C(=O)N(C1c1cccs1)CC(C)C,1.005858
1342681,COc1ccc(cc1OC)C1CC(=O)C2=C(C1)NC(=C(C2c1ccccc1F)C(=O)OC(C)C)C,1.005537
22718917,CCOc1ccc(cc1)S(=O)(=O)Nc1ccc(cc1)Nc1nc(C)cc(n1)Nc1ccccc1,1.005262
22718465,COc1cccc(c1)C(=O)Nc1ccc(cc1)Nc1nc(C)cc(n1)N(C)C,1.004719
1342557,CCOC(=O)C1=C(C)NC2=C(C1c1cccc(c1)C)C(=O)CC(C2)c1ccc(c(c1)OC)OC,1.003309
27183221,COc1cccc(c1)C(=O)Nc1ccc(cc1)Nc1nc(C)cc(n1)N1CCCCC1,1.003281
9417026,CCCN1C(=O)c2c(C1c1cccc(c1)OC)c(n[nH]2)c1c(C)cc(cc1O)C,1.002905
22718863,CCNc1cc(C)nc(n1)Nc1ccc(cc1)NS(=O)(=O)c1cc(C)c(cc1C)C,1.002297
22718139,CCCCOc1ccc(cc1)C(=O)Nc1ccc(cc1)Nc1nc(C)cc(n1)NCC,1.001117
2642183,C=CCN1C(=O)c2c(C1c1ccc(cc1)OCC)c(n[nH]2)c1c(C)cc(cc1O)C,1.000806
22718103,CCNc1nc(Nc2ccc(cc2)NC(=O)c2cccc(c2)F)nc(c1)C,1.000525
2167934,COc1ccccc1Nc1nc(NCc2ccccc2)c2c(n1)cccc2,1.000167
24310360,Ic1cccc(c1)N(C1=C(N(C)C)C(=O)c2c(C1=O)cccc2)C(=O)C,1.000137
22718977,Cc1nc(Nc2ccc(cc2)NS(=O)(=O)c2ccccc2)nc(c1)Nc1ccc(cc1)C,0.998409
2005336,Clc1cccc(c1)C(c1cc(Cl)c2c(c1O)nccc2)Nc1ccccn1,0.998302
32499763,Cc1ccc(cc1)Nc1nc(Nc2ccc(cc2)NS(=O)(=O)c2ccccc2)cc(n1)C,0.997551
5452666,O=C(c1ccc(cc1)S(=O)(=O)N(C)C)NNc1sc2c(n1)c(C)ccc2,0.997513
32499003,CCNc1nc(Nc2ccc(cc2)NC(=O)c2ccc(cc2)Cl)cc(n1)C,0.997277
27022930,CC[n+]1ccccc1/C=c/1\ccc2c(n1C)ccc(c2)C,0.993560
27183039,CCNc1nc(Nc2ccc(cc2)NC(=O)c2ccccc2C(F)(F)F)nc(c1)C,0.992758
1342849,CCCOC(=O)C1=C(C)NC2=C(C1c1ccccc1C)C(=O)CC(C2)c1ccc(c(c1)OC)OC,0.992653
4391516,CCCCCCCn1c(=N)n(c2c1cccc2)CC(COc1ccccc1)O,0.992553
22718097,CCOc1cc(ccc1OCC)C(=O)Nc1ccc(cc1)Nc1nc(C)cc(n1)NCC,0.992227
27022932,CC[n+]1ccccc1/C=c/1\ccc2c(n1C)cc(cc2)C,0.992049
27012738,CCn1/c(=C/c2cccc[n+]2C)/ccc2c1cccc2,0.992023
22718841,CCNc1cc(C)nc(n1)Nc1ccc(cc1)NS(=O)(=O)c1ccc(cc1C)C,0.991430
2642211,CCCN1C(=O)c2c(C1c1ccc(cc1)OC)c(n[nH]2)c1c(C)cc(cc1O)C,0.989978
2145250,Clc1cccc(c1C(c1ccc2c(c1O)nccc2)Nc1ccccn1)Cl,0.989716
16165553,CC(CN1C(=O)c2ccccc2C(C1c1cccs1)C(=O)Nc1cccc(c1)C(=O)C)C,0.988441
16165281,COc1ccccc1CNC(=O)C1c2ccccc2C(=O)N(C1c1cccs1)CC(C)C,0.985969
22718251,Cc1nc(Nc2ccc(cc2)NC(=O)c2ccc(cc2)Cl)nc(c1)Nc1ccc(cc1)C,0.985898
32499609,CCNc1nc(Nc2ccc(cc2)NS(=O)(=O)c2ccc(c(c2)C)C)cc(n1)C,0.985217
22718779,CCN(c1cc(C)nc(n1)Nc1ccc(cc1)NC(=O)c1ccc(cc1)F)CC,0.985204
22718935,CCc1ccc(cc1)S(=O)(=O)Nc1ccc(cc1)Nc1nc(C)cc(n1)Nc1ccccc1,0.984840
27183029,CCNc1nc(Nc2ccc(cc2)NC(=O)c2ccccc2Cl)nc(c1)C,0.984057
22718463,Cc1nc(Nc2ccc(cc2)NC(=O)c2ccc(c(c2)C)C)nc(c1)N(C)C,0.983456
27183199,Cc1nc(Nc2ccc(cc2)NC(=O)c2ccccc2Cl)nc(c1)N1CCCCC1,0.982937
32499041,Cc1cccc(c1)C(=O)Nc1ccc(cc1)Nc1cc(C)nc(n1)N1CCCC1,0.981737
4370074,CCCCCCCCn1ccc(=N)cc1,0.981090
22718239,CCOc1ccc(cc1)C(=O)Nc1ccc(cc1)Nc1nc(C)cc(n1)Nc1ccc(cc1)C,0.980448
27183093,COc1ccc(cc1)Nc1nc(Nc2ccc(cc2)NC(=O)CC(C)(C)C)nc(c1)C,0.979458
32499109,Cc1cccc(c1)C(=O)Nc1ccc(cc1)Nc1cc(C)nc(n1)N1CCCCC1,0.979034
27023086,C=CCn1cc/c(=C/c2sc3c([n+]2C)cccc3)/c2c1cccc2,0.978597
10054017,CCCCC(C(c1ccccc1)CN1CCOCC1)(c1ccc(cc1)CC)O,0.978359
1078853,CCCCn1c(=N)n(c2c1cccc2)CC(c1ccc(cc1)Cl)O,0.977665
22719081,COc1ccc(cc1)Nc1nc(Nc2ccc(cc2)NS(=O)(=O)c2ccc(cc2)Br)nc(c1)C,0.977489
16161929,CCCN1CCN(CC1)CCCNC(=O)c1ccc2c(c1)sc1n2cc(n1)c1cccc(c1)OC,0.976209
16078844,CCC(Nc1sc(nc1S(=O)(=O)c1ccc(cc1)C)S(=O)(=O)CC)C,0.974782
1239350,OC(Cn1c2ccc(cc2c2c1ccc(c2)Cl)Cl)CNC1CCCCC1,0.974427
2642201,C=CCN1C(=O)c2c(C1c1cccc(c1)OC)c(n[nH]2)c1c(C)cc(cc1O)C,0.974081
27658920,COc1cccc(c1)Nc1nc(NCc2ccccc2)c2c(n1)cccc2,0.973172
5453058,Cc1cc(C)c2c(c1)sc(n2)NNC(=O)c1ccc(cc1)S(=O)(=O)N(C)C,0.973125
2394703,Clc1ccc(c(c1)Cl)C(c1ccc2c(c1O)nccc2)Nc1nccc(c1)C,0.972286
22718433,Cc1nc(Nc2ccc(cc2)NC(=O)c2ccccc2C(F)(F)F)nc(c1)N(C)C,0.972277
27183163,Cc1nc(Nc2ccc(cc2)NC(=O)c2cccc(c2)Br)nc(c1)N1CCCC1,0.972174
4371639,CCCCCCCCCn1ccc(=N)cc1,0.972095
32499107,Cc1cc(Nc2ccc(cc2)NC(=O)c2ccccc2C)nc(n1)N1CCCCC1,0.969866
1342725,COC(=O)C1=C(C)NC2=C(C1c1ccccc1C)C(=O)CC(C2)c1ccc(c(c1)OC)OC,0.969704
2642213,C=CCN1C(=O)c2c(C1c1ccc(cc1)OC)c(n[nH]2)c1c(C)cc(cc1O)C,0.969372
17416845,CCCCOc1ccc(cc1)N(C1=C(N2CCCCC2)C(=O)c2c(C1=O)cccc2)C(=O)C,0.968690
2597477,CCOc1cc(ccc1O)C1CC(=O)NC2=C1C(=O)CC(C2)c1ccc(c(c1)OC)OC,0.968370
2353555,Oc1ccc(cc1CN1CCN(CC1)c1cccc(c1C)C)[N+](=O)[O-],0.968048
1998986,OC(Cn1c2ccc(cc2c2c1ccc(c2)Cl)Cl)CNC1CCCC1,0.966186
27012742,CCn1cc/c(=C/c2cccc[n+]2C)/c2c1cccc2,0.965097
27012736,Cn1/c(=C/c2cccc[n+]2C)/ccc2c1cccc2,0.964679
32499039,Cc1cc(Nc2ccc(cc2)NC(=O)c2ccccc2C)nc(n1)N1CCCC1,0.963245
2165789,Clc1cccc(c1)C(c1ccc2c(c1O)nc(cc2)C)Nc1ccccn1,0.961873
22718509,Cc1nc(Nc2ccc(cc2)NC(=O)c2ccccc2Cl)nc(c1)N1CCCC1,0.961397
2015724,Cc1ccc(c(c1)N1CCN(CC1)Cc1cc(ccc1O)[N+](=O)[O-])C,0.961066
32499269,Cc1ccc(cc1)Nc1nc(Nc2ccc(cc2)NC(=O)c2ccc(cc2)C)cc(n1)C,0.960995
27183071,Cc1nc(Nc2ccc(cc2)NC(=O)c2cccc(c2)Br)nc(c1)Nc1ccccc1,0.960993
22718207,Cc1nc(Nc2ccc(cc2)NC(=O)C)nc(c1)Nc1ccc(cc1)C,0.960982
32499013,CCNc1nc(Nc2ccc(cc2)NC(=O)c2cccc(c2)C(F)(F)F)cc(n1)C,0.960981
1342773,CCCOC(=O)C1=C(C)NC2=C(C1c1ccccc1Cl)C(=O)CC(C2)c1ccc(c(c1)OC)OC,0.960621
16098728,CCOCc1cc(CN2CCN(CC2)c2cccc(c2)C(F)(F)F)c(c2c1cccn2)O,0.960165
5453090,Cc1cc(C)c2c(c1)nc(s2)NNC(=O)c1ccc(cc1)S(=O)(=O)N(C)C,0.959622
2072932,Brc1ccc(c(c1)CN1CCN(CC1)Cc1ccccc1)O,0.959585
1997571,Cc1ccnc(c1)NC(c1ccc2c(c1O)nccc2)c1cccc(c1Cl)Cl,0.959541
32499015,CCNc1nc(Nc2ccc(cc2)NC(=O)c2ccc(cc2)C(F)(F)F)cc(n1)C,0.959146
2147160,O=C(c1cccnc1)NC(c1cc(Cl)c2c(c1O)nccc2)c1cccc(c1)[N+](=O)[O-],0.958528
1325899,CCCC(=O)NC(c1ccc2c(c1O)nccc2)c1ccc(cc1)OC,0.958230
1997251,Brc1ccc(cc1)C(c1ccc2c(c1O)nccc2)Nc1ccccn1,0.958146
27183201,Cc1nc(Nc2ccc(cc2)NC(=O)c2cccc(c2)Cl)nc(c1)N1CCCCC1,0.956674
22718205,COc1cccc(c1)C(=O)Nc1ccc(cc1)Nc1nc(C)cc(n1)Nc1ccccc1,0.956547
17416865,CCCCCOc1ccc(cc1)N(C1=C(N2CCOCC2)C(=O)c2c(C1=O)cccc2)C(=O)C,0.956246
17416847,CCCCOc1ccc(cc1)N(C1=C(N2CCOCC2)C(=O)c2c(C1=O)cccc2)C(=O)C,0.956204
22718407,CCOc1cc(ccc1OCC)C(=O)Nc1ccc(cc1)Nc1nc(C)cc(n1)N(C)C,0.956160
22718233,Cc1ccc(cc1)Nc1cc(C)nc(n1)Nc1ccc(cc1)NC(=O)c1ccc(cc1)C,0.955585
22718551,Cc1nc(Nc2ccc(cc2)NC(=O)c2cccc(c2)I)nc(c1)N1CCCC1,0.955058
2148847,O=C(c1cccnc1)NC(c1cc(Cl)c2c(c1O)nccc2)c1ccc(cc1)[N+](=O)[O-],0.954687
1342629,COCCOC(=O)C1=C(C)NC2=C(C1c1ccccc1F)C(=O)CC(C2)c1ccc(c(c1)OC)OC,0.952431
22718983,CCOc1ccc(cc1)S(=O)(=O)Nc1ccc(cc1)Nc1nc(C)cc(n1)Nc1ccc(cc1)C,0.952345
27183161,Cc1nc(Nc2ccc(cc2)NC(=O)c2cccc(c2)Cl)nc(c1)N1CCCC1,0.951677
10054030,CCc1ccc(cc1)C(C(c1ccccc1)CN1CCOCC1)(CCC(C)C)O,0.951592
17018086,OCCN1CCN(CC1)c1nc(Nc2cccc(c2)F)c2c(n1)n(nc2)c1ccccc1,0.951325
1414611,COc1cc(OC)ccc1CN1CCN(CC1)Cc1cc(Br)ccc1O,0.951259
16165469,CC(CN1C(=O)c2ccccc2C(C1c1cccs1)C(=O)Nc1ccc(cc1Cl)C)C,0.949415
11069404,O=c1n(cnc2c1cnn2C(C)(C)C)Cc1cccc(c1)C(F)(F)F,0.948906
3038265,Clc1ccc(cc1)C(c1ccc2c(c1O)nccc2)Nc1nccc(c1)C,0.948738
27183027,CCNc1nc(Nc2ccc(cc2)NC(=O)c2ccccc2F)nc(c1)C,0.948449
2126254,Brc1ccc(c(c1)CN1CCN(CC1)Cc1ccccc1F)O,0.947675
32499825,CCNc1nc(Nc2ccc(cc2)NS(=O)(=O)c2cc(C)c(cc2C)OC)cc(n1)C,0.946682
1342531,CCCOC(=O)C1=C(C)NC2=C(C1c1cccc(c1)C)C(=O)CC(C2)c1ccc(c(c1)OC)OC,0.946654
1553428,COc1cc(ccc1OC)C1CC2=C(C(=O)C1)C(CC(=O)N2)c1ccc(c(c1)OC)OC,0.946364
24308712,Ic1ccc(cc1)NC1=C(N2CCCCC2)C(=O)c2c(C1=O)cccc2,0.946105
1325903,CCCC(=O)NC(c1ccc2c(c1O)nccc2)c1ccc(cc1)Cl,0.945959
1342535,COc1ccc(cc1OC)C1CC(=O)C2=C(C1)NC(=C(C2c1ccccc1Cl)C(=O)OC(C)C)C,0.945751
32499819,CCNc1nc(Nc2ccc(cc2)NS(=O)(=O)c2cc(ccc2C)C(C)C)cc(n1)C,0.945498
22718395,Cc1nc(Nc2ccc(cc2)NC(=O)c2cccc(c2)C)nc(c1)N(C)C,0.945071
27183313,Cc1ccc(cc1)Nc1cc(C)nc(n1)Nc1ccc(cc1)NS(=O)(=O)c1ccc(cc1)C,0.944601
2597515,CCOc1cc(ccc1O)C1CC(=O)NC2=C1C(=O)CC(C2)c1cc(OC)ccc1OC,0.944322
17416863,CCCCCOc1ccc(cc1)N(C1=C(N2CCCCC2)C(=O)c2c(C1=O)cccc2)C(=O)C,0.944127
22718951,Cc1nc(Nc2ccc(cc2)NS(=O)(=O)c2cccc(c2)C)nc(c1)Nc1ccccc1,0.944121
5674701,COc1ccccc1CCN1COc2c(C1)cc1c(c2C)oc(=O)c(c1C)C,0.943525
22718399,Cc1nc(Nc2ccc(cc2)NC(=O)c2ccc(cc2)C(C)(C)C)nc(c1)N(C)C,0.943516
22718401,COc1ccccc1C(=O)Nc1ccc(cc1)Nc1nc(C)cc(n1)N(C)C,0.943357
24358839,CN1CCN(CC1)c1cc(C)c2c(n1)ccc(c2)NC(=S)NCCN1CCN(CC1)c1ccccc1F,0.942684
32499267,Cc1cc(Nc2ccc(cc2)NC(=O)c2cccc(c2)C)nc(n1)Nc1ccc(cc1)C,0.942481
2125664,Fc1cccc(c1)CN1CCN(CC1)Cc1cc(Br)ccc1O,0.942332
27022012,OCC[n+]1c(sc2c1cccc2)/C=c/1\sc2c(n1C)ccc(c2)C,0.942187
27183147,Cc1ccc(cc1)C(=O)Nc1ccc(cc1)Nc1nc(C)cc(n1)N1CCCC1,0.941587
24358821,CN1CCN(CC1)c1cc(C)c2c(n1)ccc(c2)NC(=S)NCCCN1CCN(CC1)c1ccccc1F,0.940900
15931600,NC1=NC(N(C(=N1)N)c1ccc(cc1)N(C)C)(C)C,0.940477
16010053,CCCN(CCC)CCCNC(=O)c1cc2c(s1)n(nc2c1ccc(c(c1)OC)OC)C,0.940016
22718253,Cc1nc(Nc2ccc(cc2)NC(=O)c2ccc(cc2)Br)nc(c1)Nc1ccc(cc1)C,0.939800
27208485,O=C(c1ccc2c(c1)n(C)c(=O)/c(=C\c1ccccc1Cl)/s2)NC1CCN(CC1)Cc1ccccc1,0.939779
16078374,O=c1n(cnc2c1cnn2C(C)(C)C)Cc1ccc(cc1)C(F)(F)F,0.939611
22718769,CCN(c1nc(Nc2ccc(cc2)NC(=O)c2ccc(c(c2)OC)OC)nc(c1)C)CC,0.939303
1342679,CCCOC(=O)C1=C(C)NC2=C(C1c1ccccc1OC)C(=O)CC(C2)c1ccc(c(c1)OC)OC,0.939223
1342645,CCCOC(=O)C1=C(C)NC2=C(C1c1ccc(cc1)F)C(=O)CC(C2)c1ccc(c(c1)OC)OC,0.939073
32499817,CCNc1nc(Nc2ccc(cc2)NS(=O)(=O)c2cc(C)c(cc2C)C)cc(n1)C,0.938984
2407746,Fc1ccccc1Nc1nc(NCc2ccccc2)c2c(n1)cccc2,0.938913
27183309,CCNc1nc(Nc2ccc(cc2)NS(=O)(=O)c2ccc(c(c2)C)OC)nc(c1)C,0.938604
27183111,COc1ccc(cc1)C(=O)Nc1ccc(cc1)Nc1nc(C)cc(n1)N(C)C,0.937963
1874748,CN1CCN(CC1)Cc1c(O)ccc2c1oc(c(c2=O)Oc1ccccc1C(C)C)C(F)(F)F,0.937911
4409593,CCN(CCn1c(=N)n(c2c1cccc2)CC(c1ccc(c(c1)Cl)Cl)O)CC,0.937857
16839469,OCCN1CCN(CC1)c1nc(Nc2ccc(cc2)F)c2c(n1)n(nc2)c1ccccc1,0.937450
32499767,Cc1ccc(cc1)Nc1nc(Nc2ccc(cc2)NS(=O)(=O)c2ccc(cc2)C)cc(n1)C,0.937395
1997275,Brc1ccc(cc1)C(c1ccc2c(c1O)nccc2)Nc1cccc(n1)C,0.937093
2411997,CCOc1ccc(cc1)Nc1nc(NCc2ccccc2)c2c(n1)cccc2,0.936819
24308716,Ic1ccc(cc1)NC1=C(N2CCOCC2)C(=O)c2c(C1=O)cccc2,0.936814
43306136,COc1ccc(cc1)CNc1nc(Nc2ccccc2)nc2c1cccc2,0.936616
8618441,Clc1ccc(c(c1)CN1CCN(CC1)c1cccc(c1C)C)O,0.936067
27183159,Fc1ccc(cc1)C(=O)Nc1ccc(cc1)Nc1nc(C)cc(n1)N1CCCC1,0.935654
22718881,CCNc1cc(C)nc(n1)Nc1ccc(cc1)NS(=O)(=O)c1ccc(cc1)Br,0.935081
9834146,CCCOc1cc(ccc1OCCC)c1nonc1NC(=O)c1ccc(cc1)OC,0.934785
27012740,Cn1cc/c(=C/c2cccc[n+]2C)/c2c1cccc2,0.934349
1342825,CCOC(=O)C1=C(C)NC2=C(C1c1ccccc1Cl)C(=O)CC(C2)c1ccc(c(c1)OC)OC,0.934199
2007842,Brc1ccccc1C(c1cc(Cl)c2c(c1O)nccc2)Nc1ccccn1,0.934059
24358823,CN1CCN(CC1)c1cc(C)c2c(n1)ccc(c2)NC(=S)NCCCN1CCc2c(C1)cccc2,0.934022
22719085,COc1ccc(cc1)Nc1nc(Nc2ccc(cc2)NS(=O)(=O)c2ccccc2F)nc(c1)C,0.933098
17416572,CCOc1ccc(cc1)N(C1=C(N2CCCCC2)C(=O)c2c(C1=O)cccc2)C(=O)C,0.932215
16078838,CCCCNc1sc(nc1S(=O)(=O)c1ccc(cc1)C)S(=O)(=O)CC,0.930353
1342591,COC(=O)C1=C(C)NC2=C(C1c1ccccc1F)C(=O)CC(C2)c1ccc(c(c1)OC)OC,0.929666
1325901,CCCC(=O)NC(c1ccc2c(c1O)nccc2)c1ccc(cc1)C,0.929461
2410453,Fc1ccc(cc1)Nc1nc(NCc2ccccc2)c2c(n1)cccc2,0.929273
2371865,Nc1ccc(cc1)c1[nH]c2c(n1)ccc(c2)c1ccc2c(c1)nc([nH]2)c1ccc(cc1)N,0.929044
1341711,CC(=O)NC(c1ccc2c(c1O)nccc2)c1ccc(cc1)Cl,0.929029
32499265,Cc1ccc(cc1)Nc1nc(Nc2ccc(cc2)NC(=O)c2ccccc2C)cc(n1)C,0.928575
22718095,CCNc1nc(Nc2ccc(cc2)NC(=O)c2ccc(c(c2)OC)OC)nc(c1)C,0.927531
32498995,CCNc1nc(Nc2ccc(cc2)NC(=O)c2cccc(c2)F)cc(n1)C,0.927221
27208469,Clc1cccc(c1)/C=c\1/sc2ccc(cc2n(c1=O)C)C(=O)NC1CCN(CC1)Cc1ccccc1,0.927087
5463736,COc1cc(OC)ccc1NC(=O)CSc1snc(n1)c1ccccc1Cl,0.927020
1997249,Clc1ccc(cc1)C(c1ccc2c(c1O)nccc2)Nc1ccccn1,0.925790
16165329,COc1ccc(c(c1)NC(=O)C1c2ccccc2C(=O)N(C1c1cccs1)CC(C)C)OC,0.924902
1342635,COC(=O)C1=C(C)NC2=C(C1c1cccc(c1)C)C(=O)CC(C2)c1ccc(c(c1)OC)OC,0.924578
22718595,Cc1nc(Nc2ccc(cc2)NC(=O)c2ccc(cc2)C)nc(c1)N1CCCCC1,0.924096
1342467,CCOC(=O)C1=C(C)NC2=C(C1c1ccc(cc1)F)C(=O)CC(C2)c1ccc(c(c1)OC)OC,0.923968
27183185,COc1ccc(cc1)C(=O)Nc1ccc(cc1)Nc1nc(C)cc(n1)N1CCCCC1,0.923565
16165327,CCOc1ccc(cc1)NC(=O)C1c2ccccc2C(=O)N(C1c1cccs1)CC(C)C,0.923294
16098752,CC(OCc1cc(CN2CCN(CC2)c2cccc(c2)Cl)c(c2c1cccn2)O)C,0.922966
22718231,Cc1nc(Nc2ccc(cc2)NC(=O)c2ccccc2C)nc(c1)Nc1ccc(cc1)C,0.922906
16165487,CSc1cccc(c1)NC(=O)C1c2ccccc2C(=O)N(C1c1cccs1)CC(C)C,0.922631
22718901,CCNc1cc(C)nc(n1)Nc1ccc(cc1)NS(=O)(=O)c1cc(ccc1OC)C(C)(C)C,0.922389
11985651,FC(c1ccc(cc1)Cn1cnc2c(c1=O)cnn2c1ccccc1)(F)F,0.922348
32499821,CCNc1nc(Nc2ccc(cc2)NS(=O)(=O)c2cc(OC)c(cc2C)C)cc(n1)C,0.922168
6677909,CCOC(=O)C(C(F)(F)F)(Nc1ccc(cc1)S(=O)(=O)Nc1noc(c1)C)NC(=O)CC,0.921269
1089779,CCN1CCN(CC1)Cc1c(O)ccc2c1oc(c(c2=O)Oc1cc(C)cc(c1)C)C(F)(F)F,0.920726
4464109,Cc1ccc(cc1)Nc1nc(NCc2ccccc2)c2c(n1)cccc2,0.920560
4823141,COc1ccc(cc1)CCN1COc2c(C1)cc1c(c2C)oc(=O)c(c1C)C,0.920527
1237086,Cc1ccc[n+](c1)C(C(=O)c1ccc(cc1)c1ccccc1)C,0.920385
1874750,Oc1ccc2c(c1CN1CCCC1)oc(c(c2=O)Oc1ccccc1C(C)C)C(F)(F)F,0.919908
32499829,CCNc1nc(Nc2ccc(cc2)NS(=O)(=O)c2ccc(c(c2C)C)OC)cc(n1)C,0.919685
29917437,Brc1cccc(c1)C(c1ccc2c(c1O)nccc2)Nc1ccccn1,0.919048
22719121,CCCCOc1ccc(cc1)S(=O)(=O)Nc1ccc(cc1)Nc1nc(C)cc(n1)N(C)C,0.918867
22719015,Cc1nc(Nc2ccc(cc2)NS(=O)(=O)c2ccc(cc2)Br)nc(c1)Nc1ccc(cc1)C,0.917852
22718141,CCNc1nc(Nc2ccc(cc2)NC(=O)c2cc(C)cc(c2)C)nc(c1)C,0.917244
22718949,Cc1nc(Nc2ccc(cc2)NS(=O)(=O)c2ccc(cc2)Br)nc(c1)Nc1ccccc1,0.916790
22719059,COc1ccc(cc1)Nc1nc(Nc2ccc(cc2)NS(=O)(=O)c2ccc(cc2)I)nc(c1)C,0.916494
43305960,Cc1ccc(cc1)CNc1nc(Nc2ccccc2)nc2c1cccc2,0.916444
24358613,CCN1CCN(CC1)c1cc(C)c2c(n1)ccc(c2)NC(=S)NCCCN1CC(C)CC(C1)C,0.916267
5550093,Cc1nc(Nc2ccc(cc2)NC(=O)c2cccc(c2)Br)nc(c1)N1CCCCC1,0.915997
8637478,Cc1ccc(cc1)Nc1c(nc2n1ccc(c2)C)c1ccccn1,0.915431
16837353,COc1cccc(c1)NC(=O)Nc1ccc(cc1)Nc1nc(C)cc(n1)N(C)C,0.915017
22718313,COc1ccc(cc1)Nc1cc(C)nc(n1)Nc1ccc(cc1)NC(=O)c1ccccc1OC,0.914917
16010111,CCCCN(CCCNC(=O)c1cc2c(s1)n(nc2c1ccc(c(c1)OC)OC)C)CC,0.914841
22718363,COc1ccc(cc1)Nc1nc(Nc2ccc(cc2)NC(=O)c2ccc(c(c2)C)C)nc(c1)C,0.914840
2460977,Nc1ccc(cc1)c1[nH]c2c(n1)cc(cc2)Cc1ccc2c(c1)nc([nH]2)c1ccc(cc1)N,0.914786
5463738,COc1ccc(c(c1)NC(=O)CSc1snc(n1)c1ccccc1Cl)OC,0.914422
22719409,CCN(c1nc(Nc2ccc(cc2)NS(=O)(=O)c2cc(C)ccc2OC)nc(c1)C)CC,0.914310
16078224,O=c1n(cnc2c1cnn2c1ccccc1)Cc1cccc(c1)C(F)(F)F,0.914109
32499811,CCNc1nc(Nc2ccc(cc2)NS(=O)(=O)c2cc(C)ccc2C)cc(n1)C,0.914098
24310348,Ic1cccc(c1)NC1=C(N2CCCCC2)C(=O)c2c(C1=O)cccc2,0.913864
22718203,Cc1nc(Nc2ccc(cc2)NC(=O)c2ccc(c(c2)C)C)nc(c1)Nc1ccccc1,0.913855
27183169,Ic1ccc(cc1)C(=O)Nc1ccc(cc1)Nc1nc(C)cc(n1)N1CCCC1,0.913318
22718361,COc1ccc(cc1)Nc1nc(Nc2ccc(cc2)NC(=O)c2cc(C)cc(c2)C)nc(c1)C,0.913316
16042848,CC(CN1C(=O)c2ccccc2C(C1c1cccs1)C(=O)Nc1ccc(c(c1)C)C)C,0.913149
22718761,CCN(c1nc(Nc2ccc(cc2)NC(=O)c2ccc(cc2)C(C)(C)C)nc(c1)C)CC,0.912951
24358661,CCN1CCN(CC1)c1cc(C)c2c(n1)ccc(c2)NC(=S)NCCCN1CCN(CC1)c1ccc(cc1)F,0.911623
1357638,CC(=O)NC(c1ccc2c(c1O)nccc2)c1ccc(cc1Cl)Cl,0.911069
24842843,CN(CCn1c(=N)n(c2c1cccc2)CC(c1ccc(c(c1)Cl)Cl)O)C,0.910831
22718423,Cc1nc(Nc2ccc(cc2)NC(=O)c2cccc(c2)Br)nc(c1)N(C)C,0.910765
1874758,CCN1CCN(CC1)Cc1c(O)ccc2c1oc(c(c2=O)Oc1ccccc1C(C)C)C(F)(F)F,0.910153
1553476,COc1ccc(c(c1)C1CC2=C(C(=O)C1)C(CC(=O)N2)c1ccc(c(c1)OC)OC)OC,0.909789
28310767,CN1CCN(CC1)c1cc(C)c2c(n1)ccc(c2)NC(=S)NCC1CCN(CC1)Cc1cccc(c1)C,0.909690
25827120,OCC[n+]1ccccc1/C=c/1\sc2c(n1C)cccc2,0.909330
15769435,CCCCCCCC(C(c1ccccc1)CNCCCCO)(c1ccc(cc1)Br)O,0.909009
2078500,Brc1cccc(c1)NC1=C(N2CCCCC2)C(=O)c2c(C1=O)cccc2,0.908729
10054032,CCCCCC(C(c1ccccc1)CN1CCOCC1)(c1ccc(cc1)CC)O,0.907931
27183019,CCNc1nc(Nc2ccc(cc2)NC(=O)c2cccc(c2)C)nc(c1)C,0.907416
1342663,CCCOC(=O)C1=C(C)NC2=C(C1c1cccc(c1)Cl)C(=O)CC(C2)c1ccc(c(c1)OC)OC,0.907017
24358811,CN1CCN(CC1)c1cc(C)c2c(n1)ccc(c2)NC(=S)NC1CCN(CC1)Cc1ccccc1,0.906862
1414613,COc1cc(ccc1OC)CN1CCN(CC1)Cc1cc(Br)ccc1O,0.906736
22719181,Cc1ccc(cc1)S(=O)(=O)Nc1ccc(cc1)Nc1nc(C)cc(n1)N1CCCC1,0.906486
32499607,CCNc1nc(Nc2ccc(cc2)NS(=O)(=O)c2ccc(cc2C)C)cc(n1)C,0.906147
1997996,Cc1ccc2c(n1)c(O)c(cc2)C(c1ccccc1Cl)Nc1ccccn1,0.905542
9831848,CCCOc1cc(ccc1OCCC)c1nonc1NC(=O)c1cccc(c1)OC,0.905536
16098710,COCc1cc(CN2CCN(CC2)c2cccc(c2)C(F)(F)F)c(c2c1cccn2)O,0.905509
1997569,Clc1ccc(cc1)C(c1ccc2c(c1O)nc(cc2)C)Nc1ccccn1,0.904691
8637448,Cc1ccc(cc1)Nc1c(nc2n1cc(C)cc2)c1ccccn1,0.904166
1325887,CCC(=O)NC(c1ccc2c(c1O)nccc2)c1ccccc1OC,0.904137
17416574,CCOc1ccc(cc1)N(C1=C(N2CCOCC2)C(=O)c2c(C1=O)cccc2)C(=O)C,0.903594
8279631,Fc1ccc(cc1)N(C1=C(N2CCCCC2)C(=O)c2c(C1=O)cccc2)C(=O)C,0.903584
16161557,CCCN1CCN(CC1)CCCNC(=O)c1ccc2c(c1)sc1n2cc(n1)c1ccc(cc1)C,0.903551
22719047,COc1ccc(cc1)Nc1nc(Nc2ccc(cc2)NS(=O)(=O)c2ccc(c(c2)C)C)nc(c1)C,0.902801
22718105,CCNc1cc(C)nc(n1)Nc1ccc(cc1)NC(=O)c1ccc(cc1)F,0.902232
27022926,CCn1/c(=C/c2sc3c([n+]2C)ccc(c3)C)/ccc2c1cccc2,0.901583
16078342,Cc1ccc(cc1)Cn1cnc2c(c1=O)cnn2c1ccc(c(c1)C)C,0.901501
2076015,Oc1ccc(cc1)/C=C/c1cc[n+](cc1)C,0.901285
32498979,CCNc1nc(Nc2ccc(cc2)NC(=O)c2cccc(c2)C)cc(n1)C,0.900971
32499251,CC(=O)Nc1ccc(cc1)Nc1cc(C)nc(n1)Nc1ccc(cc1)C,0.900926
32498999,CCNc1nc(Nc2ccc(cc2)NC(=O)c2ccccc2Cl)cc(n1)C,0.900213
16165359,COc1cc(Cl)c(cc1NC(=O)C1c2ccccc2C(=O)N(C1c1cccs1)CC(C)C)C,0.899634
22718143,CCNc1cc(C)nc(n1)Nc1ccc(cc1)NC(=O)c1ccc(c(c1)C)C,0.899379
32499031,CCNc1nc(Nc2ccc(cc2)NC(=O)c2cc(C)ccc2C)cc(n1)C,0.899263
32498981,CCNc1nc(Nc2ccc(cc2)NC(=O)c2ccc(cc2C)C)cc(n1)C,0.899259
2569440,CCC(=O)NC(c1ccc2c(c1O)nccc2)c1ccc(cc1)N(C)C,0.899019
692152,N#Cc1c2nc3ccccc3nc2n(c1N)c1ccccc1C,0.898252
24358611,CCN1CCN(CC1)c1cc(C)c2c(n1)ccc(c2)NC(=S)NCCCN1CCCCC1CC,0.898228
1297063,CCCCn1c(=N)n(c2c1cccc2)CC(c1ccc(cc1)Br)O,0.896937
22718959,Cc1nc(Nc2ccc(cc2)NS(=O)(=O)c2cccc(c2)Cl)nc(c1)Nc1ccccc1,0.896686
24310352,Ic1cccc(c1)NC1=C(N2CCOCC2)C(=O)c2c(C1=O)cccc2,0.896634
27021964,COc1ccc2c(c1)ccc([n+]2CC)/C=C/c1ccc(cc1)N(C)C,0.896593
3038267,Cc1ccnc(c1)NC(c1ccc2c(c1O)nccc2)c1ccccc1F,0.896528
22718397,Cc1nc(Nc2ccc(cc2)NC(=O)c2ccc(cc2)C)nc(c1)N(C)C,0.896499
16078336,Cc1cccc(c1)Cn1cnc2c(c1=O)cnn2c1ccc(c(c1)C)C,0.896416
3732136,CCCOC(=O)C1=C(C)NC2=C(C1c1ccc(cc1)[N+](=O)[O-])C(=O)CC(C2)c1ccccc1OC,0.896013
27015447,COc1ccc2c(c1)n(CC)/c(=C/c1cccc[n+]1C)/s2,0.895732
27183021,CCNc1cc(C)nc(n1)Nc1ccc(cc1)NC(=O)c1ccc(cc1)C,0.895626
32499137,Cc1cc(Nc2ccc(cc2)NC(=O)c2ccccc2Cl)nc(n1)N1CCCCC1,0.895536
1333271,OC(c1ccc(c(c1)Cl)Cl)Cn1c(=N)n(c2c1cccc2)CCN1CCCCC1,0.895358
17447603,N#Cc1cccc(c1)NC(=O)C1c2ccccc2C(=O)N(C1c1cccs1)CC(C)C,0.894592
22719203,CCc1ccc(cc1)S(=O)(=O)Nc1ccc(cc1)Nc1nc(C)cc(n1)N1CCCC1,0.893732
17711968,C[n+]1ccc(cc1)/C=C/c1ccc(cc1)N(C)C,0.893691
6764038,Oc1ccc(cc1)c1[nH]c(c(n1)c1ccccc1)c1ccc2c(c1)c1cc(ccc1o2)c1nc([nH]c1c1ccccc1)c1ccc(cc1)O,0.893418
1992283,Cc1ccc(cc1)C(c1ccc2c(c1O)nccc2)Nc1ccccn1,0.893232
4371085,CCCCCCCn1ccc(=N)cc1,0.892956
1106044,O=C(Nc1cccc(c1)C(F)(F)F)Nc1ccc(c(c1)Cl)Cl,0.892726
22718411,Cc1nc(Nc2ccc(cc2)NC(=O)c2cccc(c2)F)nc(c1)N(C)C,0.892475
28309043,CCCCOc1ccc(cc1)N1C(=NC(=NC1(C)C)N)N,0.891771
32498983,CCNc1nc(Nc2ccc(cc2)NC(=O)c2ccc(c(c2)C)C)cc(n1)C,0.891583
2424173,CCCOC(=O)C1=C(C)NC2=C(C1c1ccc(c(c1)OC)OC)C(=O)CC(C2)c1ccccc1OC,0.890363
2327379,C#CC[n+]1ccn2c(c1C)ccc2,0.890165
4410407,C=CCn1c(=N)n(c2c1cccc2)CC(c1ccc(c(c1)Cl)Cl)O,0.889849
22718787,CCN(c1nc(Nc2ccc(cc2)NC(=O)c2ccccc2Br)nc(c1)C)CC,0.889710
31480964,C[n+]1c(ccc2c1cccc2)/C=c/1\ccn(c2c1cccc2)C,0.889586
27021988,C[n+]1c(ccc2c1cccc2)/C=c\1/ccn(c2c1cccc2)C,0.889586
1342567,CCOC(=O)C1=C(C)NC2=C(C1c1cccc(c1)Cl)C(=O)CC(C2)c1ccc(c(c1)OC)OC,0.889143
25827184,CCn1/c(=C/c2sc3c([n+]2C)cccc3)/ccc2c1cc(C)cc2,0.888851
3021338,Clc1ccccc1Nc1nc(NCc2ccccc2)c2c(n1)cccc2,0.888665
22718777,CCN(c1nc(Nc2ccc(cc2)NC(=O)c2cccc(c2)F)nc(c1)C)CC,0.888357
16837357,O=C(Nc1ccc(cc1)F)Nc1ccc(cc1)Nc1nc(C)cc(n1)N(C)C,0.887914
22718461,Cc1nc(Nc2ccc(cc2)NC(=O)c2cc(C)cc(c2)C)nc(c1)N(C)C,0.887139
5452976,Clc1ccc2c(c1)sc(n2)NNC(=O)c1ccc(cc1)S(=O)(=O)N(C)C,0.887097
1342713,COC(=O)C1=C(C)NC2=C(C1c1ccc(cc1)F)C(=O)CC(C2)c1ccc(c(c1)OC)OC,0.886483
43353365,CCNc1nc(Nc2ccc(cc2)NC(=O)c2ccc(cc2)C)cc(n1)C,0.886460
16165823,CC(=O)c1cccc(c1)NC(=O)C1c2ccccc2C(=O)N(C1c1cccs1)C1CCCC1,0.886322
32499271,COc1ccccc1C(=O)Nc1ccc(cc1)Nc1cc(C)nc(n1)Nc1ccc(cc1)C,0.886141
2074728,Oc1ccc(cc1)/C=C/c1cccc[n+]1C,0.886019
2167068,Cc1ccccc1Nc1nc(NCc2ccco2)c2c(n1)cccc2,0.885742
27183017,CCNc1nc(Nc2ccc(cc2)NC(=O)c2ccccc2C)nc(c1)C,0.885688
16098754,CC(OCc1cc(CN2CCN(CC2)c2cccc(c2)C(F)(F)F)c(c2c1cccn2)O)C,0.885509
6451560,Oc1ccc(cc1)c1nc(c([nH]1)c1ccc2c(c1)c1cc(ccc1o2)c1[nH]c(nc1c1ccccc1)c1ccc(cc1)O)c1ccccc1,0.885507
27658918,Fc1cccc(c1)Nc1nc(NCc2ccccc2)c2c(n1)cccc2,0.883974
24308720,Ic1ccc(cc1)NC1=C(N2CCCC2)C(=O)c2c(C1=O)cccc2,0.883505
1122061,O=C(Nc1cc(ccc1Cl)C(F)(F)F)Nc1cccc(c1)Cl,0.883315
22719031,COc1ccc(cc1C)S(=O)(=O)Nc1ccc(cc1)Nc1nc(C)cc(n1)Nc1ccc(cc1)C,0.882188
32499773,COc1ccc(cc1C)S(=O)(=O)Nc1ccc(cc1)Nc1cc(C)nc(n1)Nc1ccc(cc1)C,0.881440
1325905,CCCC(=O)NC(c1ccc2c(c1O)nccc2)c1ccccc1Cl,0.881208
31200646,OCCNc1nc(Nc2ccc(cc2)Br)nc2c1cccc2,0.880956
1357656,O=C(C(C)C)NC(c1ccc2c(c1O)nccc2)c1ccc(cc1Cl)Cl,0.880253
1357654,CCCCC(=O)NC(c1ccc2c(c1O)nccc2)c1ccc(cc1)N(CC)CC,0.880143
26988675,Fc1ccc(cc1)N(C1=C(N2CCOCC2)C(=O)c2c(C1=O)cccc2)C(=O)C,0.879916
2394876,Brc1ccccc1C(c1ccc2c(c1O)nccc2)Nc1ccccn1,0.878789
4489981,Cc1cccc(c1)Nc1nc(NCc2ccccc2)c2c(n1)cccc2,0.878509
22719193,Clc1ccc(cc1)S(=O)(=O)Nc1ccc(cc1)Nc1nc(C)cc(n1)N1CCCC1,0.878028
32498977,CCNc1nc(Nc2ccc(cc2)NC(=O)c2ccccc2C)cc(n1)C,0.877972
6773655,CCOc1ccc2c(c1)C(=NNC(=N)N)c1c2ccc(c1)OCC,0.877757
28315126,O=C(C1c2ccccc2C(=O)N(C1c1cccs1)C1CCCC1)Nc1ccccc1C,0.877717
27183109,Cc1nc(Nc2ccc(cc2)NC(=O)c2ccccc2C)nc(c1)N(C)C,0.876910
16084522,CCN(CCNC(=O)c1ccc(cc1)Cn1c(SCc2ccccc2C)nc2c1cncc2)CC,0.876758
2352927,COc1ccc(c(c1)CN1CCN(CC1)c1cc(C)ccc1C)O,0.876402
30413015,CCCCOc1ccc(c(c1)O)c1[nH]ncc1Oc1ccccc1,0.876338
32499011,CCNc1nc(Nc2ccc(cc2)NC(=O)c2ccccc2C(F)(F)F)cc(n1)C,0.876212
22719019,Cc1nc(Nc2ccc(cc2)NS(=O)(=O)c2ccccc2F)nc(c1)Nc1ccc(cc1)C,0.875760
2168242,CCOc1ccc(cc1)Nc1nc(NCc2ccco2)c2c(n1)cccc2,0.875562
27183155,Cc1nc(Nc2ccc(cc2)NC(=O)c2ccccc2F)nc(c1)N1CCCC1,0.875542
2076069,Cc1ccc(cc1)N(C1=C(N2CCCCC2)C(=O)c2c(C1=O)cccc2)C(=O)C,0.875275
2073212,Clc1ccc(c(c1)CN1CCN(CC1)Cc1ccccc1)O,0.874873
1198683,OC(Cn1c2ccccc2c2c1cccc2)CN1CCN(CC1)C/C=C/c1ccccc1,0.874016
16103954,CCCCCCC(C(c1ccccc1)CN1CCOCC1)(c1ccc(cc1)F)O,0.873088
2097528,CCCOC(=O)C1=C(C)NC2=C(C1c1ccc(cc1)[N+](=O)[O-])C(=O)CC(C2)c1ccc(cc1)OC,0.873058
1955769,C/C=C/c1n(C)c2c([n+]1C)cccc2,0.872894
27183319,COc1ccc(cc1)Nc1nc(Nc2ccc(cc2)NS(=O)(=O)c2ccccc2Cl)nc(c1)C,0.872532
1876046,CCc1ccc(cc1)Oc1c(=O)c2ccc(c(c2oc1C(F)(F)F)CN1CCCCC1)O,0.872417
1237090,Cc1c[n+](cc(c1)C)C(C(=O)c1ccc(cc1)c1ccccc1)C,0.872416
2005718,Brc1cccc(c1)C(c1cc(Cl)c2c(c1O)nccc2)Nc1ccccn1,0.872002
2298628,CCc1[n+](C)ccn2c1ccc2,0.871957
22718321,COc1ccc(cc1)Nc1nc(Nc2ccc(cc2)NC(=O)c2ccccc2F)nc(c1)C,0.871920
16078908,CCN(c1sc(nc1S(=O)(=O)c1ccc(cc1)C)S(=O)(=O)CC)CC,0.869816
20641218,COc1ccc2c(c1)ccc(c2)C(=O)C1CCCN(C1)C1CCN(CC1)C(C)C,0.869739
22719045,COc1ccc(cc1)Nc1nc(Nc2ccc(cc2)NS(=O)(=O)c2ccc(cc2C)C)nc(c1)C,0.869599
2142908,Cc1ccnc(c1)NC(c1ccc2c(c1O)nccc2)c1c(Cl)cccc1Cl,0.869343
32498993,CCNc1nc(Nc2ccc(cc2)NC(=O)c2ccccc2F)cc(n1)C,0.868568
1237084,O=C(C([n+]1ccccc1)C)c1ccc(cc1)c1ccccc1,0.868404
2001979,OCCNc1nc(Nc2ccc(cc2)Cl)nc2c1cccc2,0.867920
32499043,Cc1ccc(cc1)C(=O)Nc1ccc(cc1)Nc1cc(C)nc(n1)N1CCCC1,0.867611
16084332,CCN(CCNC(=O)c1ccc(cc1)Cn1c(SCc2cccc(c2)C)nc2c1cncc2)CC,0.867483
1414647,COc1ccc(c(c1)CN1CCN(CC1)Cc1ccc(cc1)C)O,0.866384
9869989,Cc1ccc2c(c1)c(c1ccccc1)c(n2CC(CNCCc1ccccc1)O)c1ccccc1,0.865879
27183157,Cc1nc(Nc2ccc(cc2)NC(=O)c2cccc(c2)F)nc(c1)N1CCCC1,0.865852
32499069,Cc1cc(Nc2ccc(cc2)NC(=O)c2ccccc2Cl)nc(n1)N1CCCC1,0.865111
22718557,Cc1nc(Nc2ccc(cc2)NC(=O)c2cc(C)cc(c2)C)nc(c1)N1CCCC1,0.864953
16078816,CCS(=O)(=O)c1sc(c(n1)S(=O)(=O)c1ccc(cc1)C)N1CCC(CC1)O,0.864830
20593476,CCCN1CCC(CC1)N1CCCC(C1)C(=O)c1ccc2c(c1)ccc(c2)OC,0.864246
1998034,Oc1c(ccc2c1nccc2)C(c1cccc(c1)Oc1ccccc1)Nc1ccccn1,0.863947
27022032,OCC[n+]1ccccc1/C=c/1\sc2c(n1C)cc(cc2)C,0.863678
27183317,CCOc1ccc(cc1)S(=O)(=O)Nc1ccc(cc1)Nc1nc(C)cc(n1)Nc1ccc(cc1)OC,0.863496
22719093,COc1ccc(cc1)Nc1nc(Nc2ccc(cc2)NS(=O)(=O)c2cc(C)ccc2C)nc(c1)C,0.863481
22719213,COc1ccc(cc1S(=O)(=O)Nc1ccc(cc1)Nc1nc(C)cc(n1)N1CCCC1)C,0.863046
24358665,CCN1CCN(CC1)c1cc(C)c2c(n1)ccc(c2)NC(=S)NCCCN1CCN(CC1)c1ccccc1F,0.861851
32499775,Cc1ccc(cc1)Nc1nc(Nc2ccc(cc2)NS(=O)(=O)c2ccccc2F)cc(n1)C,0.861672
32499139,Clc1cccc(c1)C(=O)Nc1ccc(cc1)Nc1cc(C)nc(n1)N1CCCCC1,0.861602
2635024,CCCCCC(C(c1ccccc1)CN1CCOCC1)(c1ccccc1)O,0.861451
2140992,Brc1ccc(cc1)NC1=C(N2CCCCC2)C(=O)c2c(C1=O)cccc2,0.860127
2141570,Brc1ccc(cc1)NC1=C(N2CCOCC2)C(=O)c2c(C1=O)cccc2,0.859862
1265674,CCCn1c(=N)n(c2c1cccc2)CC(c1ccc(cc1)Cl)O,0.858967
1997001,CCOc1ccccc1CN1CCN(CC1)Cc1cc(Br)ccc1O,0.858495
16165465,CCOc1ccccc1CNC(=O)C1C(c2cccs2)N(CC(C)C)C(=O)c2c1cccc2,0.858014
22718833,CCN(c1nc(Nc2ccc(cc2)NC(=O)c2cc(C)cc(c2)C)nc(c1)C)CC,0.857860
22718927,Cc1nc(Nc2ccc(cc2)NS(=O)(=O)c2ccc(cc2)I)nc(c1)Nc1ccccc1,0.857404
22718853,CCNc1cc(C)nc(n1)Nc1ccc(cc1)NS(=O)(=O)c1ccc(cc1)F,0.857403
16165437,COc1ccc(cc1)CNC(=O)C1c2ccccc2C(=O)N(C1c1cccs1)CC(C)C,0.857001
1323283,CCOc1cc(ccc1O)C1C2=C(CC(CC2=O)c2ccc(cc2)Cl)NC(=C1C(=O)OC(C)C)C,0.856621
28309194,OC(Cn1c2ccc(cc2c2c1CCCC2)C)CNC1CCCC1,0.856393
25827166,CC[n+]1c(sc2c1cccc2)/C=c/1\ccc2c(n1C)cc(cc2)C,0.856201
2543659,OC(c1ccccc1)CNCc1ccc(cc1)C(C)C,0.856176
22718597,Cc1nc(Nc2ccc(cc2)NC(=O)c2ccc(cc2)C(C)(C)C)nc(c1)N1CCCCC1,0.855971
37117623,CC(=O)NC(c1ccc2c(c1O)nccc2)c1ccccc1C,0.855862
22719135,Cc1nc(Nc2ccc(cc2)NS(=O)(=O)c2cc(ccc2C)C(C)C)nc(c1)N(C)C,0.855758
27015463,CC[n+]1c(sc2c1cccc2)/C=c/1\ccc2c(n1C)ccc(c2)C,0.855483
2943452,Clc1ccc(cc1)C(c1ccc2c(c1O)nccc2)N1CCOCC1,0.855316
1212543,CCc1n(C)c2cccc3c2c([n+]1C)ccc3,0.854258
1357636,CCCC(=O)NC(c1ccc2c(c1O)nccc2)c1ccc(cc1Cl)Cl,0.854080
16078346,Cc1ccc(cc1C)n1ncc2c1ncn(c2=O)Cc1ccc(cc1)C(F)(F)F,0.853952
32499071,Clc1cccc(c1)C(=O)Nc1ccc(cc1)Nc1cc(C)nc(n1)N1CCCC1,0.853459
32499029,CCNc1nc(Nc2ccc(cc2)NC(=O)c2ccc(cc2)CC)cc(n1)C,0.853351
1291767,CCOC(=O)C1=C(C)NC2=C(C1c1ccc(c(c1)OCC)O)C(=O)CC(C2)c1ccc(cc1)Cl,0.853243
2395603,COc1cccc(c1)C(=O)NC(c1cc(Cl)c2c(c1O)nccc2)c1ccc(cc1)Cl,0.852806
27038970,CN1CCN(CC1)c1cc(C)c2c(n1)ccc(c2)NC(=O)/C=C/c1ccccc1OC(C)C,0.852293
22718993,Cc1nc(Nc2ccc(cc2)NS(=O)(=O)c2ccc(cc2)I)nc(c1)Nc1ccc(cc1)C,0.852174
15932536,Cc1ccc2c(n1)c(O)c(cc2)C(c1ccccc1Br)Nc1ccccn1,0.851547
16165703,CCOc1ccc(cc1)NC(=O)C1c2ccccc2C(=O)N(C1c1cccs1)C1CCCC1,0.851417
5452950,Fc1ccc2c(c1)sc(n2)NNC(=O)c1ccc(cc1)S(=O)(=O)N(C)C,0.851128
22718149,CCC(=O)Nc1ccc(cc1)Nc1nc(C)cc(n1)Nc1ccccc1,0.851020
15929697,Oc1c(CN2CCN(CC2)c2cccc(c2)C(F)(F)F)cc(c2c1nccc2)COCc1ccccc1,0.850410
2597675,CCOc1cc(cc(c1O)Cl)C1CC(=O)NC2=C1C(=O)CC(C2)c1ccccc1Cl,0.850134
32498997,CCNc1nc(Nc2ccc(cc2)NC(=O)c2ccc(cc2)F)cc(n1)C,0.849835
22718785,CCN(c1cc(C)nc(n1)Nc1ccc(cc1)NC(=O)c1ccc(cc1)Cl)CC,0.849827
2327385,Cc1c2ccc(n2cc[n+]1CC#C)C,0.849800
32499111,Cc1ccc(cc1)C(=O)Nc1ccc(cc1)Nc1cc(C)nc(n1)N1CCCCC1,0.849667
1866611,CCOc1ccc(cc1)Nc1cc(C)nc2c1cc(OCC)cc2,0.849083
3404567,CSc1ccc2c([n+]1C)cccc2,0.849053
32499627,CCNc1nc(Nc2ccc(cc2)NS(=O)(=O)c2ccc(c(c2)C)OC)cc(n1)C,0.848271
33568796,CCCCCCCOC(=O)C[N+](CCOC1CC2C(C1(C)CC2)(C)C)(C)C,0.848052
4568745,CCCCCn1c(=N)n(c2c1cccc2)CC(COc1cccc(c1)C)O,0.847753
1865507,COc1ccc2c(c1)c(Nc1ccc(cc1)N1CCOCC1)cc(n2)C,0.847242
4576292,CCN(CCn1c(=N)n(c2c1cccc2)CC(COc1ccccc1C)O)CC,0.847038
1237088,Cc1cc[n+](cc1)C(C(=O)c1ccc(cc1)c1ccccc1)C,0.846974
16078344,Cc1cc(ccc1C)n1ncc2c1ncn(c2=O)Cc1cccc(c1)C(F)(F)F,0.846366
1866587,CCOc1ccc2c(c1)c(Nc1ccc(cc1)N1CCOCC1)cc(n2)C,0.846227
2597619,CCOc1cc(cc(c1O)Br)C1CC(=O)NC2=C1C(=O)CC(C2)c1ccc(cc1)OC,0.846189
5498706,ClCC(=O)NC(c1ccc(c(c1)OC)OCC(C)C)NC(=O)CCl,0.846164
22718169,COc1cc(OC)cc(c1)C(=O)Nc1ccc(cc1)Nc1nc(C)cc(n1)Nc1ccccc1,0.846000
45804606,Cc1ccc(cc1)/C=C/1\Oc2c(C1=O)ccc(c2CN1CCCCC1)O,0.845924
2597613,CCOc1cc(cc(c1O)Cl)C1CC(=O)NC2=C1C(=O)CC(C2)c1ccc(cc1)OC,0.845718
798739,CCCC(=O)NC(C(F)(F)F)(C(=O)OCC)Nc1ccc(cc1)S(=O)(=O)Nc1noc(c1)C,0.845355
5677682,Fc1ccccc1N1CCN(CC1)Cc1cc(Br)c2c(c1O)nccc2,0.845073
692182,N#Cc1c2nc3ccccc3nc2n(c1N)c1cccc(c1)C,0.845057
32499119,COc1cccc(c1)C(=O)Nc1ccc(cc1)Nc1cc(C)nc(n1)N1CCCCC1,0.844990
2581716,Clc1ccccc1C(c1ccc2c(c1O)nccc2)Nc1ccccn1,0.844974
1498265,CCOc1ccc(cc1)Nc1nc(N)c2c(n1)cccc2,0.844743
42810178,Cc1cccc(c1)N1C(=NC(=NC1(C)C)N)N,0.844678
32499067,Fc1ccc(cc1)C(=O)Nc1ccc(cc1)Nc1cc(C)nc(n1)N1CCCC1,0.844658
22718923,Cc1nc(Nc2ccc(cc2)NS(=O)(=O)c2ccc(cc2)F)nc(c1)Nc1ccccc1,0.844582
22719129,CC(=O)Nc1ccc(cc1)S(=O)(=O)Nc1ccc(cc1)Nc1nc(C)cc(n1)N(C)C,0.844444
2126982,Fc1ccc(cc1)CN1CCN(CC1)Cc1cc(Br)ccc1O,0.843348
22718945,COc1ccc(cc1S(=O)(=O)Nc1ccc(cc1)Nc1nc(C)cc(n1)Nc1ccccc1)C,0.843326
2194278,COc1cc(CCNC(=S)Nc2ccccc2Cl)ccc1OC,0.843074
1496106,OC(Cn1c2ccccc2c2c1cccc2)CNC1CCCC1,0.842473
27183337,COc1ccc(cc1S(=O)(=O)Nc1ccc(cc1)Nc1nc(C)cc(n1)N(C)C)C(C)(C)C,0.842405
5498712,CCCOc1ccc(cc1OC)C(NC(=O)CCl)NC(=O)CCl,0.842265
10821072,CCOC(=O)C(C(F)(F)F)(Nc1ccc(cc1)S(=O)(=O)Nc1noc(c1)C)NC(=O)C,0.842237
22718781,CCN(c1nc(Nc2ccc(cc2)NC(=O)c2ccccc2Cl)nc(c1)C)CC,0.841937
27183083,COc1ccc(cc1C(=O)Nc1ccc(cc1)Nc1nc(C)cc(n1)Nc1ccc(cc1)C)Cl,0.841630
22718893,CCNc1cc(C)nc(n1)Nc1ccc(cc1)NS(=O)(=O)c1c(C)cc(cc1C)C,0.841460
10073545,CCCCC(C(c1ccc(cc1)Cl)CN1CCOCC1)(c1ccc(cc1)Cl)O,0.841317
27023078,C=CCn1/c(=C/c2sc3c([n+]2C)cccc3)/ccc2c1cccc2,0.841266
27183067,Cc1nc(Nc2ccc(cc2)NC(=O)c2ccccc2)nc(c1)Nc1ccccc1,0.840845
27183173,Cc1nc(Nc2ccc(cc2)NC(=O)c2ccc(c(c2)C)C)nc(c1)N1CCCC1,0.840733
22718791,CCN(c1cc(C)nc(n1)Nc1ccc(cc1)NC(=O)c1ccc(cc1)Br)CC,0.840317
10073782,COc1ccc(cc1)C(C(c1ccc(cc1)Cl)CN1CCOCC1)(CCC(C)C)O,0.839749
1878974,Cc1ccc(c(c1)Oc1c(=O)c2ccc(c(c2oc1C(F)(F)F)CN1CCN(CC1)Cc1ccccc1)O)C,0.839492
2912492,Oc1c(ccc2c1nccc2)C(c1ccccn1)Nc1ccc(cc1)[N+](=O)[O-],0.839345
2401397,Cc1cccc(c1)NC1=C(N2CCCCC2)C(=O)c2c(C1=O)cccc2,0.839261
25827112,OCCn1/c(=C/c2cccc[n+]2C)/sc2c1cccc2,0.838552
37121195,CCC1=Nc2cc(ccc2Sc2c1cc(Br)cc2)C(=O)NCc1ccco1,0.838183
43358749,CCN(C1=C(N2CCOCC2)C(=O)c2c(C1=O)cccc2)C(=O)C,0.837918
3000372,Cc1ccccc1Nc1nc(NCc2ccccc2)c2c(n1)cccc2,0.837830
1553436,COc1cc(ccc1OC)C1CC2=C(C(=O)C1)C(CC(=O)N2)c1cccc(c1OC)OC,0.837652
22718245,Cc1nc(Nc2ccc(cc2)NC(=O)c2ccccc2F)nc(c1)Nc1ccc(cc1)C,0.837615
4401311,Brc1ccc(cc1)/C=C/c1cccc[n+]1C,0.837051
16013387,CCCCN(CCNC(=O)c1cc2c(s1)n(nc2c1ccccc1F)C)CC,0.836888
2394980,Cc1cccc(n1)NC(c1ccc2c(c1O)nccc2)c1ccccc1F,0.836452
2229324,CCN(CCn1c(=N)n(c2c1cccc2)CC(COc1ccc(cc1Cl)Cl)O)CC,0.835372
27021998,COc1ccc2c(c1)ccc([n+]2C)/C=c/1\ccccn1C,0.834931
32796959,Cc1ccc(cc1)Nc1nc(Nc2ccc(cc2)NC(=O)c2ccccc2F)cc(n1)C,0.834567
2169477,Clc1ccc(cc1)Nc1nc(NCc2ccco2)c2c(n1)cccc2,0.834304
22718835,CCN(c1cc(C)nc(n1)Nc1ccc(cc1)NC(=O)c1ccc(c(c1)C)C)CC,0.834192
27183345,CC(=O)Nc1ccc(cc1)S(=O)(=O)Nc1ccc(cc1)Nc1nc(C)cc(n1)N1CCCC1,0.834066
1414627,Brc1ccc(c(c1)CN1CCN(CC1)C1CC2CC1CC2)O,0.833997
655138,OC(Cn1c2ccc(cc2c2c1ccc(c2)Br)Br)CNCCC(C)C,0.833973
2499066,COc1ccc(cc1Nc1nc(N)c2c(n1)cccc2)Cl,0.833821
16837347,O=C(Nc1cccc(c1)Cl)Nc1ccc(cc1)Nc1nc(C)cc(n1)N(C)C,0.833582
45804616,CCOc1ccc(cc1)/C=C/1\Oc2c(C1=O)ccc(c2CN1CCCCC1)O,0.832789
6160780,Oc1ccc(cc1CN1CCN(CC1)c1ccccc1)C(C)(C)C,0.832680
1266064,OC(Cn1c2ccc(cc2c2c1ccc(c2)Cl)Cl)CNC(C)C,0.832010
15471094,CCCCC(C(c1ccccc1)CNCCCCO)(c1ccc(cc1)Br)O,0.831982
22718135,CCNc1nc(Nc2ccc(cc2)NC(=O)c2cccc(c2)I)nc(c1)C,0.831978
22718185,COc1ccc(cc1C(=O)Nc1ccc(cc1)Nc1nc(C)cc(n1)Nc1ccccc1)Cl,0.830838
15313946,OC(Cn1c2ccccc2c(c1C)C)CNC1CCCCC1C,0.830566
16059706,CCOCCCNc1nc2cc(OC)c(cc2c2n1nc(n2)c1ccccc1)OC,0.829686
1156129,CCCCCCCCCC[n+]1ccccc1,0.829594
22718871,CCNc1nc(Nc2ccc(cc2)NS(=O)(=O)c2ccc(cc2)Oc2ccccc2)nc(c1)C,0.829473
27183023,CCNc1nc(Nc2ccc(cc2)NC(=O)c2ccc(cc2)C(C)(C)C)nc(c1)C,0.829401
2144820,CCc1ccc(cc1)C(c1ccc2c(c1O)nccc2)Nc1ccccn1,0.828867
16103762,CCCCCCC(C(c1ccccc1)CN1CCOCC1)(c1ccc(cc1)C)O,0.828820
5633664,Oc1ccc(cc1)Nc1nc(NCc2ccccc2)c2c(n1)cccc2,0.828796
5437105,CCOC(=O)c1ccc(cc1)OCC1N(CCc2c1cc(OC)c(c2)OC)C(=O)Nc1ccccc1,0.828781
2417236,Fc1cccc(c1)NC1=C(N2CCCCC2)C(=O)c2c(C1=O)cccc2,0.828726
1342433,CCOC(=O)C1=C(C)NC2=C(C1c1ccccc1F)C(=O)CC(C2)c1ccc(c(c1)OC)OC,0.828380
2144338,Fc1ccc(cc1)C(c1ccc2c(c1O)nccc2)Nc1cccc(n1)C,0.828354
1414645,COc1ccc(c(c1)CN1CCN(CC1)Cc1cccc(c1)C)O,0.828339
46407565,CCn1/c(=C/c2sc3c([n+]2CC)cccc3)/ccc2c1cccc2,0.828233
1450444,COc1ccccc1C1CC(=O)C2=C(C1)NC(=C(C2c1ccc(cc1)Cl)C(=O)OC(C)C)C,0.827657
644349,CCCCOc1ccc(c(c1)O)c1n[nH]cc1Oc1ccccc1,0.827229
2359639,OCCNC1=C(N(c2cccc(c2)Br)C(=O)C)C(=O)c2c(C1=O)cccc2,0.827122
16165483,CC(CN1C(=O)c2ccccc2C(C1c1cccs1)C(=O)Nc1ccc(cn1)C)C,0.826871
64352,NC1=NC(N(C(=N1)N)c1ccccc1C)(C)C,0.826584
2635041,COc1ccc(cc1)C(C(c1ccccc1)CN1CCOCC1)(CCC(C)C)O,0.826414
2498761,OCCNc1nc(Nc2ccc(c(c2)C)C)nc2c1cccc2,0.826252
24358675,CCN1CCN(CC1)c1cc(C)c2c(n1)ccc(c2)NC(=S)NCCN1CCc2c(C1)cccc2,0.825285
22718137,CCNc1cc(C)nc(n1)Nc1ccc(cc1)NC(=O)c1ccc(cc1)I,0.824943
10053951,CCCCC(C(c1ccccc1)CN1CCCCC1)(c1ccc(cc1)OC)O,0.824675
1414619,COc1cc(OC)c(cc1CN1CCN(CC1)Cc1cc(Br)ccc1O)OC,0.824629
16837339,COc1ccc(cc1)NC(=O)Nc1ccc(cc1)Nc1nc(C)cc(n1)Nc1ccc(cc1)C,0.823900
10053959,CCCCCCC(C(c1ccccc1)CN1CCOCC1)(c1ccccc1)O,0.823776
22718559,COc1cccc(c1)C(=O)Nc1ccc(cc1)Nc1nc(C)cc(n1)N1CCCC1,0.823541
1553438,COc1ccc(c(c1)C1CC(=O)NC2=C1C(=O)CC(C2)c1ccc(c(c1)OC)OC)OC,0.823301
16165621,CC(CN1C(=O)c2ccccc2C(C1c1cccs1)C(=O)Nc1cc(C)cc(c1)C)C,0.823253
17416853,CCCCCOc1ccc(cc1)NC1=C(N2CCCCC2)C(=O)c2c(C1=O)cccc2,0.823131
22718425,Cc1nc(Nc2ccc(cc2)NC(=O)c2ccc(cc2)Br)nc(c1)N(C)C,0.823007
8299586,COc1ccccc1N1CCN(CC1)Cc1cc(Cl)c2c(c1O)nccc2,0.822939
1342753,COCCOC(=O)C1=C(C)NC2=C(C1c1ccc(cc1)F)C(=O)CC(C2)c1ccc(c(c1)OC)OC,0.822651
2149455,O=C(NC(c1cc(Cl)c2c(c1O)nccc2)c1ccc(cc1)Cl)COc1ccccc1,0.822598
1874766,CN1CCN(CC1)Cc1c(O)ccc2c1oc(c(c2=O)Oc1ccc(cc1)C)C(F)(F)F,0.822423
2597593,COc1cc(cc(c1O)Br)C1CC(=O)NC2=C1C(=O)CC(C2)c1ccccc1Cl,0.822247
45804620,COc1ccc(cc1)/C=C/1\Oc2c(C1=O)ccc(c2CN1CCCCC1)O,0.822155
1342675,CCOC(=O)C1=C(C)NC2=C(C1c1ccc(cc1)SC)C(=O)CC(C2)c1ccc(c(c1)OC)OC,0.822102
2581714,Clc1ccc(cc1)C(c1ccc2c(c1O)nccc2)Nc1ncccc1O,0.821784
10073934,CCCCCC(C(c1ccc(cc1)Cl)CN1CCOCC1)(c1ccc(cc1)F)O,0.821064
2209933,OCCN1CCN(CC1)CC(Cn1c2c(C)cc(cc2c(c1c1ccccc1)c1ccccc1)C)O,0.820896
1333253,OC(c1ccc(c(c1)Cl)Cl)Cn1c(=N)n(c2c1cccc2)C,0.820080
27021986,C[n+]1ccc(c2c1cccc2)/C=c/1\ccn(c2c1cccc2)C,0.819963
2072366,Oc1ccccc1CN1CCN(CC1)c1cccc(c1C)C,0.819939
2127292,Brc1ccc(c(c1)CN1CCN(CC1)Cc1ccccc1C(F)(F)F)O,0.819436
27183351,Cc1nc(Nc2ccc(cc2)NS(=O)(=O)c2cccc(c2)C)nc(c1)N1CCCC1,0.819321
2167696,Fc1ccc(cc1)Nc1nc(NCc2ccco2)c2c(n1)cccc2,0.819238
2252371,COc1ccc(c(c1)O)CN1CCN(CC1)Cc1ccccc1,0.819082
16042736,O=C(C1c2ccccc2C(=O)N(C1c1cccs1)C1CCCC1)Nc1ccc(c(c1)C)C,0.818758
24310356,Ic1cccc(c1)NC1=C(N2CCCC2)C(=O)c2c(C1=O)cccc2,0.818692
22718975,COc1cc(C)c(cc1C)S(=O)(=O)Nc1ccc(cc1)Nc1nc(C)cc(n1)Nc1ccccc1,0.818631
2323281,CCN(c1ccc(cc1)CNCC(c1ccccc1)O)CC,0.818520
32499045,Cc1cc(Nc2ccc(cc2)NC(=O)c2ccc(cc2C)C)nc(n1)N1CCCC1,0.818241
1163768,Nc1ccc2c(c1)nc([nH]2)c1ccc(cc1)Oc1ccc(cc1)c1nc2c([nH]1)ccc(c2)N,0.818219
1129391,CCCOC(=O)C1=C(C)NC2=C(C1c1ccccc1Cl)C(=O)CC(C2)c1ccc(cc1)OC,0.817894
2597407,COc1ccc(cc1OC)C1CC(=O)C2=C(C1)NC(=O)CC2c1ccc(cc1)Br,0.817570
16078872,CCS(=O)(=O)c1sc(c(n1)S(=O)(=O)c1ccc(cc1)C)NCC1CCCO1,0.816106
2597259,CCCCCCCOC(=O)c1[nH]c2c(c1C)C(=O)CC(C2)c1ccco1,0.815806
2072630,CCOc1ccccc1N1CCN(CC1)Cc1cc(Br)cc(c1O)Br,0.815533
45804608,Fc1ccc(cc1)/C=C/1\Oc2c(C1=O)ccc(c2CN1CCCCC1)O,0.815335
32499093,Cc1ccc(c(c1)C(=O)Nc1ccc(cc1)Nc1cc(C)nc(n1)N1CCCC1)C,0.814537
1876024,CN1CCN(CC1)Cc1c(O)ccc2c1oc(c(c2=O)Oc1ccccc1Cl)C(F)(F)F,0.814237
22718333,COc1ccc(cc1)Nc1cc(C)nc(n1)Nc1ccc(cc1)NC(=O)c1cc(Cl)ccc1OC,0.814077
1200321,CC(c1ccc(c(c1)CN1CCN(CC1)c1ccccc1)O)(CC(C)(C)C)C,0.813442
1373922,CCCC(=O)NC(c1cc(Cl)c2c(c1O)nccc2)c1ccc(cc1)N(CC)CC,0.813322
14083632,Cc1ccc(c(c1)n1cc2c(c1c1ccc(cc1)C(C)(C)C)c(=O)n(c(=O)n2C)C)O,0.812928
22718879,CCNc1cc(C)nc(n1)Nc1ccc(cc1)NS(=O)(=O)c1cc(OC)ccc1OC,0.812623
32499815,CCNc1nc(Nc2ccc(cc2)NS(=O)(=O)c2c(C)cc(cc2C)C)cc(n1)C,0.812088
32498985,CCNc1nc(Nc2ccc(cc2)NC(=O)c2ccc(cc2)C(C)(C)C)cc(n1)C,0.812034
2167380,Cc1ccc(cc1)Nc1nc(NCc2ccco2)c2c(n1)cccc2,0.811851
9829533,CCOc1cccc(c1)C(=O)Nc1nonc1c1ccc(c(c1)OCC)OCC,0.811694
27023040,CC[n+]1c(ccc2c1cccc2)/C=c\1/ccn(c2c1cccc2)C,0.811686
1194998,COc1ccc2c(c1)c(Nc1ccc(c(c1)Cl)Cl)cc(n2)C,0.811672
22718281,Cc1nc(Nc2ccc(cc2)NC(=O)c2ccc(c(c2)C)C)nc(c1)Nc1ccc(cc1)C,0.811652
17483016,COc1ccc(cc1)NC(=O)Nc1ccc(cc1)Nc1nc(C)cc(n1)N(C)C,0.811153
8825388,OC(Cn1c2ccc(cc2c2c1CCCC2)C)Cn1cnc(c1c1ccccc1)c1ccccc1,0.810933
1344239,CCC1(C)OCCC(C1)(CCNCc1ccc(cc1)F)c1ccc(cc1)C,0.810888
31498297,Cc1ccc(nc1)NC(c1cc(Cl)c2c(c1O)nccc2)c1ccccc1,0.810819
4581075,CCCCCn1c(=N)n(c2c1cccc2)CC(COc1ccccc1C)O,0.810457
5464285,Brc1ccc(cc1)C(=O)C[n+]1ccc(cc1)N(C)C,0.810428
2007742,CCc1ccc(cc1)C(c1cc(Cl)c2c(c1O)nccc2)Nc1ccccn1,0.810269
2394799,Cc1ccnc(c1)NC(c1ccc2c(c1O)nccc2)c1cccc(c1)OCc1ccccc1,0.810006
26279816,CC[n+]1c(/C=C/N2CCCc3c2cccc3)sc2c1cccc2,0.809714
1553434,COc1ccc(c(c1)OC)C1CC(=O)NC2=C1C(=O)CC(C2)c1ccc(c(c1)OC)OC,0.809646
2071635,Clc1ccc(c(c1)CN1CCN(CC1)c1cccc(c1)C(F)(F)F)O,0.809309
1855184,CCOc1ccc(cc1)Nc1c2ccccc2nc2c1cccc2,0.809286
1342541,COc1ccc(cc1OC)C1CC(=O)C2=C(C1)NC(=C(C2c1cccc(c1)Cl)C(=O)OC(C)C)C,0.809065
2353436,COc1ccc(c(c1)O)CN1CCN(CC1)c1cccc(c1)Cl,0.808984
2169503,Cc1cccc(c1)Nc1nc(NCc2ccco2)c2c(n1)cccc2,0.808499
22718525,Cc1nc(Nc2ccc(cc2)NC(=O)c2ccccc2C(F)(F)F)nc(c1)N1CCCC1,0.808387
27183303,CCNc1nc(Nc2ccc(cc2)NS(=O)(=O)c2ccc(cc2)CC)nc(c1)C,0.808135
16078370,Brc1ccc(cc1)Cn1cnc2c(c1=O)cnn2C(C)(C)C,0.807614
6749595,COc1ccc2c(c1)c(Nc1cccc(c1)Cl)cc(n2)C,0.807524
1427431,CCOC(=O)c1cnc2c(c1NCCCN1CCOCC1)cc(cc2)OC,0.807447
3733202,Fc1ccc(cc1)C1C2=C(CC(CC2=O)c2ccc(cc2)Cl)NC(=C1C(=O)OC(C)C)C,0.807415
35764722,COCCCNc1nc2cc(OC)c(cc2c2n1nc(n2)c1ccccc1)OC,0.806903
25827188,CCn1/c(=C/c2sc3c([n+]2C)cccc3)/ccc2c1c(C)ccc2,0.806740
2502496,Clc1ccc(cc1Cl)Nc1nc(N)c2c(n1)cccc2,0.806731
31201775,Cc1cc(cc(c1)C)Nc1nc(NCC2CCCO2)c2c(n1)cccc2,0.806427
1414609,COc1c(cccc1OC)CN1CCN(CC1)Cc1cc(Br)ccc1O,0.806408
32499779,Cc1ccc(cc1)Nc1nc(Nc2ccc(cc2)NS(=O)(=O)c2ccccc2Cl)cc(n1)C,0.806292
2941319,O=C(Nc1ccc(cc1)Cl)Nc1cc(OCC(F)(F)F)cc(c1)OCC(F)(F)F,0.806268
1344237,CCC1(C)OCCC(C1)(CCNCc1ccc(cc1)F)c1ccc(cc1)F,0.805982
2007836,Clc1cc(c(c2c1cccn2)O)C(c1ccccc1[N+](=O)[O-])Nc1ccccn1,0.805844
1342811,COc1cc(ccc1OC)C1CC2=C(C(=O)C1)C(C(=C(N2)C)C(=O)OC(C)C)c1ccccc1OC,0.805137
17483030,CCN(c1cc(C)nc(n1)Nc1ccc(cc1)NC(=O)Nc1ccccc1)CC,0.804749
4788351,C[n+]1c2CC(C)(C)CCc2c2c(c1C)[nH]c1c2cccc1,0.804395
22719023,Cc1nc(Nc2ccc(cc2)NS(=O)(=O)c2ccccc2Cl)nc(c1)Nc1ccc(cc1)C,0.804328
633522,OC(Cn1c2ccccc2c2c1cccc2)CN1CCN(CC1)Cc1ccccc1,0.804186
1259275,CCSc1ccc2c([n+]1CC)cccc2,0.803990
1994166,O=C(C(Cl)(Cl)Cl)N1CCCN(CC1)C(=O)C(Cl)(Cl)Cl,0.803960
16165861,Cc1cc(cc(c1)C)NC(=O)C1c2ccccc2C(=O)N(C1c1cccs1)C1CCCC1,0.803369
1337304,CCCOC(=O)C1=C(C)NC2=C(C1c1cc(Cl)c(c(c1)OC)O)C(=O)CC(C2)c1ccccc1,0.803359
16162165,CCN(CCNC(=O)c1ccc2c(c1)sc1n2cc(n1)c1ccc(cc1)F)CC,0.803226
2507241,Cc1ccc(cc1C)Nc1nc(N)c2c(n1)cccc2,0.802765
20748950,CC(CC(N1CCC(CC1)n1nccc1NC(=O)Nc1ccccc1Cl)C)C,0.802710
1973876,OC(Cn1c2ccccc2c2c1cccc2)CNCc1ccccc1,0.801581
27183233,Cc1nc(Nc2ccc(cc2)NC(=O)c2ccc(cc2)C(C)(C)C)nc(c1)N1CCOCC1,0.801098
2990326,Clc1cccc(c1)Nc1nc(NCc2ccccc2)c2c(n1)cccc2,0.801062
22719097,COc1ccc(cc1)Nc1cc(C)nc(n1)Nc1ccc(cc1)NS(=O)(=O)c1ccc(c(c1)C)OC,0.800888
1866605,CCOc1ccc2c(c1)c(Nc1cccc(c1)OC)cc(n2)C,0.800650
16165503,CC(CN1C(=O)c2ccccc2C(C1c1cccs1)C(=O)Nc1ccc(cn1)Cl)C,0.800548
17742508,CN(c1ccc(cc1)/C=C/C=C/c1sc2c([n+]1C)cccc2)C,0.800336
16078924,CCS(=O)(=O)c1sc(c(n1)S(=O)(=O)c1ccc(cc1)Cl)N1CCC(CC1)C,0.799880
2369970,CCCOC(=O)C1=C(C)NC2=C(C1c1ccccc1F)C(=O)CC(C2)c1ccc(cc1)OC,0.799523
14083634,Clc1ccc(c(c1)n1cc2c(c1c1ccc(cc1)C(C)(C)C)c(=O)n(c(=O)n2C)C)O,0.799455
25827172,CC[n+]1c(sc2c1cccc2)/C=c/1\ccc2c(n1C)c(C)ccc2,0.799175
2369470,CC/C(=C\c1sc2c([n+]1CC)cc(cc2)OC)/SC,0.798830
636795,CC/C(=C/c1sc2c([n+]1CC)cc(cc2)OC)/SC,0.798830
2323224,CCc1ccc(cc1)CNCC(c1ccccc1)O,0.798763
16165239,CC(CN1C(=O)c2ccccc2C(C1c1cccs1)C(=O)Nc1cccc(c1)C(F)(F)F)C,0.798719
1336830,CCOc1cc(ccc1O)C1C2=C(CC(CC2=O)c2ccc(cc2)Cl)NC(=C1C(=O)OC)C,0.798439
32498987,CCNc1nc(Nc2ccc(cc2)NC(=O)c2ccccc2OC)cc(n1)C,0.798322
22718279,Cc1nc(Nc2ccc(cc2)NC(=O)c2cc(C)cc(c2)C)nc(c1)Nc1ccc(cc1)C,0.798191
20311529,COc1ccc(cc1)/C=C/c1cc[n+](cc1)C,0.798145
16165355,CCc1ccc(cc1)NC(=O)C1c2ccccc2C(=O)N(C1c1cccs1)CC(C)C,0.798104
32499439,CCNc1nc(Nc2ccc(cc2)NC(=O)Nc2cc(C)cc(c2)C)cc(n1)C,0.797987
1211099,CC(Cc1ccccc1)NCCCCCCCCCNC(Cc1ccccc1)C,0.797273
1656987,O=C(C(C)(C)C)N1CCN(CC1)c1ccc(c(c1)NC1CC1)[N+](=O)[O-],0.796783
5464283,Clc1ccc(cc1)C(=O)C[n+]1ccc(cc1)N(C)C,0.796778
32499437,CCNc1nc(Nc2ccc(cc2)NC(=O)Nc2cc(C)ccc2C)cc(n1)C,0.796208
16078800,NC(=O)C1CCN(CC1)c1sc(nc1S(=O)(=O)c1ccc(cc1)Cl)S(=O)(=O)C,0.796132
1342793,COC(=O)C1=C(C)NC2=C(C1c1cccc(c1)Cl)C(=O)CC(C2)c1ccc(c(c1)OC)OC,0.796023
22718115,CCNc1nc(Nc2ccc(cc2)NC(=O)c2ccccc2I)nc(c1)C,0.795942
16078376,Clc1cccc(c1)Cn1cnc2c(c1=O)cnn2C(C)(C)C,0.795855
22718577,CCC(C(=O)Nc1ccc(cc1)Nc1nc(C)cc(n1)N1CCCCC1)CC,0.795716
16078824,CCS(=O)(=O)c1sc(c(n1)S(=O)(=O)c1ccc(cc1)C)N1CC(C)OC(C1)C,0.795637
1128324,CN1CCN(CC1)c1ccc(cc1Cl)Nc1ccnc2c1ccc(c2)Cl,0.795621
2990330,Clc1ccc(cc1)Nc1nc(NCc2ccccc2)c2c(n1)cccc2,0.795512
5674681,Fc1ccccc1CCN1COc2c(C1)cc1c(c2C)oc(=O)c(c1C)C,0.795358
791401,CCOC(=O)C(C(F)(F)F)(Nc1ccc(cc1)S(=O)(=O)Nc1ncccn1)NC(=O)CC,0.795097
27183341,CCCCOc1ccc(cc1)S(=O)(=O)Nc1ccc(cc1)Nc1nc(C)cc(n1)N1CCCC1,0.794944
16078834,CNc1sc(nc1S(=O)(=O)c1ccc(cc1)C)S(=O)(=O)CC,0.793945
7336322,CN(c1ccc(cc1)Nc1c2ccccc2nc2c1cccc2)C,0.793145
1997555,Cc1ccnc(c1)NC(c1ccc2c(c1O)nccc2)c1ccc(cc1)[N+](=O)[O-],0.792490
22718753,CCN(c1nc(Nc2ccc(cc2)NC(=O)c2ccccc2)nc(c1)C)CC,0.792208
16013455,CCCCN(CCNC(=O)c1cc2c(s1)n(nc2c1ccccc1F)C)C,0.792096
6770735,CC(CCOC(=O)C[N+](CCOC1CC2C(C1(C)CC2)(C)C)(C)C)C,0.792052
32499065,Fc1cccc(c1)C(=O)Nc1ccc(cc1)Nc1cc(C)nc(n1)N1CCCC1,0.792017
27023076,CCn1cc/c(=C/c2ccc3c([n+]2C)cc(cc3)C)/c2c1cccc2,0.791782
24358653,CCN1CCN(CC1)c1cc(C)c2c(n1)ccc(c2)NC(=S)N1CCC(CC1)N1CCCCC1,0.791628
27023305,COc1ccc2c(c1)[n+](C)c(s2)/C=c/1\ccc2c(n1C)cccc2,0.791403
608838,COc1cccc(c1)C(=O)NC(C(Cl)(Cl)Cl)NC(=S)Nc1ccccc1Cl,0.791224
24358841,CCCN1CCN(CC1)CCCNC(=S)Nc1ccc2c(c1)c(C)cc(n2)N1CCN(CC1)C,0.791125
1486415,C#CCOc1ccc(cc1OC)C1C(=C(N)Oc2c1ccc1c2cccc1)C#N,0.790473
24358667,CCN1CCN(CC1)c1cc(C)c2c(n1)ccc(c2)NC(=S)NCCCN1CCc2c(C1)cccc2,0.790312
1221702,COc1ccc(cc1)Nc1c2ccccc2nc2c1cccc2,0.790037
27022972,CCn1cc/c(=C/c2ccc3c([n+]2C)cccc3)/c2c1cc(C)cc2,0.790008
1344183,NCCC1(CCOC(C1)(C)CC)c1ccc(cc1)C,0.789959
32499337,CCNc1nc(Nc2ccc(cc2)NC(=O)Nc2cccc(c2C)C)cc(n1)C,0.789741
4375933,CC(=O)N(C1=C(N2CCCC2)C(=O)c2c(C1=O)cccc2)C1CCCCC1,0.789639
26405229,NCC[C@]1(CCOC(C1)(C)CC)c1ccc(cc1)C,0.789601
22718919,CCCCOc1ccc(cc1)S(=O)(=O)Nc1ccc(cc1)Nc1nc(C)cc(n1)Nc1ccccc1,0.789460
43346271,COc1ccccc1NC(=O)Nc1ccc(cc1)Nc1nc(C)cc(n1)N(C)C,0.789207
20715402,CC(=C)CCC(N1CCC(CC1)n1nccc1NC(=O)Nc1ccccc1Cl)C,0.788951
2001951,COc1cccc(c1)Nc1nc(NCC2CCCO2)c2c(n1)cccc2,0.788764
1373953,COc1ccc(cc1)C1CC2=C(C(=O)C1)C(C(=C(N2)C)C(=O)OCC(C)C)c1ccc(cc1)F,0.788649
10053962,CCCCCCCC(C(c1ccccc1)CN1CCOCC1)(c1ccccc1)O,0.788445
1454725,COc1cccc(c1)NC1=C(N2CCCCC2)C(=O)c2c(C1=O)cccc2,0.788048
9836404,CCOc1cc(ccc1OCC)c1nonc1NC(=O)CC(C)C,0.787624
27025290,Cc1ccc(cc1)Nc1nc(N/N=C/c2ccc(cc2)/C=N/Nc2nc(Nc3ccc(cc3)C)nc(n2)N2CCOCC2)nc(n1)N1CCOCC1,0.787450
22718413,Cc1nc(Nc2ccc(cc2)NC(=O)c2ccc(cc2)F)nc(c1)N(C)C,0.787014
22719385,CCN(c1nc(Nc2ccc(cc2)NS(=O)(=O)c2ccc(c(c2)OC)OC)nc(c1)C)CC,0.786814
2019236,CCC(=O)NC(c1ccc2c(c1O)nccc2)c1ccc(c(c1)OC)OC,0.786601
16098750,COc1ccccc1N1CCN(CC1)Cc1cc(COC(C)C)c2c(c1O)nccc2,0.786481
2379503,CC(=O)Oc1ccc2c(c1C(c1ccc(cc1)Cl)NC(=O)C(C)C)cccc2,0.786464
1354651,CCC(OC(=O)C1=C(C)NC2=C(C1c1ccccc1F)C(=O)CC(C2)c1ccc(c(c1)OC)OC)C,0.786337
32499621,CCNc1nc(Nc2ccc(cc2)NS(=O)(=O)c2ccc(cc2)CC)cc(n1)C,0.786171
4586969,Clc1ccc(cc1)CN1COc2c(C1)cc(cc2)C(C)(C)C,0.786090
1328696,NCCC(c1ccc(cc1)C)C1CCOC(C1)(C)C,0.785731
697204,O=C(Nc1ccc(c(c1)Cl)Cl)Nc1ccc(c(c1)Cl)F,0.785639
22718971,COc1cc(c(cc1C)C)S(=O)(=O)Nc1ccc(cc1)Nc1nc(C)cc(n1)Nc1ccccc1,0.785512
16078822,CCS(=O)(=O)c1sc(c(n1)S(=O)(=O)c1ccc(cc1)C)N1CCOCC1,0.785132
16078888,CCS(=O)(=O)c1sc(c(n1)S(=O)(=O)c1ccc(cc1)C)NC(c1ccccc1)C,0.784851
2917011,Cc1ccc(cc1)n1c(C)cc(=Cc2sc3c([n+]2C)cccc3)cc1C,0.784512
16078920,CCS(=O)(=O)c1sc(c(n1)S(=O)(=O)c1ccc(cc1)Cl)N1CCCCC1,0.784153
27183069,COc1ccc(cc1OC)C(=O)Nc1ccc(cc1)Nc1nc(C)cc(n1)Nc1ccccc1,0.784085
1553390,CSc1ccc(cc1)C1CC(=O)NC2=C1C(=O)CC(C2)c1ccc(c(c1)OC)OC,0.783466
2379505,N=C(N/N=C\c1ccc(cc1)Br)N/N=C\c1ccc(cc1)Br,0.783432
1206620,CCOC(=O)C1=C(CC)NC2=C(C1c1ccc(cc1Cl)Cl)C(=O)CC(C2)(C)C,0.783424
16165611,COC(=O)c1ccc(cc1)NC(=O)C1c2ccccc2C(=O)N(C1c1cccs1)CC(C)C,0.783222
4422530,CCCCCCn1c2CCCc2c(=N)c2c1CCC2,0.783202
32499353,CCNc1nc(Nc2ccc(cc2)NC(=O)Nc2ccc(cc2C)C)cc(n1)C,0.783201
32499121,COc1ccc(cc1)C(=O)Nc1ccc(cc1)Nc1cc(C)nc(n1)N1CCCCC1,0.783000
32499063,Cc1cc(Nc2ccc(cc2)NC(=O)c2ccccc2F)nc(n1)N1CCCC1,0.782990
16165479,CCc1cccc(c1)NC(=O)C1c2ccccc2C(=O)N(C1c1cccs1)CC(C)C,0.782781
6115172,COc1ccc(c(c1)CN1CCN(CC1)Cc1ccc2c(c1)c1ccccc1n2CC)O,0.782296
22718857,CCNc1cc(C)nc(n1)Nc1ccc(cc1)NS(=O)(=O)c1ccc(cc1)I,0.782057
2579279,CC(c1ccc2c(c1)CN(CO2)Cc1ccccc1)(C)C,0.781916
22718571,Cc1nc(Nc2ccc(cc2)NC(=O)C(C)(C)C)nc(c1)N1CCCCC1,0.781637
16078720,OCCN1CCN(CC1)c1sc(nc1S(=O)(=O)c1ccc(cc1)Cl)S(=O)(=O)C,0.781535
1553610,COc1ccc(cc1OC)C1CC(=O)C2=C(C1)NC(=O)CC2c1ccc(cc1)O,0.781048
22719241,Cc1nc(Nc2ccc(cc2)NS(=O)(=O)c2ccc(cc2)C)nc(c1)N1CCCCC1,0.780994
1866765,CCOc1ccc(cc1)Nc1cc(C)nc2c1cc(C)cc2C,0.780856
32499435,CCNc1nc(Nc2ccc(cc2)NC(=O)Nc2ccc(c(c2)C)C)cc(n1)C,0.780635
2597457,COc1ccc(cc1OC)C1CC(=O)C2=C(C1)NC(=O)CC2c1ccc(cc1)Cl,0.780335
1874768,Cc1ccc(cc1)Oc1c(=O)c2ccc(c(c2oc1C(F)(F)F)CN1CCCCC1C)O,0.780117
638877,CC(CC(=O)NC(C(Cl)(Cl)Cl)NC(=S)Nc1cccc(c1)Cl)C,0.779806
2235865,OC(Cn1c(=N)n(c2c1cccc2)CCN1CCCCC1)COc1ccccc1C,0.779624
31498295,Cc1cccc(n1)NC(c1cc(Cl)c2c(c1O)nccc2)c1ccccc1,0.779578
43353871,CCNc1nc(Nc2ccc(cc2)NC(=O)Nc2cccc(c2)CC)cc(n1)C,0.779486
534023,CCN(Cc1cc(ccc1O)Nc1ccnc2c1ccc(c2)Cl)CC,0.778959
2395045,COc1ccc(cc1)C(=O)NC(c1cc(Cl)c2c(c1O)nccc2)c1ccc(cc1)Cl,0.778371
17416183,CC(=O)N(C1=C(N(C)C)C(=O)c2c(C1=O)cccc2)c1ccc(cc1)C(=O)O,0.778360
16839453,CCN(CCNc1nc(Nc2ccc(cc2)F)c2c(n1)n(nc2)c1ccccc1)CC,0.777845
27015453,CN(c1ccc(cc1)/C=C/c1ccc2c([n+]1C)c(C)ccc2)C,0.777790
27038972,CCOc1ccccc1/C=C/C(=O)Nc1ccc2c(c1)c(C)cc(n2)N1CCN(CC1)C,0.777743
11063314,COCc1cc(CN2CCN(CC2)c2ccccc2OC)c(c2c1cccn2)O,0.777683
4373777,CCCCCCCCCCn1ccc(=N)cc1,0.777100
2628719,CCN1CCN(CC1)c1sc(nc1S(=O)(=O)c1ccc(cc1)Cl)S(=O)(=O)C,0.777063
2119247,Clc1ccc2c(c1)nc(o2)c1ccc(c(c1)NC(=O)C(Cl)(Cl)Cl)C,0.776851
22719161,Cc1nc(Nc2ccc(cc2)NS(=O)(=O)c2cccc(c2)Cl)nc(c1)N(C)C,0.776733
2566721,O=C1NC2=C(C(C1)c1ccc(cc1)O)C(=O)CC(C2)c1ccccc1Cl,0.776635
43346535,CCNc1nc(Nc2ccc(cc2)NC(=O)Nc2ccc(cc2)CC)cc(n1)C,0.776602
2597649,COc1ccc(cc1)C1CC(=O)C2=C(C1)NC(=O)CC2c1ccc(cc1)O,0.776501
2597263,CCCCCCOC(=O)c1[nH]c2c(c1C)C(=O)CC(C2)c1ccco1,0.776408
18629744,CN(c1ccc(cc1)/C=C/c1ccc2c([n+]1C)cccc2)C,0.775973
9834244,CCOc1cc(ccc1OCC)c1nonc1NC(=O)C(C)C,0.775877
4657332,CN(CCCNc1c2ccccc2nc2c1cccc2)C,0.775854
3739535,O=C1NC2=C(C(C1)c1ccc(cc1)C(F)(F)F)C(=O)CC(C2)c1ccc(cc1)F,0.775077
1241131,CN1CCN(CC1)c1cc(N2CCN(CC2)C)c(cc1C1Nc2ccc3c(c2C2=C1C(=O)CC(C2)(C)C)cccc3)[N+](=O)[O-],0.774783
2370126,COC(=O)C1=C(C)NC2=C(C1c1ccc(cc1)F)C(=O)CC(C2)c1ccc(cc1)Cl,0.774774
9829543,CCCCOc1cccc(c1)C(=O)Nc1nonc1c1ccc(c(c1)OCC)OCC,0.774725
32499657,Clc1ccc(cc1)S(=O)(=O)Nc1ccc(cc1)Nc1cc(C)nc(n1)N1CCCC1,0.774720
45804622,COc1cccc(c1)/C=C/1\Oc2c(C1=O)ccc(c2CN1CCCCC1)O,0.774689
16839669,CN1CCN(CC1)c1nc(Nc2ccc(cc2)SC(F)F)c2c(n1)n(nc2)c1ccccc1,0.774243
4502509,Ic1ccc(cc1)Nc1cc(C)nc2n1ncn2,0.774017
2097250,CCC(OC(=O)C1=C(C)NC2=C(C1c1ccc(cc1)F)C(=O)CC(C2)c1ccccc1)C,0.773830
15471098,CCCCCCC(C(c1ccccc1)CNCCCCO)(c1ccc(cc1)Br)O,0.773438
6788151,CN(CCCNCc1ccc2c(c1)c1CCCCc1[nH]2)C,0.773190
25827190,Cc1ccc2c(c1)ccc([n+]2C)/C=C/c1ccc(cc1)N(C)C,0.773031
3888927,CCOc1cc2c(cc1OCC)CCNC2c1cc(C)c(c(c1)C)O,0.773007
5674703,CCc1c(=O)oc2c(c1C)cc1c(c2C)OCN(C1)CCc1ccccc1OC,0.772905
27183211,Cc1nc(Nc2ccc(cc2)NC(=O)c2cccc(c2)C(F)(F)F)nc(c1)N1CCCCC1,0.772884
2203977,CCS(=O)(=O)c1sc(c(n1)S(=O)(=O)c1ccc(cc1)C)NCc1ccco1,0.772755
11061996,CCCN1CCN(CC1)CCCNC(=O)c1cc2c(s1)n(nc2c1ccc(c(c1)OC)OC)C,0.772715
2214281,C=CCOc1cccc(c1)C(c1ccc2c(c1O)nccc2)Nc1nccc(c1)C,0.772418
16079050,CCCNc1sc(nc1S(=O)(=O)c1ccc(cc1)C)S(=O)(=O)CCC,0.772255
16078804,CCS(=O)(=O)c1sc(c(n1)S(=O)(=O)c1ccc(cc1)C)N(Cc1ccccc1)C,0.771934
27183363,Cc1nc(Nc2ccc(cc2)NS(=O)(=O)c2ccccc2)nc(c1)N1CCCCC1,0.771775
520983,ClC(C(c1ccc(cc1)O)c1ccc(cc1)O)(Cl)Cl,0.771533
16839463,CN1CCN(CC1)c1nc(Nc2ccc(cc2)F)c2c(n1)n(nc2)c1ccccc1,0.771482
3739619,O=C1NC2=C(C(C1)c1ccc(cc1)C(F)(F)F)C(=O)CC(C2)c1ccccc1Cl,0.771473
4625845,CCOc1ccc2c(c1)CN(CO2)Cc1ccc(cc1)Cl,0.771374
16036137,CCc1ccc(cc1)Nc1cc(C)c2c(n1)cc(cc2)O,0.771371
1354331,CCCCOC(=O)C1=C(C)NC2=C(C1c1ccccc1F)C(=O)CC(C2)c1ccc(c(c1)OC)OC,0.771359
2438522,COC(=O)c1ccc(cc1)Nc1nc(NCc2ccccc2)c2c(n1)cccc2,0.771098
27183355,Cc1nc(Nc2ccc(cc2)NS(=O)(=O)c2cccc(c2)Cl)nc(c1)N1CCCC1,0.770926
2379435,CCCC(=O)NC(c1c(ccc2c1cccc2)OC(=O)C)c1ccc(cc1)Cl,0.770895
1342727,CCOC(=O)C1=C(C)NC2=C(C1c1ccc(cc1)[N+](=O)[O-])C(=O)CC(C2)c1ccc(c(c1)OC)OC,0.770776
4781915,N=c1c2CCCc2n(c2c1CCC2)C,0.770575
1458913,CN1CCN(CC1)c1nc(Nc2ccc(cc2)O)nc2c1cccc2,0.770399
5571735,COc1cccc(c1)c1c(sc2n(n1C(=O)C)cnn2)C(=O)C,0.770152
2097070,CCCOC(=O)C1=C(C)NC2=C(C1c1cccc(c1)O)C(=O)CC(C2)c1ccc(cc1)Cl,0.769859
4825046,CCCc1cc(=O)oc2c1cc1CN(COc1c2C)Cc1ccc(cc1)F,0.769711
1062379,Fc1ccc(cc1)c1n(C)c2c([n+]1C)cccc2,0.769415
27058152,CN(C1CCCCC1)CCNC(=O)c1ccc2c(c1)n(Cc1cccc(c1)C)c(=O)/c(=C\c1ccccc1)/s2,0.769325
2598607,Cc1cc(Nc2ccc(c(c2)C)C)n2c(n1)nc(n2)C,0.769209
27023237,CCn1cccc/c/1=C\c1[n+](C)c2cc(C)ccc2c2c1cccc2,0.768894
32499193,Cc1cc(Nc2ccc(cc2)NC(=O)c2ccc(cc2)C(C)(C)C)nc(n1)N1CCOCC1,0.768867
4048905,COc1ccc(cc1)C1Sc2ccccc2NC2=C1C(=O)c1c2cccc1,0.768752
2007838,Oc1c(ccc2c1nccc2)C(c1cccc(c1)OC1CCCC1)Nc1ccccn1,0.768560
37121101,CCCC1=Nc2cc(ccc2Sc2c1cc(C)cc2)C(=O)NCc1ccco1,0.767823
15930807,COC(=O)c1ccc(cc1)Nc1nc(NCc2ccco2)c2c(n1)cccc2,0.767724
16837333,O=C(Nc1ccc(cc1)Cl)Nc1ccc(cc1)Nc1nc(C)cc(n1)Nc1ccc(cc1)C,0.767334
25828240,COc1ccc2c(c1)ccc([n+]2CC)/C=c/1\sc2c(n1CC)cc(cc2)NC(=O)C,0.767049
2644087,C=CCOc1ccc(cc1)C(=O)Nc1nonc1c1ccc(c(c1)OC)OC,0.766743
32499573,O=C(Nc1cccc(c1)F)Nc1ccc(cc1)Nc1cc(C)nc(n1)Nc1ccc(cc1)C,0.766479
10040999,OC(COc1ccc2c(c1)CCC2)CNC(CC(C)(C)C)(C)C,0.766404
5463724,COc1ccc(cc1NC(=O)CSc1snc(n1)c1ccccc1Cl)Cl,0.766391
5437073,COC(=O)c1ccc(cc1)OCC1N(CCc2c1cc(OC)c(c2)OC)C(=O)Nc1ccccc1,0.766335
16078812,CCS(=O)(=O)c1sc(c(n1)S(=O)(=O)c1ccc(cc1)C)N1CCCC(C1)C,0.766166
22718157,Cc1nc(Nc2ccc(cc2)NC(=O)C2CCCCC2)nc(c1)Nc1ccccc1,0.766038
22718177,Cc1cc(Nc2ccccc2)nc(n1)Nc1ccc(cc1)NC(=O)c1ccccc1Cl,0.765850
1081051,OC(Cn1nnc2c1cccc2)Cn1c2ccc(cc2c2c1ccc(c2)Cl)Cl,0.765783
22735137,O=C(N(c1sc2c(n1)c(Cl)ccc2)Cc1cccnc1)C1CCCCC1,0.765697
16360756,COc1ccccc1Cn1ccnc1SCC(=O)Nc1cc(ccc1Cl)C(F)(F)F,0.765493
1667323,O=C(N1CCN(CC1)c1ccc(c(c1)NC1CC1)[N+](=O)[O-])C(C)C,0.765477
2051801,Cc1ccc(cc1)NC1=C(N2CCCCC2)C(=O)c2c(C1=O)cccc2,0.765446
2918288,Cc1cccc(c1)n1c(C)cc(=Cc2sc3c([n+]2C)cccc3)cc1C,0.765280
25790832,CC[n+]1c(/C=C/c2ccc(cc2)N(C)C)sc2c1ccc(c2)NC(=O)C,0.765248
32499047,Cc1cc(Nc2ccc(cc2)NC(=O)c2ccc(c(c2)C)C)nc(n1)N1CCCC1,0.765120
17018106,CCN(CCNc1nc(Nc2ccccc2)c2c(n1)n(nc2)c1ccccc1)CC,0.765103
30412279,CN(Cc1c(O)ccc2c1O/C(=C\c1ccc(cc1)C(C)C)/C2=O)C,0.765071
27023219,CCn1cccc/c/1=C\c1[n+](C)c2ccc(cc2c2c1cccc2)C,0.764948
2255662,Cc1ccc2c(n1)c(O)c(cc2)C(c1cccnc1)Nc1ccccn1,0.764890
43351015,CCNc1nc(Nc2ccc(cc2)NC(=O)Nc2ccc(cc2)OC)cc(n1)C,0.764567
6777238,CCOc1cc2c(cc1OCC)CCNC2c1cc(Cl)ccc1O,0.764301
2598569,Cc1cc(Nc2ccc(cc2)C(C)C)n2c(n1)ncn2,0.764290
2596961,COc1ccc2c(c1)CN(CO2)Cc1ccc(cc1)Cl,0.764284
22718955,Cc1nc(Nc2ccc(cc2)NS(=O)(=O)c2cccc(c2)F)nc(c1)Nc1ccccc1,0.764204
22735031,O=C(N(c1sc2c(n1)c(C)ccc2)Cc1cccnc1)C1CCCCC1,0.764022
32499559,O=C(Nc1cccc(c1)Cl)Nc1ccc(cc1)Nc1cc(C)nc(n1)Nc1ccc(cc1)C,0.763880
2097098,CCCOC(=O)C1=C(C)NC2=C(C1c1cccc(c1)[N+](=O)[O-])C(=O)CC(C2)c1ccc(cc1)OC,0.763789
2063304,O=C(Nc1cc(Cl)cc(c1)Cl)Nc1ccc(cc1)Cl,0.763772
16837335,Cc1nc(Nc2ccc(cc2)NC(=O)Nc2cccc(c2)Cl)nc(c1)Nc1ccc(cc1)C,0.763705
32499613,CCNc1nc(Nc2ccc(cc2)NS(=O)(=O)c2ccc(cc2)F)cc(n1)C,0.763645
27183305,CCNc1nc(Nc2ccc(cc2)NS(=O)(=O)c2cc(C)ccc2OC)nc(c1)C,0.763490
28308815,CCn1/c(=C/c2ccc3c([n+]2C)ccc(c3)C)/sc(c1C)C,0.763431
11067268,S=C(Nc1ccc2c(c1)c(C)cc(n2)N1CCCC1)NCCN1CCc2c(C1)cccc2,0.763257
2904421,CCCCn1c(C)cc(=Cc2sc3c([n+]2C)cccc3)cc1C,0.762968
494299,C[n+]1ccccc1/C=C/c1ccc(cc1)N(C)C,0.762756
31403246,Clc1ccc(cc1)S(=O)(=O)c1nc(sc1NCC1CCCO1)S(=O)(=O)C,0.762384
3733758,CCCOC(=O)C1=C(C)NC2=C(C1c1cccc(c1)[N+](=O)[O-])C(=O)CC(C2)c1ccccc1OC,0.762294
2166555,COc1cc(CCNC(=S)Nc2cccc(c2)Cl)ccc1OC,0.762290
11061038,Cc1ccccc1NC(=O)C1c2ccccc2C(=O)N2C1c1ccccc1CC2,0.762186
2467734,O=Cc1c2ccccc2n(c1C)CC(=O)Nc1cccc(c1)I,0.761830
22718605,Cc1nc(Nc2ccc(cc2)NC(=O)c2ccccc2Br)nc(c1)N1CCCCC1,0.761819
16078780,Clc1ccc(cc1)CNc1sc(nc1S(=O)(=O)c1ccc(cc1)Cl)S(=O)(=O)C,0.761657
17415901,Fc1ccc(cc1)NC1=C(N2CCCC2)C(=O)c2c(C1=O)cccc2,0.761565
16839767,CCN(CCNc1nc(Nc2cccc(c2)OC)c2c(n1)n(nc2)c1ccccc1)CC,0.761334
1943861,C[n+]1ccc(cc1)/C=C/c1ccc2c(c1)OCO2,0.761282
16165759,Cc1ccc(c(c1)Cl)NC(=O)C1c2ccccc2C(=O)N(C1c1cccs1)C1CCCC1,0.761193
16014107,CCCN(CCNC(=O)c1cc2c(s1)n(nc2c1ccc(cc1)Cl)C)CCC,0.760892
3546589,CCN(CCNC(=O)c1c(C)oc2c1C(=O)c1ccccc1C2=O)CC,0.760586
24358779,CCCN(CCC)CCCNC(=S)Nc1ccc2c(c1)c(C)cc(n2)N1CCN(CC1)C,0.760474
24365791,S=C(Nc1ccc2c(c1)c(C)cc(n2)N1CCCC1)NCCCN1CCN(CC1)Cc1ccccc1,0.760447
22718421,Cc1nc(Nc2ccc(cc2)NC(=O)c2ccccc2Br)nc(c1)N(C)C,0.760319
630549,CC[n+]1c(/C=C/c2ccc(cc2)N(C)C)sc2c1cccc2,0.760143
27183081,COc1ccc(cc1OC)C(=O)Nc1ccc(cc1)Nc1nc(C)cc(n1)Nc1ccc(cc1)C,0.759920
6784729,O=C1C(=C(N2CCCCC2)C(=O)c2c1cccc2)Nc1cccc(c1)C(F)(F)F,0.759816
24361417,CCc1nn2c(n1)nc(cc2Nc1ccc(c(c1)F)C)C,0.759688
2253905,CC(=O)NC(c1ccc2c(c1O)nccc2)c1ccc(cc1)C,0.759631
2334411,CC[n+]1cccc(c1)c1nc2c(s1)cccc2,0.759503
9862535,COc1ccc(cc1)C(=O)Nc1nonc1c1ccc(c(c1)OC)OC,0.759401
27183113,CCOc1ccc(cc1)C(=O)Nc1ccc(cc1)Nc1nc(C)cc(n1)N(C)C,0.759389
16837341,COc1cccc(c1)NC(=O)Nc1ccc(cc1)Nc1nc(C)cc(n1)Nc1ccc(cc1)C,0.758794
3546601,CC(CCNC(=O)c1c(C)oc2c1C(=O)c1ccccc1C2=O)C,0.758788
2179527,CCOC(=O)c1ccc2c(c1)c(Nc1ccc(cc1)N(C)C)cc(n2)C,0.758411
15925320,Nc1cccc(c1)c1nc2c([nH]1)cc(cc2)Cc1ccc2c(c1)nc([nH]2)c1cccc(c1)N,0.758373
2150537,CCOC(=O)c1c2cc(O)c(cc2n(c1CN(CC)CC)c1ccccc1)Br,0.758234
24358685,CCN1CCN(CC1)c1cc(C)c2c(n1)ccc(c2)NC(=S)NCc1cc(OC)ccc1OC,0.758192
2940664,O=C(Nc1cccc(c1)Cl)Nc1cc(OCC(F)(F)F)cc(c1)OCC(F)(F)F,0.758122
22718193,O=C(Nc1ccc(cc1)Nc1nc(C)cc(n1)Nc1ccccc1)CCc1ccccc1,0.757980
25838282,CC[n+]1c(/C=C/C=C/N(c2ccccc2)C)sc2c1cccc2,0.757965
16078786,Clc1ccc(cc1)S(=O)(=O)c1nc(sc1NCc1ccco1)S(=O)(=O)C,0.757933
20529898,CCOC(=O)C1(CCN(CC1)Cc1ccccc1O)Cc1cccc(c1)C(F)(F)F,0.757901
1092383,Clc1ccccc1C(c1ccc2c(c1O)nccc2)N1CCOCC1,0.757621
27658910,OCCNc1nc(Nc2cccc(c2)Cl)nc2c1cccc2,0.757165
22735075,CCOc1cccc2c1nc(s2)N(C(=O)C1CCCCC1)Cc1cccnc1,0.756910
27183235,COc1ccccc1C(=O)Nc1ccc(cc1)Nc1nc(C)cc(n1)N1CCOCC1,0.756786
2401501,Cc1ccccc1NC1=C(N2CCCCC2)C(=O)c2c(C1=O)cccc2,0.756634
16084252,CCN(CCNC(=O)c1ccc(cc1)Cn1c(SCc2ccc(cc2)C)nc2c1cncc2)CC,0.756565
2216580,CCC(c1ccc(c(c1)NC(=O)c1cncc(c1)Br)O)C,0.756479
15942271,CCc1ccccc1NC(=O)C1c2ccccc2C(=O)N2C1c1ccccc1CC2,0.756416
2479139,CCOc1cc(cc(c1OC(C)C)Br)C1NC(=O)NC(=C1C(=O)C)c1ccccc1,0.756105
16078832,CCS(=O)(=O)c1sc(c(n1)S(=O)(=O)c1ccc(cc1)C)N1CCc2c(C1)cccc2,0.756013
16165109,COCCN1C(=O)c2ccccc2C(C1c1cccs1)C(=O)Nc1cccc(c1)CC,0.755988
6360680,Cc1ccc(cc1)C1Nc2cc(nn2C(C1)C(F)(F)F)C(=O)N1CCN(CC1)C(c1ccccc1)c1ccccc1,0.755812
