SJ000257540-1,COc1ccc(Nc2cc(C)nc(Nc3ccc(NS(=O)(=O)c4ccc(C)cc4)cc3)n2)cc1,0.977733
SJ000257321-1,CC(C)CC(=O)Nc1ccc(Nc2nc(C)cc(Nc3ccccc3)n2)cc1,0.977278
SJ000257325-1,CCOc1ccc(cc1)C(=O)Nc2ccc(Nc3nc(C)cc(Nc4ccccc4)n3)cc2,0.976126
SJ000257335-1,CC(C)CC(=O)Nc1ccc(Nc2nc(C)cc(Nc3ccc(C)cc3)n2)cc1,0.975904
SJ000257537-1,Cc1ccc(Nc2cc(C)nc(Nc3ccc(NS(=O)(=O)c4cccc(C)c4)cc3)n2)cc1,0.975625
SJ000257337-1,COc1ccc(cc1)C(=O)Nc2ccc(Nc3nc(C)cc(Nc4ccc(C)cc4)n3)cc2,0.971997
SJ000257331-1,CCCC(=O)Nc1ccc(Nc2nc(C)cc(Nc3ccc(C)cc3)n2)cc1,0.971575
SJ000257533-1,COc1ccc(cc1)S(=O)(=O)Nc2ccc(Nc3nc(C)cc(Nc4ccc(C)cc4)n3)cc2,0.971175
SJ000257319-1,CCCCC(=O)Nc1ccc(Nc2nc(C)cc(Nc3ccccc3)n2)cc1,0.967261
SJ000045730-1,C[n+]1c(C=C2C=CN(CC=C)C=C2)sc3ccccc13,0.963791
SJ000257545-1,COc1ccc(Nc2cc(C)nc(Nc3ccc(NS(=O)(=O)c4cccc(C)c4)cc3)n2)cc1,0.963296
SJ000257351-1,COc1ccc(Nc2cc(C)nc(Nc3ccc(NC(=O)c4ccc(C)cc4)cc3)n2)cc1,0.963217
SJ000257332-1,CC(C)C(=O)Nc1ccc(Nc2nc(C)cc(Nc3ccc(C)cc3)n2)cc1,0.960792
SJ000045735-1,CC[n+]1c(C=C2C=CN(CC=C)C=C2)sc3ccccc13,0.960563
SJ000257350-1,COc1ccc(Nc2cc(C)nc(Nc3ccc(NC(=O)c4cccc(C)c4)cc3)n2)cc1,0.960346
SJ000257348-1,COc1ccc(Nc2cc(C)nc(Nc3ccc(NC(=O)CC(C)C)cc3)n2)cc1,0.959680
SJ000257344-1,CCCC(=O)Nc1ccc(Nc2nc(C)cc(Nc3ccc(OC)cc3)n2)cc1,0.956431
SJ000257357-1,COc1ccc(Nc2cc(C)nc(Nc3ccc(NC(=O)c4ccc(Cl)cc4)cc3)n2)cc1,0.955692
SJ000257341-1,COc1cccc(c1)C(=O)Nc2ccc(Nc3nc(C)cc(Nc4ccc(C)cc4)n3)cc2,0.953859
SJ000257543-1,COc1ccc(Nc2cc(C)nc(Nc3ccc(NS(=O)(=O)c4ccc(Cl)cc4)cc3)n2)cc1,0.953568
SJ000257360-1,COc1ccc(Nc2cc(C)nc(Nc3ccc(NC(=O)c4cccc(OC)c4)cc3)n2)cc1,0.952974
SJ000257352-1,COc1ccc(Nc2cc(C)nc(Nc3ccc(NC(=O)c4ccc(OC)cc4)cc3)n2)cc1,0.952593
SJ000045738-1,CC[n+]1c(\C=C\2/C=CC=CN2CC=C)sc3ccccc13,0.951248
SJ000257308-1,CCNc1cc(C)nc(Nc2ccc(NC(=O)c3ccc(Br)cc3)cc2)n1,0.950607
SJ000257356-1,COc1ccc(Nc2cc(C)nc(Nc3ccc(NC(=O)c4cccc(Cl)c4)cc3)n2)cc1,0.948926
SJ000257334-1,Cc1ccc(Nc2cc(C)nc(Nc3ccc(NC(=O)C(C)(C)C)cc3)n2)cc1,0.948758
SJ000257322-1,CCC(CC)C(=O)Nc1ccc(Nc2nc(C)cc(Nc3ccccc3)n2)cc1,0.948574
SJ000257304-1,CCNc1cc(C)nc(Nc2ccc(NC(=O)c3cccc(Cl)c3)cc2)n1,0.948423
SJ000257333-1,CCCCC(=O)Nc1ccc(Nc2nc(C)cc(Nc3ccc(C)cc3)n2)cc1,0.948175
SJ000257307-1,CCNc1cc(C)nc(Nc2ccc(NC(=O)c3cccc(Br)c3)cc2)n1,0.948025
SJ000257317-1,CCCC(=O)Nc1ccc(Nc2nc(C)cc(Nc3ccccc3)n2)cc1,0.947518
SJ000045729-1,C[n+]1c(\C=C\2/C=CC=CN2CC=C)sc3ccccc13,0.946453
SJ000045739-1,CN1C=CC=C/C/1=C\c2sc3ccccc3[n+]2CC=C,0.943423
SJ000257346-1,CCCCC(=O)Nc1ccc(Nc2nc(C)cc(Nc3ccc(OC)cc3)n2)cc1,0.943319
SJ000027788-1,CN1\C(=C\c2cccc[n+]2C)\Sc3ccc(C)cc13,0.942946
SJ000257330-1,CCC(=O)Nc1ccc(Nc2nc(C)cc(Nc3ccc(C)cc3)n2)cc1,0.942735
SJ000027776-1,CCN1C=CC(=Cc2ccc3cc(C)ccc3[n+]2C)C=C1,0.942413
SJ000257547-1,COc1ccc(Nc2cc(C)nc(Nc3ccc(NS(=O)(=O)c4cccc(Cl)c4)cc3)n2)cc1,0.941979
SJ000257476-1,CCN(CC)c1cc(C)nc(Nc2ccc(NC(=O)c3ccc(C)cc3)cc2)n1,0.940363
SJ000257528-1,CCOc1ccc(cc1)S(=O)(=O)Nc2ccc(Nc3nc(C)cc(Nc4ccccc4)n3)cc2,0.938763
SJ000257340-1,Cc1ccc(Nc2cc(C)nc(Nc3ccc(NC(=O)c4ccc(F)cc4)cc3)n2)cc1,0.938325
SJ000257536-1,Cc1ccc(Nc2cc(C)nc(Nc3ccc(NS(=O)(=O)c4ccc(Cl)cc4)cc3)n2)cc1,0.936426
SJ000112354-1,Cc1cccc(NC(c2cccc(Cl)c2)c3ccc4cccnc4c3O)n1,0.935526
SJ000257320-1,Cc1cc(Nc2ccccc2)nc(Nc3ccc(NC(=O)C(C)(C)C)cc3)n1,0.933855
SJ000257305-1,CCNc1cc(C)nc(Nc2ccc(NC(=O)c3ccc(Cl)cc3)cc2)n1,0.933672
SJ000257546-1,COc1ccc(Nc2cc(C)nc(Nc3ccc(NS(=O)(=O)c4cccc(F)c4)cc3)n2)cc1,0.931790
SJ000257542-1,COc1ccc(Nc2cc(C)nc(Nc3ccc(NS(=O)(=O)c4ccc(F)cc4)cc3)n2)cc1,0.931515
SJ000101309-1,CCc1cccc(NC(=O)C2C(N(C3CCCC3)C(=O)c4ccccc24)c5cccs5)c1,0.930557
SJ000045737-1,CCN1C=CC(=Cc2sc3ccccc3[n+]2CC=C)C=C1,0.930365
SJ000079671-1,Cc1ccc(NC(=O)C2C(N(C3CCCC3)C(=O)c4ccccc24)c5cccs5)cc1,0.930135
SJ000044416-1,CC[n+]1ccccc1\C=C\2/C=Cc3cc(C)ccc3N2C,0.927968
SJ000257355-1,COc1ccc(Nc2cc(C)nc(Nc3ccc(NC(=O)c4ccc(F)cc4)cc3)n2)cc1,0.927465
SJ000257347-1,COc1ccc(Nc2cc(C)nc(Nc3ccc(NC(=O)C(C)(C)C)cc3)n2)cc1,0.927182
SJ000257345-1,COc1ccc(Nc2cc(C)nc(Nc3ccc(NC(=O)C(C)C)cc3)n2)cc1,0.925579
SJ000112362-1,Cc1cccc(NC(c2ccc(Cl)cc2)c3ccc4cccnc4c3O)n1,0.924443
SJ000257339-1,Cc1ccc(Nc2cc(C)nc(Nc3ccc(NC(=O)c4cccc(F)c4)cc3)n2)cc1,0.924270
SJ000112347-1,Oc1c(ccc2cccnc12)C(Nc3ccccn3)c4c(Cl)cccc4Cl,0.923158
SJ000147378-1,Cc1ccc(C)c(c1)N2CCN(Cc3cc(Br)ccc3O)CC2,0.921714
SJ000257527-1,COc1ccc(cc1)S(=O)(=O)Nc2ccc(Nc3nc(C)cc(Nc4ccccc4)n3)cc2,0.921663
SJ000257297-1,CCNc1cc(C)nc(Nc2ccc(NC(=O)c3ccc(OC)cc3)cc2)n1,0.920999
SJ000257336-1,CCC(CC)C(=O)Nc1ccc(Nc2nc(C)cc(Nc3ccc(C)cc3)n2)cc1,0.920828
SJ000257314-1,CCNc1cc(C)nc(Nc2ccc(NC(=O)c3cccc(OC)c3)cc2)n1,0.919713
SJ000045736-1,CCN1C=CC(=Cc2ccc3cc(C)ccc3[n+]2CC=C)C=C1,0.917594
SJ000112345-1,Oc1c(ccc2cccnc12)C(Nc3ccccn3)c4cccc(Cl)c4Cl,0.917524
SJ000257318-1,CC(C)C(=O)Nc1ccc(Nc2nc(C)cc(Nc3ccccc3)n2)cc1,0.916131
SJ000027787-1,CCN1\C(=C\c2cccc[n+]2C)\Sc3ccccc13,0.915895
SJ000017704-1,CC[n+]1c(C=C2C=CN(C)C=C2)ccc3cc(C)ccc13,0.915620
SJ000257413-1,Cc1cc(nc(Nc2ccc(NC(=O)c3cccc(I)c3)cc2)n1)N4CCCC4,0.915360
SJ000257535-1,Cc1ccc(Nc2cc(C)nc(Nc3ccc(NS(=O)(=O)c4ccc(F)cc4)cc3)n2)cc1,0.914587
SJ000257534-1,CCOc1ccc(cc1)S(=O)(=O)Nc2ccc(Nc3nc(C)cc(Nc4ccc(C)cc4)n3)cc2,0.914189
SJ000257327-1,Cc1cc(Nc2ccccc2)nc(Nc3ccc(NC(=O)c4ccc(Cl)cc4)cc3)n1,0.913573
SJ000257354-1,COc1ccc(Nc2cc(C)nc(Nc3ccc(NC(=O)c4cccc(F)c4)cc3)n2)cc1,0.913096
SJ000027785-1,CCN1\C(=C\c2cccc[n+]2C)\C=Cc3cc(C)ccc13,0.913066
SJ000045731-1,CC[n+]1c(C=C2C=CN(CC=C)C=C2)ccc3cc(C)ccc13,0.912826
SJ000147257-1,Cc1cccc(N2CCN(Cc3cc(Br)ccc3O)CC2)c1C,0.912114
SJ000257394-1,Cc1cccc(c1)C(=O)Nc2ccc(Nc3nc(C)cc(n3)N4CCCC4)cc2,0.912071
SJ000257426-1,Cc1cccc(c1)C(=O)Nc2ccc(Nc3nc(C)cc(n3)N4CCCCC4)cc2,0.910191
SJ000027786-1,CN1\C(=C\c2cccc[n+]2C)\Sc3ccccc13,0.909902
SJ000027784-1,CN1\C(=C\c2cccc[n+]2C)\C=Cc3cc(C)ccc13,0.908164
SJ000040835-1,Cc1ccc2S\C(=C/c3sc4ccccc4[n+]3C)\N(CCO)c2c1,0.907727
SJ000257495-1,CCN(CC)c1cc(C)nc(Nc2ccc(NC(=O)Nc3ccc(Cl)cc3)cc2)n1,0.906812
SJ000257395-1,Cc1ccc(cc1)C(=O)Nc2ccc(Nc3nc(C)cc(n3)N4CCCC4)cc2,0.906754
SJ000257475-1,CCN(CC)c1cc(C)nc(Nc2ccc(NC(=O)c3cccc(C)c3)cc2)n1,0.905276
SJ000257306-1,CCNc1cc(C)nc(Nc2ccc(NC(=O)c3ccccc3Br)cc2)n1,0.904714
SJ000257366-1,COc1ccc(cc1)C(=O)Nc2ccc(Nc3nc(C)cc(n3)N(C)C)cc2,0.904641
SJ000188478-1,Oc1c(ccc2cccnc12)C(Nc3ccccn3)c4ccc(Cl)c(Cl)c4,0.903779
SJ000113130-1,CCCCCCN1C(=N)N(CC(O)COc2ccccc2C)c3ccccc13,0.903263
SJ000257323-1,Cc1ccc(cc1)C(=O)Nc2ccc(Nc3nc(C)cc(Nc4ccccc4)n3)cc2,0.903020
SJ000257490-1,CN(C)c1cc(C)nc(Nc2ccc(NC(=O)Nc3ccc(Cl)cc3)cc2)n1,0.902822
SJ000044417-1,CC[n+]1ccccc1\C=C\2/Sc3ccc(C)cc3N2C,0.901636
SJ000114960-1,CN1CCN(CC1)c2cc(C)c3cc(NC(=S)NCCCN4CCN(CC4)c5ccccc5F)ccc3n2,0.901489
SJ000257425-1,Cc1cc(nc(Nc2ccc(NC(=O)c3ccccc3C)cc2)n1)N4CCCCC4,0.901269
SJ000257489-1,CCN(CC)c1cc(C)nc(Nc2ccc(NC(=O)c3cccc(OC)c3)cc2)n1,0.900091
SJ000257298-1,CCNc1cc(C)nc(Nc2ccc(NC(=O)c3ccc(OCC)cc3)cc2)n1,0.899965
SJ000257427-1,Cc1ccc(cc1)C(=O)Nc2ccc(Nc3nc(C)cc(n3)N4CCCCC4)cc2,0.899717
SJ000044413-1,Cc1ccc2N(CCO)\C(=C\c3sc4ccccc4[n+]3C)\Sc2c1,0.898743
SJ000045734-1,CN1C=CC(=Cc2sc3ccccc3[n+]2CC=C)C=C1,0.898726
SJ000257393-1,Cc1cc(nc(Nc2ccc(NC(=O)c3ccccc3C)cc2)n1)N4CCCC4,0.896872
SJ000257501-1,CCNc1cc(C)nc(Nc2ccc(NS(=O)(=O)c3ccc(C)c(C)c3)cc2)n1,0.895250
SJ000257538-1,Cc1ccc(Nc2cc(C)nc(Nc3ccc(NS(=O)(=O)c4cccc(F)c4)cc3)n2)cc1,0.895153
SJ000257328-1,Cc1cc(Nc2ccccc2)nc(Nc3ccc(NC(=O)c4ccc(Br)cc4)cc3)n1,0.895131
SJ000024929-1,Ic1cccc(NC2=C(N3CCCCC3)C(=O)c4ccccc4C2=O)c1,0.894912
SJ000044423-1,CCN1C=CC=C/C/1=C/c2ccc3cc(C)ccc3[n+]2CC,0.894792
SJ000257311-1,CCNc1cc(C)nc(Nc2ccc(NC(=O)c3cccc(c3)C(F)(F)F)cc2)n1,0.893422
SJ000257324-1,COc1ccc(cc1)C(=O)Nc2ccc(Nc3nc(C)cc(Nc4ccccc4)n3)cc2,0.892131
SJ000101313-1,CCc1ccccc1NC(=O)C2C(N(C3CCCC3)C(=O)c4ccccc24)c5cccs5,0.891937
SJ000257496-1,CCN(CC)c1cc(C)nc(Nc2ccc(NC(=O)Nc3cccc(Cl)c3)cc2)n1,0.891057
SJ000035851-1,CCOc1ccc(cc1)S(=O)(=O)NC2=C\C(=N/c3ccc(OC)cc3)\C(=O)c4ccccc24,0.890597
SJ000257312-1,CCNc1cc(C)nc(Nc2ccc(NC(=O)c3ccc(cc3)C(F)(F)F)cc2)n1,0.890510
SJ000257343-1,CCC(=O)Nc1ccc(Nc2nc(C)cc(Nc3ccc(OC)cc3)n2)cc1,0.890098
SJ000114927-1,CCN1CCN(CC1)c2cc(C)c3cc(NC(=S)NCCCN4CCN(CC4)c5ccc(F)cc5)ccc3n2,0.889989
SJ000045740-1,CCN1C=CC=C/C/1=C\c2ccc3cc(C)ccc3[n+]2CC=C,0.889946
SJ000257349-1,CCC(CC)C(=O)Nc1ccc(Nc2nc(C)cc(Nc3ccc(OC)cc3)n2)cc1,0.888820
SJ000292024-1,Oc1ccc(Br)cc1CN2CCN(Cc3ccc(Cl)cc3)CC2,0.888471
SJ000257363-1,CN(C)c1cc(C)nc(Nc2ccc(NC(=O)c3ccc(C)cc3)cc2)n1,0.887950
SJ000043204-1,CCCCCCN1C(=N)N(CC(O)COc2cccc(C)c2)c3ccccc13,0.887712
SJ000101304-1,CCc1ccc(NC(=O)C2C(N(C3CCCC3)C(=O)c4ccccc24)c5cccs5)cc1,0.886105
SJ000291990-1,Oc1ccc(Br)cc1CN2CCN(Cc3cccc(Cl)c3)CC2,0.885932
SJ000257539-1,Cc1ccc(Nc2cc(C)nc(Nc3ccc(NS(=O)(=O)c4cccc(Cl)c4)cc3)n2)cc1,0.885782
SJ000257482-1,CCN(CC)c1cc(C)nc(Nc2ccc(NC(=O)c3cccc(F)c3)cc2)n1,0.885127
SJ000257326-1,Cc1cc(Nc2ccccc2)nc(Nc3ccc(NC(=O)c4ccc(F)cc4)cc3)n1,0.882954
SJ000257530-1,Cc1cc(Nc2ccccc2)nc(Nc3ccc(NS(=O)(=O)c4ccc(Cl)cc4)cc3)n1,0.882923
SJ000101293-1,Clc1cccc(NC(=O)C2C(N(C3CCCC3)C(=O)c4ccccc24)c5cccs5)c1,0.882149
SJ000101241-1,COc1ccc(NC(=O)C2C(N(CC(C)C)C(=O)c3ccccc23)c4cccs4)cc1Cl,0.880392
SJ000257361-1,CN(C)c1cc(C)nc(Nc2ccc(NC(=O)c3ccccc3C)cc2)n1,0.878624
SJ000024930-1,Ic1cccc(NC2=C(N3CCOCC3)C(=O)c4ccccc4C2=O)c1,0.878334
SJ000257524-1,CCNc1cc(C)nc(Nc2ccc(NS(=O)(=O)c3cc(C)c(OC)cc3C)cc2)n1,0.877685
SJ000257526-1,Cc1ccc(cc1)S(=O)(=O)Nc2ccc(Nc3nc(C)cc(Nc4ccccc4)n3)cc2,0.877080
SJ000101315-1,Clc1ccc(NC(=O)C2C(N(C3CCCC3)C(=O)c4ccccc24)c5cccs5)cc1,0.876841
SJ000257497-1,CCN(CC)c1cc(C)nc(Nc2ccc(NC(=O)Nc3cccc(C)c3)cc2)n1,0.876622
SJ000031505-1,CCCN1C2=C(CCC2)C(=N)C3=C1CCCC3,0.875905
SJ000101291-1,COc1ccccc1NC(=O)C2C(N(C3CCCC3)C(=O)c4ccccc24)c5cccs5,0.875693
SJ000101246-1,COc1cccc(NC(=O)C2C(N(CC(C)C)C(=O)c3ccccc23)c4cccs4)c1,0.875254
SJ000257519-1,CCNc1cc(C)nc(Nc2ccc(NS(=O)(=O)c3cc(C)ccc3C)cc2)n1,0.874246
SJ000025081-1,CCCOC(=O)C1=C(C)NC2=C(C1c3ccccc3F)C(=O)CC(C2)c4ccc(OC)c(OC)c4,0.873397
SJ000018311-1,CCC(=O)NC(c1ccccc1Cl)c2ccc3cccnc3c2O,0.873204
SJ000257353-1,CCOc1ccc(cc1)C(=O)Nc2ccc(Nc3nc(C)cc(Nc4ccc(OC)cc4)n3)cc2,0.873052
SJ000257401-1,Cc1cc(nc(Nc2ccc(NC(=O)c3cccc(F)c3)cc2)n1)N4CCCC4,0.872416
SJ000122577-1,CCC(=O)NC(c1ccc(Cl)cc1)c2ccc3cccnc3c2O,0.871209
SJ000171111-1,COc1ccc(Nc2nc(NCc3ccccc3)c4ccccc4n2)cc1,0.869385
SJ000257359-1,COc1ccc(Nc2cc(C)nc(Nc3ccc(NC(=O)c4ccc(cc4)C(F)(F)F)cc3)n2)cc1,0.867929
SJ000019403-1,Brc1ccc(NC2=C(N3CCCCC3)C(=O)c4ccccc4C2=O)cc1,0.867630
SJ000257316-1,CCC(=O)Nc1ccc(Nc2nc(C)cc(Nc3ccccc3)n2)cc1,0.866771
SJ000257492-1,CN(C)c1cc(C)nc(Nc2ccc(NC(=O)Nc3cccc(C)c3)cc2)n1,0.865396
SJ000101287-1,COc1ccc(NC(=O)C2C(N(CC(C)C)C(=O)c3ccccc23)c4cccs4)cc1,0.864818
SJ000114928-1,CCN1CCN(CC1)c2cc(C)c3cc(NC(=S)NCCCN4CCN(CC4)c5ccccc5F)ccc3n2,0.863290
SJ000257529-1,Cc1cc(Nc2ccccc2)nc(Nc3ccc(NS(=O)(=O)c4ccc(F)cc4)cc3)n1,0.863118
SJ000136126-1,Oc1c(cc(Cl)c2cccnc12)C(Nc3ccccn3)c4cccc(Br)c4,0.862750
SJ000101261-1,CCOc1ccccc1NC(=O)C2C(N(CC(C)C)C(=O)c3ccccc23)c4cccs4,0.861894
SJ000025098-1,CCOC(=O)C1=C(C)NC2=C(C1c3ccccc3C)C(=O)CC(C2)c4ccc(OC)c(OC)c4,0.861165
SJ000257408-1,Cc1cc(nc(Nc2ccc(NC(=O)c3ccc(Br)cc3)cc2)n1)N4CCCC4,0.860597
SJ000257499-1,CCN(CC)c1cc(C)nc(Nc2ccc(NC(=O)Nc3ccc(F)cc3)cc2)n1,0.860235
SJ000257409-1,Cc1cc(nc(Nc2ccc(NC(=O)c3ccccc3I)cc2)n1)N4CCCC4,0.859995
SJ000257484-1,CCN(CC)c1cc(C)nc(Nc2ccc(NC(=O)c3cccc(Cl)c3)cc2)n1,0.859641
SJ000027789-1,CCN1\C(=C\c2cccc[n+]2C)\Sc3ccc(C)cc13,0.859611
SJ000257486-1,CCN(CC)c1cc(C)nc(Nc2ccc(NC(=O)c3ccc(Br)cc3)cc2)n1,0.859501
SJ000238691-1,CN(C)S(=O)(=O)c1ccc(cc1)C(=O)NNc2nc3c(C)c(C)ccc3s2,0.859076
SJ000112352-1,Cc1ccnc(NC(c2ccc3cccnc3c2O)c4c(Cl)cccc4Cl)c1,0.858801
SJ000257358-1,COc1ccc(Nc2cc(C)nc(Nc3ccc(NC(=O)c4cccc(c4)C(F)(F)F)cc3)n2)cc1,0.857852
SJ000038711-1,Cc1ccc2ccc(C(Nc3ccccn3)c4cccc(Br)c4)c(O)c2n1,0.857476
SJ000101244-1,COc1ccc(Cl)cc1NC(=O)C2C(N(CC(C)C)C(=O)c3ccccc23)c4cccs4,0.857454
SJ000257544-1,CCc1ccc(cc1)S(=O)(=O)Nc2ccc(Nc3nc(C)cc(Nc4ccc(OC)cc4)n3)cc2,0.856676
SJ000031508-1,CCN1C2=C(CCC2)C(=N)C3=C1CCCC3,0.854821
SJ000257503-1,CCCCOc1ccc(cc1)S(=O)(=O)Nc2ccc(Nc3nc(C)cc(NCC)n3)cc2,0.854742
SJ000031712-1,CCCCN1C=CC=C/C/1=C\c2sc3ccccc3[n+]2CC,0.853501
SJ000257381-1,CN(C)c1cc(C)nc(Nc2ccc(NC(=O)c3ccc(cc3)C(F)(F)F)cc2)n1,0.851488
SJ000257380-1,CN(C)c1cc(C)nc(Nc2ccc(NC(=O)c3cccc(c3)C(F)(F)F)cc2)n1,0.851193
SJ000045732-1,CN1\C(=C\c2sc3ccccc3[n+]2C)\C=Cc4cc(C)ccc14,0.851193
SJ000117912-1,CCCN1CCN(CCCNC(=O)c2ccc3c(c2)sc4nc(cn34)c5ccc(OC)cc5)CC1,0.850683
SJ000257377-1,CN(C)c1cc(C)nc(Nc2ccc(NC(=O)c3ccc(Br)cc3)cc2)n1,0.850381
SJ000257382-1,CN(C)c1cc(C)nc(Nc2ccc(NC(=O)c3cccc(I)c3)cc2)n1,0.850131
SJ000291443-1,Oc1ccc(Br)cc1CN2CCN(Cc3ccc(F)cc3)CC2,0.848863
SJ000257541-1,COc1ccc(Nc2cc(C)nc(Nc3ccc(NS(=O)(=O)c4ccc(OC)cc4)cc3)n2)cc1,0.848495
SJ000024932-1,Ic1cccc(NC2=C(N3CCCC3)C(=O)c4ccccc4C2=O)c1,0.848460
SJ000114933-1,CCN1CCN(CC1)c2cc(C)c3cc(NC(=S)NCCN4CCN(CC4)c5ccccc5F)ccc3n2,0.847723
SJ000257485-1,CCN(CC)c1cc(C)nc(Nc2ccc(NC(=O)c3cccc(Br)c3)cc2)n1,0.847299
SJ000257509-1,CCNc1cc(C)nc(Nc2ccc(NS(=O)(=O)c3ccc(CC)cc3)cc2)n1,0.846765
SJ000257478-1,CCN(CC)c1cc(C)nc(Nc2ccc(NC(=O)c3ccc(OC)cc3)cc2)n1,0.845804
SJ000129774-1,Cc1ccc2ccc(C(Nc3ccccn3)c4ccccc4Cl)c(O)c2n1,0.845196
SJ000257498-1,CCN(CC)c1cc(C)nc(Nc2ccc(NC(=O)Nc3ccc(OC)cc3)cc2)n1,0.844480
SJ000024948-1,CN(C)C1=C(N(C(=O)C)c2ccc(I)cc2)C(=O)c3ccccc3C1=O,0.844167
SJ000243360-1,Cc1ccccc1Nc2nc(NCc3ccccc3)c4ccccc4n2,0.843641
SJ000257406-1,Cc1cc(nc(Nc2ccc(NC(=O)c3ccccc3Br)cc2)n1)N4CCCC4,0.842399
SJ000257396-1,Cc1cc(nc(Nc2ccc(NC(=O)c3ccc(cc3)C(C)(C)C)cc2)n1)N4CCCC4,0.842392
SJ000257309-1,CCNc1cc(C)nc(Nc2ccc(NC(=O)c3ccccc3I)cc2)n1,0.842372
SJ000089103-1,CCCCCCC(O)(C(CN1CCOCC1)c2ccccc2)c3ccccc3,0.841616
SJ000129330-1,Cc1ccc2ccc(C(Nc3ccccn3)c4ccc(Cl)cc4)c(O)c2n1,0.841538
SJ000040830-1,CN1C=CC(=Cc2sc3ccccc3[n+]2C)C=C1,0.841170
SJ000257508-1,CCNc1cc(C)nc(Nc2ccc(NS(=O)(=O)c3cc(ccc3C)C(C)C)cc2)n1,0.840456
SJ000114916-1,CCN1CCN(CC1)c2cc(C)c3cc(NC(=S)NCCCN4CCN(CC4)c5cccc(Cl)c5)ccc3n2,0.838618
SJ000257522-1,CCNc1cc(C)nc(Nc2ccc(NS(=O)(=O)c3cc(OC)c(C)cc3C)cc2)n1,0.838523
SJ000101238-1,COc1ccccc1NC(=O)C2C(N(CC(C)C)C(=O)c3ccccc23)c4cccs4,0.837152
SJ000257385-1,COc1cccc(c1)C(=O)Nc2ccc(Nc3nc(C)cc(n3)N(C)C)cc2,0.836981
SJ000114930-1,CCN1CCN(CC1)c2cc(C)c3cc(NC(=S)NCCN4CCN(CC4)c5cccc(Cl)c5)ccc3n2,0.836344
SJ000257372-1,CN(C)c1cc(C)nc(Nc2ccc(NC(=O)c3ccc(F)cc3)cc2)n1,0.835268
SJ000025096-1,COc1ccc(cc1OC)C2CC3=C(C(C(=C(C)N3)C(=O)OC(C)C)c4ccccc4F)C(=O)C2,0.834549
SJ000257445-1,COc1cccc(c1)C(=O)Nc2ccc(Nc3nc(C)cc(n3)N4CCCCC4)cc2,0.833110
SJ000040838-1,CN1\C(=C\c2sc3ccccc3[n+]2CCO)\Sc4ccc(C)cc14,0.833082
SJ000257398-1,COc1ccc(cc1)C(=O)Nc2ccc(Nc3nc(C)cc(n3)N4CCCC4)cc2,0.832456
SJ000257302-1,CCNc1cc(C)nc(Nc2ccc(NC(=O)c3cccc(F)c3)cc2)n1,0.831877
SJ000257507-1,CCNc1cc(C)nc(Nc2ccc(NS(=O)(=O)c3cc(C)c(C)cc3C)cc2)n1,0.831251
SJ000257313-1,CCCCOc1ccc(cc1)C(=O)Nc2ccc(Nc3nc(C)cc(NCC)n3)cc2,0.830961
SJ000025086-1,CCOC(=O)C1=C(C)NC2=C(C1c3cccc(C)c3)C(=O)CC(C2)c4ccc(OC)c(OC)c4,0.830283
SJ000257405-1,Cc1cc(nc(Nc2ccc(NC(=O)c3ccc(Cl)cc3)cc2)n1)N4CCCC4,0.829986
SJ000114958-1,CN1CCN(CC1)c2cc(C)c3cc(NC(=S)NCCCN4CCN(CC4)c5ccc(F)cc5)ccc3n2,0.829905
SJ000257590-1,Cc1ccc(cc1)S(=O)(=O)Nc2ccc(Nc3nc(C)cc(n3)N4CCCCC4)cc2,0.828694
SJ000101286-1,CC(C)CN1C(C(C(=O)Nc2ccc(cc2)C(=O)C)c3ccccc3C1=O)c4cccs4,0.827709
SJ000024933-1,CN(C)C1=C(N(C(=O)C)c2cccc(I)c2)C(=O)c3ccccc3C1=O,0.827703
SJ000257511-1,CCNc1cc(C)nc(Nc2ccc(NS(=O)(=O)c3cc(C)ccc3OC)cc2)n1,0.825713
SJ000257479-1,CCOc1ccc(cc1)C(=O)Nc2ccc(Nc3nc(C)cc(n3)N(CC)CC)cc2,0.825432
SJ000257375-1,CN(C)c1cc(C)nc(Nc2ccc(NC(=O)c3ccccc3Br)cc2)n1,0.824722
SJ000257438-1,Cc1cc(nc(Nc2ccc(NC(=O)c3ccccc3Br)cc2)n1)N4CCCCC4,0.824595
SJ000111869-1,COc1cccc(CN2CCN(Cc3cc(Br)ccc3O)CC2)c1OC,0.823912
SJ000257300-1,CCNc1cc(C)nc(Nc2ccc(NC(=O)c3ccc(OCC)c(OCC)c3)cc2)n1,0.822750
SJ000257374-1,CN(C)c1cc(C)nc(Nc2ccc(NC(=O)c3cccc(Cl)c3)cc2)n1,0.822716
SJ000257342-1,COc1ccc(Nc2cc(C)nc(Nc3ccc(NC(=O)C)cc3)n2)cc1,0.822244
SJ000135926-1,Oc1c(cc(Cl)c2cccnc12)C(Nc3ccccn3)c4cccc(Cl)c4,0.822195
SJ000018301-1,CC(=O)NC(c1ccc(C)cc1)c2ccc3cccnc3c2O,0.822136
SJ000257310-1,CCNc1cc(C)nc(Nc2ccc(NC(=O)c3ccccc3C(F)(F)F)cc2)n1,0.822132
SJ000001188-1,CC[n+]1ccccc1\C=C\c2ccc(cc2)N(C)C,0.821814
SJ000023804-1,CCCOC(=O)C1=C(C)NC2=C(C1c3ccc(OC)c(OC)c3)C(=O)CC(C2)c4ccc(Cl)cc4,0.821563
SJ000129991-1,Cc1ccc2ccc(C(Nc3ccccn3)c4ccc(Cl)c(Cl)c4)c(O)c2n1,0.820447
SJ000019407-1,Cc1ccc(NC2=C(N3CCCCC3)C(=O)c4ccccc4C2=O)cc1,0.820018
SJ000013308-1,CN1CCN(Cc2c(O)ccc3C(=O)C(=C(Oc23)C(F)(F)F)Oc4ccc(cc4)C(C)(C)C)CC1,0.819730
SJ000025108-1,CCCOC(=O)C1=C(C)NC2=C(C1c3ccccc3C)C(=O)CC(C2)c4ccc(OC)c(OC)c4,0.819578
SJ000117464-1,CCCCCCC(O)(C(CNCCCCO)c1ccccc1)c2ccc(Br)cc2,0.819185
SJ000257440-1,Cc1cc(nc(Nc2ccc(NC(=O)c3ccc(Br)cc3)cc2)n1)N4CCCCC4,0.817026
SJ000257367-1,CCOc1ccc(cc1)C(=O)Nc2ccc(Nc3nc(C)cc(n3)N(C)C)cc2,0.815977
SJ000101289-1,CC(C)CN1C(C(C(=O)Nc2cccc(c2)C(=O)C)c3ccccc3C1=O)c4cccs4,0.815287
SJ000257531-1,CCc1ccc(cc1)S(=O)(=O)Nc2ccc(Nc3nc(C)cc(Nc4ccccc4)n3)cc2,0.815110
SJ000092957-1,CCOc1cccc(c1)C2N(CC=C)C(=O)c3[nH]nc(c23)c4c(C)cc(C)cc4O,0.814467
SJ000257437-1,Cc1cc(nc(Nc2ccc(NC(=O)c3ccc(Cl)cc3)cc2)n1)N4CCCCC4,0.814349
SJ000170038-1,Clc1ccccc1Nc2nc(NCc3occc3)c4ccccc4n2,0.813987
SJ000257483-1,CCN(CC)c1cc(C)nc(Nc2ccc(NC(=O)c3ccc(F)cc3)cc2)n1,0.812029
SJ000170650-1,COc1ccccc1Nc2nc(NCc3ccccc3)c4ccccc4n2,0.811937
SJ000113140-1,Cc1cccc(OCC(O)CN2C(=N)N(CCN3CCCCC3)c4ccccc24)c1,0.810622
SJ000114929-1,CCN1CCN(CC1)c2cc(C)c3cc(NC(=S)NCCCN4CCC(Cc5ccccc5)CC4)ccc3n2,0.809846
SJ000257303-1,CCNc1cc(C)nc(Nc2ccc(NC(=O)c3ccccc3Cl)cc2)n1,0.809601
SJ000019402-1,Fc1ccc(NC2=C(N3CCCCC3)C(=O)c4ccccc4C2=O)cc1,0.809271
SJ000018298-1,CCCC(=O)NC(c1ccc2cccnc2c1O)c3ccccc3OC,0.807659
SJ000101310-1,CSc1cccc(NC(=O)C2C(N(C3CCCC3)C(=O)c4ccccc24)c5cccs5)c1,0.807469
SJ000257384-1,CN(C)c1cc(C)nc(Nc2ccc(NC(=O)c3ccc(C)c(C)c3)cc2)n1,0.807212
SJ000257338-1,CCOc1ccc(cc1)C(=O)Nc2ccc(Nc3nc(C)cc(Nc4ccc(C)cc4)n3)cc2,0.806492
SJ000112453-1,CCOc1ccc(CN2CCN(Cc3cc(Br)ccc3O)CC2)cc1,0.804958
SJ000101314-1,COc1ccc(NC(=O)C2C(N(C3CCCC3)C(=O)c4ccccc24)c5cccs5)cc1,0.804111
SJ000023695-1,COc1ccc(O)c(CN2CCN(Cc3cccc(C)c3)CC2)c1,0.803422
SJ000257435-1,Cc1cc(nc(Nc2ccc(NC(=O)c3ccccc3Cl)cc2)n1)N4CCCCC4,0.802374
SJ000257610-1,CCOc1ccc(cc1)S(=O)(=O)Nc2ccc(Nc3nc(C)cc(n3)N(CC)CC)cc2,0.802368
SJ000035894-1,COc1ccccc1N=C2C=C(NS(=O)(=O)c3ccc(cc3)C(C)C)c4ccccc4C2=O,0.802293
SJ000013118-1,CCCOC(=O)C1=C(C)NC2=C(C1c3ccc(O)c(OC)c3)C(=O)CC(C2)c4ccc(Cl)cc4,0.801259
SJ000257379-1,CN(C)c1cc(C)nc(Nc2ccc(NC(=O)c3ccccc3C(F)(F)F)cc2)n1,0.800895
SJ000114935-1,CCCN1CCN(CCCNC(=S)Nc2ccc3nc(cc(C)c3c2)N4CCN(CC)CC4)CC1,0.800614
SJ000110542-1,CCOc1ccc(cc1)C(=O)Nc2nonc2c3ccc(OCC)c(OCC)c3,0.799978
SJ000257514-1,CCNc1cc(C)nc(Nc2ccc(NS(=O)(=O)c3cccc(C)c3)cc2)n1,0.798558
SJ000113137-1,CCN(CC)CCN1C(=N)N(CC(O)COc2cccc(C)c2)c3ccccc13,0.798507
SJ000238672-1,CN(C)S(=O)(=O)c1ccc(cc1)C(=O)NNc2nc3ccc(C)cc3s2,0.798419
SJ000015782-1,CCCCCCCN1C(=N)N(CC(O)COc2ccccc2)c3ccccc13,0.796517
SJ000044425-1,C[n+]1c(\C=C/2\C=CN(CC=C)c3ccccc23)sc4ccccc14,0.796367
SJ000238607-1,CN(C)S(=O)(=O)c1ccc(cc1)C(=O)NNc2nc3c(C)cccc3s2,0.796173
SJ000018299-1,CCC(=O)NC(c1ccc(OC)cc1)c2ccc3cccnc3c2O,0.795563
SJ000238661-1,CN(C)S(=O)(=O)c1ccc(cc1)C(=O)NNc2nc3c(Cl)cccc3s2,0.795123
SJ000025078-1,CCOC(=O)C1=C(C)NC2=C(C1c3cccc(c3)[N+](=O)[O-])C(=O)CC(C2)c4ccc(OC)c(OC)c4,0.794570
SJ000257407-1,Cc1cc(nc(Nc2ccc(NC(=O)c3cccc(Br)c3)cc2)n1)N4CCCC4,0.794049
SJ000032718-1,CCCCOc1ccc(cc1)N(C(=O)C)C2=C(N3CCCCC3)C(=O)c4ccccc4C2=O,0.792788
SJ000112350-1,Cc1ccnc(NC(c2ccc(Cl)cc2Cl)c3ccc4cccnc4c3O)c1,0.792737
SJ000257626-1,CCN(CC)c1cc(C)nc(Nc2ccc(NS(=O)(=O)c3ccc(OC)c(C)c3)cc2)n1,0.791708
SJ000018302-1,CCC(=O)NC(c1ccc(C)cc1)c2ccc3cccnc3c2O,0.790940
SJ000009421-1,CCCCN1C(=N)N(CC(O)c2ccc(Cl)cc2)c3ccccc13,0.789318
SJ000114921-1,CCN1CCN(CCCNC(=S)Nc2ccc3nc(cc(C)c3c2)N4CCN(CC)CC4)CC1,0.789216
SJ000092941-1,CCCN1C(c2cccc(OC)c2)c3c(n[nH]c3C1=O)c4c(C)cc(C)cc4O,0.788786
SJ000257481-1,CCN(CC)c1cc(C)nc(Nc2ccc(NC(=O)c3ccccc3F)cc2)n1,0.788658
SJ000257432-1,Cc1cc(nc(Nc2ccc(NC(=O)c3ccccc3F)cc2)n1)N4CCCCC4,0.788575
SJ000032720-1,CCCCCOc1ccc(NC2=C(N3CCCC3)C(=O)c4ccccc4C2=O)cc1,0.788509
SJ000025077-1,CCOC(=O)C1=C(C)NC2=C(C1c3ccccc3OCC)C(=O)CC(C2)c4ccc(OC)c(OC)c4,0.788481
SJ000035849-1,CCc1ccc(cc1)S(=O)(=O)NC2=C\C(=N/c3ccc(OC)cc3)\C(=O)c4ccccc24,0.787712
SJ000113128-1,CCCCCN1C(=N)N(CC(O)COc2ccc(C)cc2)c3ccccc13,0.787700
SJ000025099-1,COC(=O)C1=C(C)NC2=C(C1c3ccccc3C)C(=O)CC(C2)c4ccc(OC)c(OC)c4,0.787187
SJ000065515-1,CCOc1cc(ccc1O)C2CC(=O)NC3=C2C(=O)CC(C3)c4ccc(OC)c(OC)c4,0.786630
SJ000257506-1,CCNc1cc(C)nc(Nc2ccc(NS(=O)(=O)c3ccc(Cl)cc3)cc2)n1,0.786541
SJ000244626-1,Brc1cccc(NC2=C(C(=O)c3ccccc3C2=O)n4nnc5ccccc45)c1,0.786363
SJ000035859-1,CCOc1ccc(cc1)\N=C\2/C=C(NS(=O)(=O)c3ccc(OC)cc3)c4ccccc4C2=O,0.786063
SJ000147266-1,Cc1ccc(C)c(c1)N2CCN(Cc3ccccc3O)CC2,0.784295
SJ000032159-1,CC(=O)NC(c1ccccc1)c2cc(Cl)c3cccnc3c2O,0.784000
SJ000101245-1,CC(C)CN1C(C(C(=O)Nc2ccc(F)cc2Cl)c3ccccc3C1=O)c4cccs4,0.782613
SJ000089107-1,CCCCCC(O)(C(CN1CCOCC1)c2ccccc2)c3ccc(OC)cc3,0.782608
SJ000140375-1,Cc1c2cccn2cc[n+]1C,0.782491
SJ000257516-1,CCNc1cc(C)nc(Nc2ccc(NS(=O)(=O)c3cccc(F)c3)cc2)n1,0.782158
SJ000035893-1,CCOc1ccc(cc1)S(=O)(=O)NC2=C\C(=N/c3ccccc3OC)\C(=O)c4ccccc24,0.781873
SJ000257329-1,CC(=O)Nc1ccc(Nc2nc(C)cc(Nc3ccc(C)cc3)n2)cc1,0.781548
SJ000025102-1,CCCOC(=O)C1=C(C)NC2=C(C1c3ccccc3Cl)C(=O)CC(C2)c4ccc(OC)c(OC)c4,0.781375
SJ000047238-1,CCCCCCCCN1C=CC(=N)C=C1,0.781151
SJ000117447-1,CCOCc1cc(CN2CCN(CC2)c3cccc(c3)C(F)(F)F)c(O)c4ncccc14,0.777974
SJ000044721-1,Fc1cccc(NC2=C(N3CCCC3)C(=O)c4ccccc4C2=O)c1,0.777587
SJ000117911-1,CCN1CCN(CCCNC(=O)c2ccc3c(c2)sc4nc(cn34)c5ccc(OC)cc5)CC1,0.777441
SJ000110999-1,OC(CNC1CCCCC1)Cn2c3ccc(Cl)cc3c4cc(Cl)ccc24,0.776825
SJ000257504-1,CCNc1cc(C)nc(Nc2ccc(NS(=O)(=O)c3ccc(OC)c(OC)c3)cc2)n1,0.776600
SJ000257436-1,Cc1cc(nc(Nc2ccc(NC(=O)c3cccc(Cl)c3)cc2)n1)N4CCCCC4,0.776298
SJ000257403-1,Cc1cc(nc(Nc2ccc(NC(=O)c3ccccc3Cl)cc2)n1)N4CCCC4,0.776216
SJ000032455-1,COc1ccccc1CN2CCN(Cc3cc(Br)ccc3O)CC2,0.775932
SJ000112454-1,CCc1ccc(CN2CCN(Cc3cc(Br)ccc3O)CC2)cc1,0.775923
SJ000128936-1,Oc1c(ccc2cccnc12)C(Nc3ccccn3)c4ccc(Br)cc4,0.775869
SJ000257429-1,COc1ccccc1C(=O)Nc2ccc(Nc3nc(C)cc(n3)N4CCCCC4)cc2,0.775747
SJ000130580-1,OC(CNC1CCCC1)Cn2c3ccc(Cl)cc3c4cc(Cl)ccc24,0.775629
SJ000257399-1,CCOc1ccc(cc1)C(=O)Nc2ccc(Nc3nc(C)cc(n3)N4CCCC4)cc2,0.775456
SJ000140373-1,Cc1ccc2c(C)[n+](C)ccn12,0.774871
SJ000257585-1,Cc1cc(nc(Nc2ccc(NS(=O)(=O)c3ccc(Br)cc3)cc2)n1)N4CCCC4,0.774722
SJ000047241-1,CCCCCCCCCN1C=CC(=N)C=C1,0.774293
SJ000035882-1,CC(C)c1ccc(cc1)S(=O)(=O)NC2=C\C(=N/c3ccc(O)cc3)\C(=O)c4ccccc24,0.773948
SJ000018300-1,CCCC(=O)NC(c1ccc(OC)cc1)c2ccc3cccnc3c2O,0.773793
SJ000147301-1,Oc1ccc(Br)cc1CN2CCN(Cc3ccccc3)CC2,0.773442
SJ000092586-1,CCC1=C(C)c2cc3CN(CCc4ccc(OC)cc4)COc3c(C)c2OC1=O,0.773147
SJ000257518-1,CCNc1cc(C)nc(Nc2ccc(NS(=O)(=O)c3cccc(Cl)c3)cc2)n1,0.772980
SJ000092931-1,CCOc1ccc(cc1)C2N(CC=C)C(=O)c3[nH]nc(c23)c4c(C)cc(C)cc4O,0.772854
SJ000257443-1,Cc1cc(nc(Nc2ccc(NC(=O)c3ccc(cc3)C(F)(F)F)cc2)n1)N4CCCCC4,0.772766
SJ000257369-1,CCOc1ccc(cc1OCC)C(=O)Nc2ccc(Nc3nc(C)cc(n3)N(C)C)cc2,0.772735
SJ000072867-1,CCCN(CCC)CCNC(=O)c1cc2c(nn(C)c2s1)c3ccccc3F,0.771930
SJ000025079-1,COc1ccc(cc1OC)C2CC3=C(C(C(=C(C)N3)C(=O)OC(C)C)c4ccccc4C)C(=O)C2,0.771220
SJ000257500-1,CCNc1cc(C)nc(Nc2ccc(NS(=O)(=O)c3ccc(C)cc3)cc2)n1,0.770852
SJ000114922-1,CCCN(CCC)CCCNC(=S)Nc1ccc2nc(cc(C)c2c1)N3CCN(CC)CC3,0.770672
SJ000032719-1,CCCCOc1ccc(cc1)N(C(=O)C)C2=C(N3CCOCC3)C(=O)c4ccccc4C2=O,0.770474
SJ000027936-1,Brc1ccc(Nc2nc(NCc3occc3)c4ccccc4n2)cc1,0.770322
SJ000257554-1,CN(C)c1cc(C)nc(Nc2ccc(NS(=O)(=O)c3ccc(Cl)cc3)cc2)n1,0.769660
SJ000018310-1,CC(=O)NC(c1ccccc1Cl)c2ccc3cccnc3c2O,0.769313
SJ000085502-1,CC(C)(C)n1ncc2C(=O)N(Cc3ccc(Cl)cc3)C=Nc12,0.769105
SJ000140374-1,CCc1c2ccc(C)n2cc[n+]1C,0.768837
SJ000257586-1,Cc1ccc(C)c(c1)S(=O)(=O)Nc2ccc(Nc3nc(C)cc(n3)N4CCCC4)cc2,0.768718
SJ000085588-1,CCC(C)Nc1sc(nc1S(=O)(=O)c2ccc(C)cc2)S(=O)(=O)CC,0.768574
SJ000257441-1,Cc1cc(nc(Nc2ccc(NC(=O)c3ccccc3C(F)(F)F)cc2)n1)N4CCCCC4,0.768437
SJ000147389-1,Cc1ccc(C)c(c1)N2CCN(Cc3cc(Cl)ccc3O)CC2,0.768249
SJ000112450-2,COc1cccc(CN2CCN(Cc3cc(Br)ccc3O)CC2)c1,0.768102
SJ000238699-1,CN(C)S(=O)(=O)c1ccc(cc1)C(=O)NNc2nc3c(C)cc(C)cc3s2,0.768017
SJ000140386-1,CC[n+]1ccn2cccc2c1C,0.768000
SJ000129331-1,Cc1ccnc(NC(c2ccc3cccnc3c2O)c4cccc(Cl)c4Cl)c1,0.767804
SJ000291302-1,CCCC(=O)NC(c1ccc(Cl)cc1)c2ccc3cccnc3c2O,0.767675
SJ000257404-1,Cc1cc(nc(Nc2ccc(NC(=O)c3cccc(Cl)c3)cc2)n1)N4CCCC4,0.766730
SJ000140715-1,Cc1[n+](C)c2ccccc2n1C,0.766592
SJ000257614-1,CCN(CC)c1cc(C)nc(Nc2ccc(NS(=O)(=O)c3ccc(NC(=O)C)cc3)cc2)n1,0.766439
SJ000257301-1,CCNc1cc(C)nc(Nc2ccc(NC(=O)c3ccccc3F)cc2)n1,0.766423
SJ000032726-1,CCCCCOc1ccc(cc1)N(C(=O)C)C2=C(N3CCOCC3)C(=O)c4ccccc4C2=O,0.766195
SJ000147013-1,Cc1ccc(C)c(c1)N2CCN(Cc3cc(ccc3O)[N+](=O)[O-])CC2,0.765395
SJ000031506-1,CC(C)CN1C2=C(CCC2)C(=N)C3=C1CCCC3,0.765010
SJ000021272-1,Ic1ccc(NC2=C(N3CCCCC3)C(=O)c4ccccc4C2=O)cc1,0.764399
SJ000089112-1,CCCCC(O)(C(CN1CCOCC1)c2ccccc2)c3ccc(CC)cc3,0.764250
SJ000114934-1,CCN1CCN(CC1)c2cc(C)c3cc(NC(=S)NCCN4CCN(Cc5ccccc5)CC4)ccc3n2,0.764205
SJ000101278-1,CC(C)CN1C(C(C(=O)Nc2ccc(C)cc2Cl)c3ccccc3C1=O)c4cccs4,0.763375
SJ000284333-1,CC(C)(C)c1ccc(OC2=C(Oc3c(CN4CCCC4)c(O)ccc3C2=O)C(F)(F)F)cc1,0.763147
SJ000257595-1,Cc1cc(nc(Nc2ccc(NS(=O)(=O)c3ccc(Cl)cc3)cc2)n1)N4CCCCC4,0.763111
SJ000031507-1,CN1C2=C(CCC2)C(=N)C3=C1CCCC3,0.763078
SJ000025084-1,COc1ccc(cc1OC)C2CC3=C(C(C(=C(C)N3)C(=O)OC(C)C)c4ccccc4Cl)C(=O)C2,0.762638
SJ000120079-1,Oc1c(cc(Cl)c2cccnc12)C(NC(=O)c3cccnc3)c4ccc(cc4)[N+](=O)[O-],0.762342
SJ000091735-1,CCCOc1ccc(cc1OCCC)c2nonc2NC(=O)c3cccc(OCC)c3,0.762188
SJ000257362-1,CN(C)c1cc(C)nc(Nc2ccc(NC(=O)c3cccc(C)c3)cc2)n1,0.761969
SJ000114962-1,CCCCN(CC)CCCNC(=S)Nc1ccc2nc(cc(C)c2c1)N3CCN(C)CC3,0.761866
SJ000101295-1,COc1cccc(NC(=O)C2C(N(C3CCCC3)C(=O)c4ccccc24)c5cccs5)c1,0.761740
SJ000146761-1,COc1ccc(O)c(CN2CCN(Cc3ccccc3)CC2)c1,0.761553
SJ000025083-1,CCCOC(=O)C1=C(C)NC2=C(C1c3cccc(C)c3)C(=O)CC(C2)c4ccc(OC)c(OC)c4,0.760936
SJ000257607-1,CCN(CC)c1cc(C)nc(Nc2ccc(NS(=O)(=O)c3ccc(C)cc3)cc2)n1,0.760458
SJ000019405-1,COc1ccc(NC2=C(N3CCCCC3)C(=O)c4ccccc4C2=O)cc1,0.760394
SJ000112391-1,Oc1c(ccc2cccnc12)C(Nc3ccccn3)c4ccc(OC5CCCC5)cc4,0.760333
SJ000032725-1,CCCCCOc1ccc(cc1)N(C(=O)C)C2=C(N3CCCCC3)C(=O)c4ccccc4C2=O,0.759736
SJ000065498-1,COc1ccc(cc1OC)C2CC3=C(C(CC(=O)N3)c4ccc(OC)c(OC)c4)C(=O)C2,0.759688
SJ000018566-1,COc1cccc(c1)C2Sc3ccccc3NC4=C2C(=O)c5ccccc45,0.759341
SJ000257608-1,CCN(CC)c1cc(C)nc(Nc2ccc(NS(=O)(=O)c3ccc(C)c(C)c3)cc2)n1,0.759076
SJ000257364-1,CN(C)c1cc(C)nc(Nc2ccc(NC(=O)c3ccc(cc3)C(C)(C)C)cc2)n1,0.758920
SJ000257532-1,Cc1ccc(Nc2cc(C)nc(Nc3ccc(NS(=O)(=O)c4ccc(C)cc4)cc3)n2)cc1,0.758727
SJ000113132-1,Cc1ccccc1OCC(O)CN2C(=N)N(CC=C)c3ccccc23,0.758642
SJ000257365-1,COc1ccccc1C(=O)Nc2ccc(Nc3nc(C)cc(n3)N(C)C)cc2,0.758605
SJ000260226-1,COc1cccc2sc(nc12)N(Cc3cccnc3)C(=O)C4CCCCC4,0.757634
SJ000085603-1,CCS(=O)(=O)c1nc(c(s1)N2CCCC(C)C2)S(=O)(=O)c3ccc(Cl)cc3,0.757120
SJ000023782-1,CCCOC(=O)C1=C(C)NC2=C(C1c3cc(Cl)c(O)c(OCC)c3)C(=O)CC(C2)c4ccccc4,0.756437
SJ000028693-1,Cc1ccc(cc1)C2Sc3ccccc3NC4=C2C(=O)c5ccccc45,0.756310
SJ000147025-1,Cc1cccc(N2CCN(Cc3cc(ccc3O)[N+](=O)[O-])CC2)c1C,0.756087
SJ000112591-1,CCN(CC)CCN1C(=N)N(CC(O)COc2ccc(C)cc2)c3ccccc13,0.755991
SJ000257480-1,CCN(CC)c1cc(C)nc(Nc2ccc(NC(=O)c3ccc(OC)c(OC)c3)cc2)n1,0.755863
SJ000038628-1,CCCOC(=O)C1=C(C)NC2=C(C1c3cccc(c3)[N+](=O)[O-])C(=O)CC(C2)c4ccccc4OC,0.754702
SJ000109690-1,CCOC(=O)C1=C(C)NC2=C(C1c3ccc(OC)c(OC)c3)C(=O)CC(C2)c4ccc(Cl)cc4,0.754391
SJ000114964-1,CN1CCN(CC1)c2cc(C)c3cc(NC(=S)NCCN4CCN(CC4)c5ccccc5F)ccc3n2,0.754005
SJ000092942-1,COc1cccc(c1)C2N(CC=C)C(=O)c3[nH]nc(c23)c4c(C)cc(C)cc4O,0.753416
SJ000257373-1,CN(C)c1cc(C)nc(Nc2ccc(NC(=O)c3ccccc3Cl)cc2)n1,0.753301
SJ000092948-1,CCCN1C(c2ccc(OC)cc2)c3c(n[nH]c3C1=O)c4c(C)cc(C)cc4O,0.752631
SJ000025092-1,CCCOC(=O)C1=C(C)NC2=C(C1c3ccc(F)cc3)C(=O)CC(C2)c4ccc(OC)c(OC)c4,0.752525
SJ000257315-1,CC(=O)Nc1ccc(Nc2nc(C)cc(Nc3ccccc3)n2)cc1,0.752181
SJ000128949-1,Cc1cccc(NC(c2ccc(Br)cc2)c3ccc4cccnc4c3O)n1,0.752114
SJ000025103-1,COC(=O)C1=C(C)NC2=C(C1c3ccccc3OC(C)C)C(=O)CC(C2)c4ccc(OC)c(OC)c4,0.752071
SJ000257520-1,CCNc1cc(C)nc(Nc2ccc(NS(=O)(=O)c3ccc(OC)c(C)c3)cc2)n1,0.751982
SJ000110541-1,CCOc1ccc(cc1OCC)c2nonc2NC(=O)c3ccc(C)cc3,0.751974
SJ000289101-1,Fc1ccccc1C(=O)NC(NC(=S)Nc2ccccc2Cl)C(Cl)(Cl)Cl,0.751968
SJ000257576-1,CCOc1ccc(cc1)S(=O)(=O)Nc2ccc(Nc3nc(C)cc(n3)N4CCCC4)cc2,0.751878
SJ000027938-1,COc1ccc(Nc2nc(NCc3occc3)c4ccccc4n2)cc1,0.751547
SJ000171307-1,CCOc1ccc(Nc2nc(NCc3ccccc3)c4ccccc4n2)cc1,0.751041
SJ000025090-1,COCCOC(=O)C1=C(C)NC2=C(C1c3ccccc3F)C(=O)CC(C2)c4ccc(OC)c(OC)c4,0.750934
SJ000257513-1,CCNc1cc(C)nc(Nc2ccc(NS(=O)(=O)c3ccc(Br)cc3)cc2)n1,0.749856
SJ000160405-1,NC(=N)N\N=C\c1ccc(OCc2ccc(Cl)c(Cl)c2)cc1,0.749749
SJ000032456-1,Oc1ccc(Br)cc1CN2CCN(Cc3ccccc3F)CC2,0.749567
SJ000085506-1,CC(C)(C)n1ncc2C(=O)N(Cc3cccc(c3)C(F)(F)F)C=Nc12,0.749460
SJ000065490-1,COc1ccc(cc1)C2CC(=O)NC3=C2C(=O)CC(C3)c4ccc(OC)c(OC)c4,0.749126
SJ000115311-1,Cc1cc(nc2ccc(NC(=S)NCCCN3CCN(Cc4ccccc4)CC3)cc12)N5CCCC5,0.747667
SJ000018645-1,CCN(CC)CCN1C(=N)N(CC(O)c2ccc(Cl)c(Cl)c2)c3ccccc13,0.747429
SJ000192944-1,Cc1ccc(C)c(Nc2nc(N)c3ccccc3n2)c1,0.747387
SJ000171290-1,Fc1ccccc1Nc2nc(NCc3occc3)c4ccccc4n2,0.747219
SJ000027779-1,COc1ccc2S\C(=C/c3cccc[n+]3C)\N(C)c2c1,0.746946
SJ000291494-1,CSc1ccc(CN2CCN(Cc3cc(Br)ccc3O)CC2)cc1,0.746812
SJ000120078-1,Oc1c(cc(Cl)c2cccnc12)C(NC(=O)c3cccnc3)c4cccc(c4)[N+](=O)[O-],0.746800
SJ000035852-1,COc1ccc(cc1)\N=C\2/C=C(NS(=O)(=O)c3ccc(cc3)C(C)C)c4ccccc4C2=O,0.746356
SJ000260163-1,CCOc1ccc2nc(sc2c1)N(Cc3cccnc3)C(=O)C4CCCCC4,0.746022
SJ000118779-1,Oc1c(CC(=O)NCc2occc2)nc3c4ccccc4nc(SCc5ccccc5F)n13,0.745946
SJ000257596-1,CC(=O)Nc1ccc(cc1)S(=O)(=O)Nc2ccc(Nc3nc(C)cc(n3)N4CCCCC4)cc2,0.745796
SJ000257370-1,CN(C)c1cc(C)nc(Nc2ccc(NC(=O)c3ccccc3F)cc2)n1,0.744774
SJ000114961-1,CN1CCN(CC1)c2cc(C)c3cc(NC(=S)NCCCN4CCc5ccccc5C4)ccc3n2,0.744180
SJ000034422-1,CCOc1ccc(cc1)N2C(=NC(=NC2(C)C)N)N,0.743628
SJ000257620-1,CCN(CC)c1cc(C)nc(Nc2ccc(NS(=O)(=O)c3cccc(C)c3)cc2)n1,0.743412
SJ000038707-1,Cc1ccc2ccc(C(Nc3ccccn3)c4cccc(Cl)c4)c(O)c2n1,0.743384
SJ000011363-1,CCCOC(=O)C1=C(C)NC2=C(C1c3ccc(O)cc3)C(=O)CC(C2)c4ccc(Cl)cc4,0.743136
SJ000025095-1,CCCOC(=O)C1=C(C)NC2=C(C1c3ccccc3OC)C(=O)CC(C2)c4ccc(OC)c(OC)c4,0.742953
SJ000030568-1,CCOc1ccc(cc1)N(C(=O)C)C2=C(N3CCCCC3)C(=O)c4ccccc4C2=O,0.742193
SJ000257402-1,Cc1cc(nc(Nc2ccc(NC(=O)c3ccc(F)cc3)cc2)n1)N4CCCC4,0.742193
SJ000257609-1,CCN(CC)c1cc(C)nc(Nc2ccc(NS(=O)(=O)c3ccc(OC)cc3)cc2)n1,0.741853
SJ000032458-1,Oc1ccc(Br)cc1CN2CCN(Cc3cccc(F)c3)CC2,0.741651
SJ000042839-1,CCN1CCN(Cc2c(O)ccc3C(=O)C(=C(Oc23)C(F)(F)F)Oc4ccc(CC)cc4)CC1,0.741647
SJ000092589-1,COc1ccccc1CCN2COc3c(C)c4OC(=O)C(=C(C)c4cc3C2)C,0.741511
SJ000025107-1,CCOC(=O)C1=C(C)NC2=C(C1c3ccccc3Cl)C(=O)CC(C2)c4ccc(OC)c(OC)c4,0.741468
SJ000257299-1,CCNc1cc(C)nc(Nc2ccc(NC(=O)c3ccc(OC)c(OC)c3)cc2)n1,0.741274
SJ000065456-1,COc1ccc(cc1OC)C2CC(=O)C3=C(C2)NC(=O)CC3c4ccc(F)cc4,0.741207
SJ000112451-1,COc1ccc(CN2CCN(Cc3cc(Br)ccc3O)CC2)c(OC)c1,0.741178
SJ000024945-1,CN(C)C1=C(N(C(=O)C)c2cccc(c2)C(=O)O)C(=O)c3ccccc3C1=O,0.741161
SJ000035881-1,CC(C)(C)c1ccc(cc1)S(=O)(=O)NC2=C\C(=N/c3ccc(O)cc3)\C(=O)c4ccccc24,0.741154
SJ000257487-1,CCN(CC)c1cc(C)nc(Nc2ccc(NC(=O)c3cccc(c3)C(F)(F)F)cc2)n1,0.741004
SJ000257397-1,COc1ccccc1C(=O)Nc2ccc(Nc3nc(C)cc(n3)N4CCCC4)cc2,0.740028
SJ000018303-1,CCCC(=O)NC(c1ccc(C)cc1)c2ccc3cccnc3c2O,0.739992
SJ000085507-1,CC(C)(C)n1ncc2C(=O)N(Cc3ccc(cc3)C(F)(F)F)C=Nc12,0.738661
SJ000018309-1,CC(=O)NC(c1ccc(Cl)cc1)c2ccc3cccnc3c2O,0.738250
SJ000170864-1,Fc1ccc(Nc2nc(NCc3ccccc3)c4ccccc4n2)cc1,0.737377
SJ000091714-1,CCCCOc1ccc(cc1)C(=O)Nc2nonc2c3ccc(OCC)c(OCC)c3,0.736725
SJ000018304-1,CC(C)C(=O)NC(c1ccc(C)cc1)c2ccc3cccnc3c2O,0.736689
SJ000021275-1,Ic1ccc(NC2=C(N3CCOCC3)C(=O)c4ccccc4C2=O)cc1,0.736561
SJ000025089-1,COC(=O)C1=C(C)NC2=C(C1c3ccccc3F)C(=O)CC(C2)c4ccc(OC)c(OC)c4,0.736266
SJ000035858-1,CCOc1ccc(cc1)\N=C\2/C=C(NS(=O)(=O)c3ccc(CC)cc3)c4ccccc4C2=O,0.736207
SJ000238706-1,CN(C)S(=O)(=O)c1ccc(cc1)C(=O)NNc2nc3cc(C)cc(C)c3s2,0.735834
SJ000101251-1,COc1ccccc1CNC(=O)C2C(N(CC(C)C)C(=O)c3ccccc23)c4cccs4,0.734767
SJ000170149-1,Fc1ccccc1Nc2nc(NCc3ccccc3)c4ccccc4n2,0.734758
SJ000257502-1,CCNc1cc(C)nc(Nc2ccc(NS(=O)(=O)c3ccc(OC)cc3)cc2)n1,0.734211
SJ000257523-1,CCNc1cc(C)nc(Nc2ccc(NS(=O)(=O)c3cc(ccc3OC)C(C)(C)C)cc2)n1,0.733733
SJ000101281-1,CSc1cccc(NC(=O)C2C(N(CC(C)C)C(=O)c3ccccc23)c4cccs4)c1,0.733678
SJ000117455-1,CC(C)OCc1cc(CN2CCN(CC2)c3cccc(Cl)c3)c(O)c4ncccc14,0.732996
SJ000257625-1,CCN(CC)c1cc(C)nc(Nc2ccc(NS(=O)(=O)c3cc(C)ccc3C)cc2)n1,0.732673
SJ000101308-1,O=C(Nc1cccc(c1)C#N)C2C(N(C3CCCC3)C(=O)c4ccccc24)c5cccs5,0.732596
SJ000101255-1,CCOc1ccc(NC(=O)C2C(N(CC(C)C)C(=O)c3ccccc23)c4cccs4)cc1,0.731670
SJ000034107-1,CCCC(=O)NC(c1ccccc1Cl)c2cc(Cl)c3cccnc3c2O,0.731408
SJ000192450-1,Oc1ccccc1Nc2nc(NCc3ccccc3)c4ccccc4n2,0.731372
SJ000101303-1,CCOc1ccccc1NC(=O)C2C(N(C3CCCC3)C(=O)c4ccccc24)c5cccs5,0.731104
SJ000257591-1,COc1ccc(cc1)S(=O)(=O)Nc2ccc(Nc3nc(C)cc(n3)N4CCCCC4)cc2,0.731013
SJ000128935-1,Oc1c(ccc2cccnc12)C(Nc3ccccn3)c4ccc(Cl)cc4,0.730707
SJ000151331-1,CCCCOc1ccc(c(O)c1)c2[nH]nc(C)c2Oc3ccccc3,0.730634
SJ000065680-1,CCOc1ccc(cc1)C2CC(=O)NC3=C2C(=O)CC(C3)c4ccccc4Cl,0.730611
SJ000040832-1,CC[n+]1c(C=C2C=CN(C)C=C2)ccc3cc(OC)ccc13,0.730528
SJ000032151-1,CC(C)c1ccc(cc1)C(NC(=O)C)c2ccc3cccnc3c2O,0.730482
SJ000101256-1,COc1ccc(OC)c(NC(=O)C2C(N(CC(C)C)C(=O)c3ccccc23)c4cccs4)c1,0.730040
SJ000101292-1,Fc1ccc(NC(=O)C2C(N(C3CCCC3)C(=O)c4ccccc24)c5cccs5)cc1,0.730029
SJ000089115-1,CCc1ccc(cc1)C(O)(CCC(C)C)C(CN2CCOCC2)c3ccccc3,0.729781
SJ000025080-1,CCOC(=O)C1=C(C)NC2=C(C1c3ccc(F)cc3)C(=O)CC(C2)c4ccc(OC)c(OC)c4,0.729663
SJ000025091-1,COC(=O)C1=C(C)NC2=C(C1c3cccc(C)c3)C(=O)CC(C2)c4ccc(OC)c(OC)c4,0.729472
SJ000257597-1,CCc1ccc(cc1)S(=O)(=O)Nc2ccc(Nc3nc(C)cc(n3)N4CCCCC4)cc2,0.729169
SJ000034092-1,CCCC(=O)NC(c1ccccc1)c2cc(Cl)c3cccnc3c2O,0.728905
SJ000091721-1,CCCOc1ccccc1C(=O)Nc2nonc2c3ccc(OCC)c(OCC)c3,0.728742
SJ000243624-1,Cc1ccc(Nc2nc(NCc3ccccc3)c4ccccc4n2)cc1,0.727109
SJ000111872-2,COc1ccc(O)c(CN2CCN(Cc3ccc(Br)cc3)CC2)c1,0.726812
SJ000257368-1,COc1ccc(cc1OC)C(=O)Nc2ccc(Nc3nc(C)cc(n3)N(C)C)cc2,0.726491
SJ000258070-1,CN1CCN(CC1)c2nc(Nc3ccc(Cl)cc3)c4cnn(c5ccccc5)c4n2,0.725907
SJ000257430-1,COc1ccc(cc1)C(=O)Nc2ccc(Nc3nc(C)cc(n3)N4CCCCC4)cc2,0.725647
SJ000101294-1,Fc1ccccc1NC(=O)C2C(N(C3CCCC3)C(=O)c4ccccc24)c5cccs5,0.725426
SJ000257493-1,COc1cccc(NC(=O)Nc2ccc(Nc3nc(C)cc(n3)N(C)C)cc2)c1,0.724187
SJ000257593-1,CCCCOc1ccc(cc1)S(=O)(=O)Nc2ccc(Nc3nc(C)cc(n3)N4CCCCC4)cc2,0.724014
SJ000137731-1,Oc1c(cc(Cl)c2cccnc12)C(Nc3ccccn3)c4ccccc4Br,0.723258
SJ000088999-1,CCCOCc1cc(CN2CCN(CC2)c3ccccc3OC)c(O)c4ncccc14,0.722858
SJ000257433-1,Cc1cc(nc(Nc2ccc(NC(=O)c3cccc(F)c3)cc2)n1)N4CCCCC4,0.722771
SJ000085608-1,CCS(=O)(=O)c1nc(c(s1)N2CCN(C)CC2)S(=O)(=O)c3ccc(Cl)cc3,0.722391
SJ000025537-1,Cc1cc(Nc2cccc(c2)C(F)(F)F)c3cccc(C)c3n1,0.722095
SJ000001494-1,COc1cccc(Nc2c3ccccc3nc4ccccc24)c1,0.722062
SJ000136080-1,Oc1c(cc(Cl)c2cccnc12)C(Nc3ccccn3)c4cccc(c4)[N+](=O)[O-],0.721869
SJ000188011-1,CC(C)c1ccccc1OC2=C(Oc3c(CN4CCN(C)CC4)c(O)ccc3C2=O)C(F)(F)F,0.721572
SJ000257477-1,CCN(CC)c1cc(C)nc(Nc2ccc(NC(=O)c3ccc(cc3)C(C)(C)C)cc2)n1,0.721453
SJ000136112-1,Oc1c(cc(Cl)c2cccnc12)C(Nc3ccccn3)c4ccc(cc4)[N+](=O)[O-],0.721244
SJ000066544-1,Cc1cc(Nc2ccc(C)c(Br)c2)n3nc(C)nc3n1,0.721084
SJ000257510-1,CCNc1cc(C)nc(Nc2ccc(NS(=O)(=O)c3cc(Cl)c(C)cc3OC)cc2)n1,0.721010
SJ000257414-1,Cc1cc(nc(Nc2ccc(NC(=O)c3ccc(I)cc3)cc2)n1)N4CCCC4,0.720853
SJ000257552-1,CCCCOc1ccc(cc1)S(=O)(=O)Nc2ccc(Nc3nc(C)cc(n3)N(C)C)cc2,0.720262
SJ000257439-1,Cc1cc(nc(Nc2ccc(NC(=O)c3cccc(Br)c3)cc2)n1)N4CCCCC4,0.720060
SJ000079677-1,CC(C)CN1C(C(C(=O)Nc2ccc(C)c(C)c2)c3ccccc3C1=O)c4cccs4,0.719966
SJ000032149-1,CC(=O)NC(c1ccc(Cl)cc1Cl)c2ccc3cccnc3c2O,0.719383
SJ000092949-1,COc1ccc(cc1)C2N(CC=C)C(=O)c3[nH]nc(c23)c4c(C)cc(C)cc4O,0.719196
SJ000035892-1,COc1ccc(cc1)S(=O)(=O)NC2=C\C(=N/c3ccccc3OC)\C(=O)c4ccccc24,0.719178
SJ000088998-1,CCOCc1cc(CN2CCN(CC2)c3ccccc3OC)c(O)c4ncccc14,0.718913
SJ000045733-1,COc1ccc2N(C)\C(=C\c3sc4ccccc4[n+]3C)\C=Cc2c1,0.718386
SJ000034418-1,CN(C)c1ccc(cc1)N2C(=NC(=NC2(C)C)N)N,0.717943
SJ000085587-1,CCCCNc1sc(nc1S(=O)(=O)c2ccc(C)cc2)S(=O)(=O)CC,0.717772
SJ000257434-1,Cc1cc(nc(Nc2ccc(NC(=O)c3ccc(F)cc3)cc2)n1)N4CCCCC4,0.716744
SJ000117451-1,CCCOCc1cc(CN2CCN(CC2)c3cccc(Cl)c3)c(O)c4ncccc14,0.716698
SJ000114920-1,CCN1CCN(CC1)c2cc(C)c3cc(NC(=S)NCCCN4CC(C)CC(C)C4)ccc3n2,0.716598
SJ000071854-1,CCCN(CCC)CCCNC(=O)c1cc2c(nn(C)c2s1)c3ccc(OC)c(OC)c3,0.716039
SJ000257515-1,CCNc1cc(C)nc(Nc2ccc(NS(=O)(=O)c3ccccc3F)cc2)n1,0.715423
