22718153,CC(CC(=O)Nc1ccc(cc1)Nc1nc(C)cc(n1)Nc1ccccc1)C,0.990686
22718217,CC(CC(=O)Nc1ccc(cc1)Nc1nc(C)cc(n1)Nc1ccc(cc1)C)C,0.990415
22719043,COc1ccc(cc1)Nc1nc(Nc2ccc(cc2)NS(=O)(=O)c2ccc(cc2)C)nc(c1)C,0.990390
27183075,CCCC(=O)Nc1ccc(cc1)Nc1nc(C)cc(n1)Nc1ccc(cc1)C,0.988623
22718237,COc1ccc(cc1)C(=O)Nc1ccc(cc1)Nc1nc(C)cc(n1)Nc1ccc(cc1)C,0.988324
27183315,COc1ccc(cc1)S(=O)(=O)Nc1ccc(cc1)Nc1nc(C)cc(n1)Nc1ccc(cc1)C,0.987938
27183061,CCCCC(=O)Nc1ccc(cc1)Nc1nc(C)cc(n1)Nc1ccccc1,0.987040
22718309,COc1ccc(cc1)Nc1nc(Nc2ccc(cc2)NC(=O)c2ccc(cc2)C)nc(c1)C,0.985983
32499769,COc1ccc(cc1)S(=O)(=O)Nc1ccc(cc1)Nc1cc(C)nc(n1)Nc1ccc(cc1)C,0.985591
22718213,Cc1nc(Nc2ccc(cc2)NC(=O)C(C)C)nc(c1)Nc1ccc(cc1)C,0.984914
15936179,C=CCn1ccc(=Cc2sc3c([n+]2C)cccc3)cc1,0.984772
22718307,COc1ccc(cc1)Nc1nc(Nc2ccc(cc2)NC(=O)c2cccc(c2)C)nc(c1)C,0.984615
22719083,COc1ccc(cc1)Nc1nc(Nc2ccc(cc2)NS(=O)(=O)c2cccc(c2)C)nc(c1)C,0.984549
22718297,COc1ccc(cc1)Nc1nc(Nc2ccc(cc2)NC(=O)CC(C)C)nc(c1)C,0.984254
15936233,C=CCn1ccc(=Cc2sc3c([n+]2CC)cccc3)cc1,0.983994
22718289,CCCC(=O)Nc1ccc(cc1)Nc1nc(C)cc(n1)Nc1ccc(cc1)OC,0.982612
22718329,COc1ccc(cc1)Nc1nc(Nc2ccc(cc2)NC(=O)c2ccc(cc2)Cl)nc(c1)C,0.982490
27183089,COc1cccc(c1)C(=O)Nc1ccc(cc1)Nc1nc(C)cc(n1)Nc1ccc(cc1)C,0.982207
22718365,COc1ccc(cc1)Nc1cc(C)nc(n1)Nc1ccc(cc1)NC(=O)c1cccc(c1)OC,0.981996
32499255,CCCC(=O)Nc1ccc(cc1)Nc1cc(C)nc(n1)Nc1ccc(cc1)C,0.981302
22718315,COc1ccc(cc1)Nc1nc(Nc2ccc(cc2)NC(=O)c2ccc(cc2)OC)nc(c1)C,0.981292
22719057,COc1ccc(cc1)Nc1nc(Nc2ccc(cc2)NS(=O)(=O)c2ccc(cc2)Cl)nc(c1)C,0.981129
22718113,CCNc1cc(C)nc(n1)Nc1ccc(cc1)NC(=O)c1ccc(cc1)Br,0.981111
22718327,COc1ccc(cc1)Nc1nc(Nc2ccc(cc2)NC(=O)c2cccc(c2)Cl)nc(c1)C,0.980802
27183031,CCNc1nc(Nc2ccc(cc2)NC(=O)c2cccc(c2)Cl)nc(c1)C,0.980779
27183077,Cc1nc(Nc2ccc(cc2)NC(=O)C(C)(C)C)nc(c1)Nc1ccc(cc1)C,0.980685
22718111,CCNc1nc(Nc2ccc(cc2)NC(=O)c2cccc(c2)Br)nc(c1)C,0.980183
27183065,CCC(C(=O)Nc1ccc(cc1)Nc1nc(C)cc(n1)Nc1ccccc1)CC,0.980002
27023335,C=CCn1cccc/c/1=C\c1sc2c([n+]1CC)cccc2,0.979975
27183059,CCCC(=O)Nc1ccc(cc1)Nc1nc(C)cc(n1)Nc1ccccc1,0.979652
27023279,C=CCn1cccc/c/1=C\c1sc2c([n+]1C)cccc2,0.978037
22718209,CCC(=O)Nc1ccc(cc1)Nc1nc(C)cc(n1)Nc1ccc(cc1)C,0.978006
32499275,COc1ccc(cc1)C(=O)Nc1ccc(cc1)Nc1cc(C)nc(n1)Nc1ccc(cc1)C,0.977237
32499273,COc1cccc(c1)C(=O)Nc1ccc(cc1)Nc1cc(C)nc(n1)Nc1ccc(cc1)C,0.977177
22719091,COc1ccc(cc1)Nc1nc(Nc2ccc(cc2)NS(=O)(=O)c2cccc(c2)Cl)nc(c1)C,0.976681
22718249,Cc1nc(Nc2ccc(cc2)NC(=O)c2ccc(cc2)F)nc(c1)Nc1ccc(cc1)C,0.976335
2144892,Clc1cccc(c1)C(c1ccc2c(c1O)nccc2)Nc1cccc(n1)C,0.975638
27183063,Cc1nc(Nc2ccc(cc2)NC(=O)C(C)(C)C)nc(c1)Nc1ccccc1,0.975535
22718991,Cc1nc(Nc2ccc(cc2)NS(=O)(=O)c2ccc(cc2)Cl)nc(c1)Nc1ccc(cc1)C,0.975331
22718109,CCNc1cc(C)nc(n1)Nc1ccc(cc1)NC(=O)c1ccc(cc1)Cl,0.974794
17418277,CCn1ccc(=Cc2ccc3c([n+]2C)cc(cc3)C)cc1,0.974384
27022970,CCn1cccc/c/1=C\c1ccc2c([n+]1C)ccc(c2)C,0.973145
16165767,CCc1cccc(c1)NC(=O)C1c2ccccc2C(=O)N(C1c1cccs1)C1CCCC1,0.972952
22719087,COc1ccc(cc1)Nc1nc(Nc2ccc(cc2)NS(=O)(=O)c2cccc(c2)F)nc(c1)C,0.972937
22718295,COc1ccc(cc1)Nc1nc(Nc2ccc(cc2)NC(=O)C(C)(C)C)nc(c1)C,0.972795
22719055,COc1ccc(cc1)Nc1nc(Nc2ccc(cc2)NS(=O)(=O)c2ccc(cc2)F)nc(c1)C,0.972765
32499279,Cc1cc(Nc2ccc(cc2)NC(=O)c2ccc(cc2)F)nc(n1)Nc1ccc(cc1)C,0.972349
22718325,COc1ccc(cc1)Nc1nc(Nc2ccc(cc2)NC(=O)c2ccc(cc2)F)nc(c1)C,0.972046
22718247,Cc1nc(Nc2ccc(cc2)NC(=O)c2cccc(c2)F)nc(c1)Nc1ccc(cc1)C,0.971635
32854739,COc1ccc(cc1)Nc1nc(Nc2ccc(cc2)NC(=O)C(C)C)nc(c1)C,0.971410
2144462,Clc1ccc(cc1)C(c1ccc2c(c1O)nccc2)Nc1cccc(n1)C,0.970453
27183079,CCC(C(=O)Nc1ccc(cc1)Nc1nc(C)cc(n1)Nc1ccc(cc1)C)CC,0.970068
22718915,COc1ccc(cc1)S(=O)(=O)Nc1ccc(cc1)Nc1nc(C)cc(n1)Nc1ccccc1,0.969906
27183055,CCNc1cc(C)nc(n1)Nc1ccc(cc1)NC(=O)c1cccc(c1)OC,0.969901
32499277,Cc1ccc(cc1)Nc1nc(Nc2ccc(cc2)NC(=O)c2cccc(c2)F)cc(n1)C,0.969400
27183025,CCNc1nc(Nc2ccc(cc2)NC(=O)c2ccc(cc2)OC)nc(c1)C,0.969151
17418800,C=CC[n+]1c(ccc2c1ccc(c2)C)C=c1ccn(cc1)CC,0.968430
22718151,Cc1nc(Nc2ccc(cc2)NC(=O)C(C)C)nc(c1)Nc1ccccc1,0.968297
22718179,Cc1nc(Nc2ccc(cc2)NC(=O)c2ccc(cc2)Cl)nc(c1)Nc1ccccc1,0.967507
22718989,Cc1nc(Nc2ccc(cc2)NS(=O)(=O)c2ccc(cc2)F)nc(c1)Nc1ccc(cc1)C,0.967452
26732887,CCn1/c(=C/c2cccc[n+]2C)/sc2c1cccc2,0.967269
22718323,COc1ccc(cc1)Nc1nc(Nc2ccc(cc2)NC(=O)c2cccc(c2)F)nc(c1)C,0.967160
2073218,Cc1ccc(c(c1)N1CCN(CC1)Cc1cc(Br)ccc1O)C,0.967005
17418756,C=CCn1ccc(=Cc2ccc3c([n+]2CC)ccc(c3)C)cc1,0.966862
2143800,Clc1c(Cl)cccc1C(c1ccc2c(c1O)nccc2)Nc1ccccn1,0.966265
27183145,Cc1nc(Nc2ccc(cc2)NC(=O)c2cccc(c2)C)nc(c1)N1CCCC1,0.966121
27183181,Cc1nc(Nc2ccc(cc2)NC(=O)c2cccc(c2)C)nc(c1)N1CCCCC1,0.965639
17483026,CCN(c1nc(Nc2ccc(cc2)NC(=O)Nc2ccc(cc2)Cl)nc(c1)C)CC,0.965402
17418798,C=CCn1ccc(=Cc2ccc3c([n+]2CC)cc(cc3)C)cc1,0.964870
22718757,CCN(c1nc(Nc2ccc(cc2)NC(=O)c2cccc(c2)C)nc(c1)C)CC,0.964533
22718161,Cc1nc(Nc2ccc(cc2)NC(=O)c2ccc(cc2)C)nc(c1)Nc1ccccc1,0.964523
32499259,CC(CC(=O)Nc1ccc(cc1)Nc1cc(C)nc(n1)Nc1ccc(cc1)C)C,0.964266
1426210,Cc1ccc2c(c1)n(C)/c(=C/c1cccc[n+]1C)/cc2,0.963788
2221964,Clc1cc(ccc1Cl)C(c1ccc2c(c1O)nccc2)Nc1ccccn1,0.962823
22718837,COc1cccc(c1)C(=O)Nc1ccc(cc1)Nc1nc(C)cc(n1)N(CC)CC,0.962447
13105968,CCCCCCn1c(=N)n(c2c1cccc2)CC(COc1ccccc1C)O,0.962310
27183179,Cc1nc(Nc2ccc(cc2)NC(=O)c2ccccc2C)nc(c1)N1CCCCC1,0.961952
22718093,CCNc1nc(Nc2ccc(cc2)NC(=O)c2ccc(cc2)OCC)nc(c1)C,0.961836
32499257,O=C(C(C)C)Nc1ccc(cc1)Nc1cc(C)nc(n1)Nc1ccc(cc1)C,0.961623
2072786,Brc1ccc(c(c1)CN1CCN(CC1)c1cccc(c1C)C)O,0.961520
27183041,CCNc1cc(C)nc(n1)Nc1ccc(cc1)NC(=O)c1cccc(c1)C(F)(F)F,0.960904
27022938,CC[n+]1ccccc1/C=c/1\sc2c(n1C)cc(cc2)C,0.960702
22718183,Cc1nc(Nc2ccc(cc2)NC(=O)c2ccc(cc2)Br)nc(c1)Nc1ccccc1,0.960459
27022958,CC[n+]1c(ccc2c1ccc(c2)C)/C=c\1/ccccn1C,0.960268
17483028,CCN(c1cc(C)nc(n1)Nc1ccc(cc1)NC(=O)Nc1cccc(c1)Cl)CC,0.960162
22719021,Cc1nc(Nc2ccc(cc2)NS(=O)(=O)c2cccc(c2)F)nc(c1)Nc1ccc(cc1)C,0.960100
22718843,CCNc1cc(C)nc(n1)Nc1ccc(cc1)NS(=O)(=O)c1ccc(c(c1)C)C,0.960041
15936231,C=CC[n+]1c(C=c2ccn(cc2)C)sc2c1cccc2,0.959748
27022966,CCn1cccc/c/1=C/c1ccc2c([n+]1CC)ccc(c2)C,0.959676
17418802,C=CC[n+]1c(C=c2ccn(cc2)CC)cc(c2c1cccc2)C,0.959622
22718163,COc1ccc(cc1)C(=O)Nc1ccc(cc1)Nc1nc(C)cc(n1)Nc1ccccc1,0.959621
22718491,Cc1nc(Nc2ccc(cc2)NC(=O)c2ccccc2C)nc(c1)N1CCCC1,0.959392
27183043,CCNc1nc(Nc2ccc(cc2)NC(=O)c2ccc(cc2)C(F)(F)F)nc(c1)C,0.959362
17418796,C=CCn1ccc(=Cc2cc(C)c3c([n+]2CC)cccc3)cc1,0.958575
2145148,Clc1ccc(c(c1)Cl)C(c1ccc2c(c1O)nccc2)Nc1ccccn1,0.958316
27023339,C=CC[n+]1c(ccc2c1ccc(c2)C)/C=c/1\ccccn1CC,0.958099
22718287,CCC(=O)Nc1ccc(cc1)Nc1nc(C)cc(n1)Nc1ccc(cc1)OC,0.957961
27183095,COc1ccc(cc1)Nc1nc(Nc2ccc(cc2)NC(=O)C(CC)CC)nc(c1)C,0.957904
22719025,Cc1nc(Nc2ccc(cc2)NS(=O)(=O)c2cccc(c2)Cl)nc(c1)Nc1ccc(cc1)C,0.956916
22718965,COc1ccc(cc1C)S(=O)(=O)Nc1ccc(cc1)Nc1nc(C)cc(n1)Nc1ccccc1,0.956471
22718925,Cc1nc(Nc2ccc(cc2)NS(=O)(=O)c2ccc(cc2)Cl)nc(c1)Nc1ccccc1,0.955932
22718175,Cc1nc(Nc2ccc(cc2)NC(=O)c2ccc(cc2)F)nc(c1)Nc1ccccc1,0.955905
27023333,C=CCn1cccc/c/1=C\c1ccc2c([n+]1CC)cc(cc2)C,0.955887
27022902,OCCn1/c(=C/c2sc3c([n+]2C)cccc3)/sc2c1ccc(c2)C,0.955878
16165805,CCc1ccccc1NC(=O)C1c2ccccc2C(=O)N(C1c1cccs1)C1CCCC1,0.955488
13105970,CCCCCCn1c(=N)n(c2c1cccc2)CC(COc1cccc(c1)C)O,0.954610
16165247,COc1ccc(cc1Cl)NC(=O)C1c2ccccc2C(=O)N(C1c1cccs1)CC(C)C,0.954601
17483032,CCN(c1cc(C)nc(n1)Nc1ccc(cc1)NC(=O)Nc1cccc(c1)C)CC,0.954265
16165715,CCc1ccc(cc1)NC(=O)C1c2ccccc2C(=O)N(C1c1cccs1)C1CCCC1,0.953987
22718909,Cc1nc(Nc2ccc(cc2)NS(=O)(=O)c2ccc(cc2)C)nc(c1)Nc1ccccc1,0.953910
32499253,CCC(=O)Nc1ccc(cc1)Nc1cc(C)nc(n1)Nc1ccc(cc1)C,0.953830
32499771,Cc1cc(Nc2ccc(cc2)NS(=O)(=O)c2ccc(cc2)F)nc(n1)Nc1ccc(cc1)C,0.953618
22719041,COc1ccc(cc1)Nc1nc(Nc2ccc(cc2)NS(=O)(=O)c2ccccc2)nc(c1)C,0.952807
22718317,CCOc1ccc(cc1)C(=O)Nc1ccc(cc1)Nc1nc(C)cc(n1)Nc1ccc(cc1)OC,0.952611
22718891,CCNc1nc(Nc2ccc(cc2)NS(=O)(=O)c2cc(C)ccc2C)nc(c1)C,0.952438
22718903,CCNc1nc(Nc2ccc(cc2)NS(=O)(=O)c2cc(C)c(cc2C)OC)nc(c1)C,0.952259
2389439,Clc1cccc(c1)CN1CCN(CC1)Cc1cc(Br)ccc1O,0.951505
1342497,CCCOC(=O)C1=C(C)NC2=C(C1c1ccccc1F)C(=O)CC(C2)c1ccc(c(c1)OC)OC,0.951394
22718337,COc1ccc(cc1)Nc1nc(Nc2ccc(cc2)NC(=O)c2ccc(cc2)C(F)(F)F)nc(c1)C,0.951350
2128518,Clc1ccc(cc1)CN1CCN(CC1)Cc1cc(Br)ccc1O,0.951267
16165813,Clc1ccc(cc1)NC(=O)C1c2ccccc2C(=O)N(C1c1cccs1)C1CCCC1,0.951215
2254171,CCC(=O)NC(c1ccc2c(c1O)nccc2)c1ccc(cc1)Cl,0.950690
25827192,CCn1/c(=C/c2cccc[n+]2C)/ccc2c1cc(C)cc2,0.950268
32499777,Cc1ccc(cc1)Nc1nc(Nc2ccc(cc2)NS(=O)(=O)c2cccc(c2)F)cc(n1)C,0.950166
32499263,Cc1ccc(cc1)Nc1nc(Nc2ccc(cc2)NC(=O)c2ccccc2)cc(n1)C,0.950054
1730999,COc1ccc(cc1)Nc1nc(NCc2ccccc2)c2c(n1)cccc2,0.949188
22718229,Cc1nc(Nc2ccc(cc2)NC(=O)c2ccccc2)nc(c1)Nc1ccc(cc1)C,0.948877
17483036,CCN(c1nc(Nc2ccc(cc2)NC(=O)Nc2ccc(cc2)F)nc(c1)C)CC,0.948802
22718219,Cc1nc(Nc2ccc(cc2)NC(=O)CC(C)(C)C)nc(c1)Nc1ccc(cc1)C,0.948511
22718755,CCN(c1nc(Nc2ccc(cc2)NC(=O)c2ccccc2C)nc(c1)C)CC,0.948224
22718783,CCN(c1nc(Nc2ccc(cc2)NC(=O)c2cccc(c2)Cl)nc(c1)C)CC,0.948113
16165531,COc1ccc(cc1)NC(=O)C1c2ccccc2C(=O)N(C1c1cccs1)CC(C)C,0.947769
22718335,COc1ccc(cc1)Nc1nc(Nc2ccc(cc2)NC(=O)c2cccc(c2)C(F)(F)F)nc(c1)C,0.947333
22718517,Cc1nc(Nc2ccc(cc2)NC(=O)c2ccccc2I)nc(c1)N1CCCC1,0.946678
2254126,CCC(=O)NC(c1ccc2c(c1O)nccc2)c1ccccc1Cl,0.946648
1342717,CCOC(=O)C1=C(C)NC2=C(C1c1ccccc1C)C(=O)CC(C2)c1ccc(c(c1)OC)OC,0.946537
16165255,COc1ccc(cc1NC(=O)C1c2ccccc2C(=O)N(C1c1cccs1)CC(C)C)Cl,0.946521
22719067,CCc1ccc(cc1)S(=O)(=O)Nc1ccc(cc1)Nc1nc(C)cc(n1)Nc1ccc(cc1)OC,0.945892
22718849,CCCCOc1ccc(cc1)S(=O)(=O)Nc1ccc(cc1)Nc1nc(C)cc(n1)NCC,0.945126
27183097,COc1ccc(cc1)Nc1nc(Nc2ccc(cc2)NC(=O)c2ccccc2)nc(c1)C,0.944779
22718435,Cc1nc(Nc2ccc(cc2)NC(=O)c2cccc(c2)C(F)(F)F)nc(c1)N(C)C,0.944764
22718437,Cc1nc(Nc2ccc(cc2)NC(=O)c2ccc(cc2)C(F)(F)F)nc(c1)N(C)C,0.944086
8211539,CCCn1c2CCCCc2c(=N)c2c1CCC2,0.943718
22718789,CCN(c1nc(Nc2ccc(cc2)NC(=O)c2cccc(c2)Br)nc(c1)C)CC,0.943283
22719049,COc1ccc(cc1)Nc1nc(Nc2ccc(cc2)NS(=O)(=O)c2ccc(cc2)OC)nc(c1)C,0.942526
17483034,COc1ccc(cc1)NC(=O)Nc1ccc(cc1)Nc1nc(C)cc(n1)N(CC)CC,0.942459
1426212,Cc1cccc2c1n(C)/c(=C/c1cccc[n+]1C)/cc2,0.941816
22718765,COc1ccc(cc1)C(=O)Nc1ccc(cc1)Nc1nc(C)cc(n1)N(CC)CC,0.941796
32501525,COc1cccc(c1)S(=O)(=O)Nc1ccc(cc1)Nc1cc(C)nc(n1)Nc1ccc(cc1)C,0.941482
24358687,CCN1CCN(CC1)c1cc(C)c2c(n1)ccc(c2)NC(=S)NCCN1CCN(CC1)c1ccccc1F,0.941139
16161733,CCCN1CCN(CC1)CCCNC(=O)c1ccc2c(c1)sc1n2cc(n1)c1ccc(cc1)OC,0.941080
27023293,Cc1ccc2c(c1)cc/c(=C\c1sc3c([n+]1C)cccc3)/n2C,0.940683
22718865,CCNc1cc(C)nc(n1)Nc1ccc(cc1)NS(=O)(=O)c1cc(ccc1C)C(C)C,0.940610
22718759,CCN(c1cc(C)nc(n1)Nc1ccc(cc1)NC(=O)c1ccc(cc1)C)CC,0.940363
22718899,CCNc1cc(C)nc(n1)Nc1ccc(cc1)NS(=O)(=O)c1cc(OC)c(cc1C)C,0.940236
22718513,Cc1nc(Nc2ccc(cc2)NC(=O)c2ccccc2Br)nc(c1)N1CCCC1,0.939863
22718465,COc1cccc(c1)C(=O)Nc1ccc(cc1)Nc1nc(C)cc(n1)N(C)C,0.938937
22718917,CCOc1ccc(cc1)S(=O)(=O)Nc1ccc(cc1)Nc1nc(C)cc(n1)Nc1ccccc1,0.938763
24358679,CCN1CCN(CC1)c1cc(C)c2c(n1)ccc(c2)NC(=S)NCCN1CCN(CC1)c1cccc(c1)Cl,0.938427
16165233,COc1ccccc1NC(=O)C1c2ccccc2C(=O)N(C1c1cccs1)CC(C)C,0.938122
22718103,CCNc1nc(Nc2ccc(cc2)NC(=O)c2cccc(c2)F)nc(c1)C,0.937786
27183221,COc1cccc(c1)C(=O)Nc1ccc(cc1)Nc1nc(C)cc(n1)N1CCCCC1,0.937330
24358605,CCN1CCN(CC1)c1cc(C)c2c(n1)ccc(c2)NC(=S)NCCCN1CCN(CC1)c1cccc(c1)Cl,0.937289
24358815,CN1CCN(CC1)c1cc(C)c2c(n1)ccc(c2)NC(=S)NCCCN1CCN(CC1)c1ccc(cc1)F,0.937188
22718863,CCNc1cc(C)nc(n1)Nc1ccc(cc1)NS(=O)(=O)c1cc(C)c(cc1C)C,0.936964
22718139,CCCCOc1ccc(cc1)C(=O)Nc1ccc(cc1)Nc1nc(C)cc(n1)NCC,0.936511
1342681,COc1ccc(cc1OC)C1CC(=O)C2=C(C1)NC(=C(C2c1ccccc1F)C(=O)OC(C)C)C,0.935779
22718977,Cc1nc(Nc2ccc(cc2)NS(=O)(=O)c2ccccc2)nc(c1)Nc1ccc(cc1)C,0.935729
1342557,CCOC(=O)C1=C(C)NC2=C(C1c1cccc(c1)C)C(=O)CC(C2)c1ccc(c(c1)OC)OC,0.934853
27183039,CCNc1nc(Nc2ccc(cc2)NC(=O)c2ccccc2C(F)(F)F)nc(c1)C,0.934535
22718097,CCOc1cc(ccc1OCC)C(=O)Nc1ccc(cc1)Nc1nc(C)cc(n1)NCC,0.933823
32499763,Cc1ccc(cc1)Nc1nc(Nc2ccc(cc2)NS(=O)(=O)c2ccccc2)cc(n1)C,0.933730
27023307,Cc1ccc2c(c1)[n+](C)c(s2)/C=c/1\ccc2c(n1C)cccc2,0.933469
24310360,Ic1cccc(c1)N(C1=C(N(C)C)C(=O)c2c(C1=O)cccc2)C(=O)C,0.933372
22718841,CCNc1cc(C)nc(n1)Nc1ccc(cc1)NS(=O)(=O)c1ccc(cc1C)C,0.933123
15930243,Cc1ccnc(c1)NC(c1ccc2c(c1O)nccc2)c1ccccc1Cl,0.932961
2005336,Clc1cccc(c1)C(c1cc(Cl)c2c(c1O)nccc2)Nc1ccccn1,0.932266
27012738,CCn1/c(=C/c2cccc[n+]2C)/ccc2c1cccc2,0.931605
1342849,CCCOC(=O)C1=C(C)NC2=C(C1c1ccccc1C)C(=O)CC(C2)c1ccc(c(c1)OC)OC,0.931088
16165553,CC(CN1C(=O)c2ccccc2C(C1c1cccs1)C(=O)Nc1cccc(c1)C(=O)C)C,0.930904
22718251,Cc1nc(Nc2ccc(cc2)NC(=O)c2ccc(cc2)Cl)nc(c1)Nc1ccc(cc1)C,0.930232
4372447,CCn1c2CCCCc2c(=N)c2c1CCC2,0.930125
27183029,CCNc1nc(Nc2ccc(cc2)NC(=O)c2ccccc2Cl)nc(c1)C,0.929949
22718935,CCc1ccc(cc1)S(=O)(=O)Nc1ccc(cc1)Nc1nc(C)cc(n1)Nc1ccccc1,0.929937
27022932,CC[n+]1ccccc1/C=c/1\ccc2c(n1C)cc(cc2)C,0.929844
22718779,CCN(c1cc(C)nc(n1)Nc1ccc(cc1)NC(=O)c1ccc(cc1)F)CC,0.929309
4563969,CCCCCCn1c(=N)n(c2c1cccc2)CC(COc1ccc(cc1)C)O,0.928728
27183093,COc1ccc(cc1)Nc1nc(Nc2ccc(cc2)NC(=O)CC(C)(C)C)nc(c1)C,0.928150
22718463,Cc1nc(Nc2ccc(cc2)NC(=O)c2ccc(c(c2)C)C)nc(c1)N(C)C,0.927991
27022930,CC[n+]1ccccc1/C=c/1\ccc2c(n1C)ccc(c2)C,0.927968
22718239,CCOc1ccc(cc1)C(=O)Nc1ccc(cc1)Nc1nc(C)cc(n1)Nc1ccc(cc1)C,0.927093
27183199,Cc1nc(Nc2ccc(cc2)NC(=O)c2ccccc2Cl)nc(c1)N1CCCCC1,0.926637
2167934,COc1ccccc1Nc1nc(NCc2ccccc2)c2c(n1)cccc2,0.925058
22719081,COc1ccc(cc1)Nc1nc(Nc2ccc(cc2)NS(=O)(=O)c2ccc(cc2)Br)nc(c1)C,0.924611
22718433,Cc1nc(Nc2ccc(cc2)NC(=O)c2ccccc2C(F)(F)F)nc(c1)N(C)C,0.924425
27023086,C=CCn1cc/c(=C/c2sc3c([n+]2C)cccc3)/c2c1cccc2,0.923810
2145250,Clc1cccc(c1C(c1ccc2c(c1O)nccc2)Nc1ccccn1)Cl,0.923158
2127510,Brc1ccc(c(c1)CN1CCN(CC1)Cc1ccccc1Cl)O,0.923068
27183163,Cc1nc(Nc2ccc(cc2)NC(=O)c2cccc(c2)Br)nc(c1)N1CCCC1,0.921602
17416845,CCCCOc1ccc(cc1)N(C1=C(N2CCCCC2)C(=O)c2c(C1=O)cccc2)C(=O)C,0.921498
2394703,Clc1ccc(c(c1)Cl)C(c1ccc2c(c1O)nccc2)Nc1nccc(c1)C,0.921446
27658920,COc1cccc(c1)Nc1nc(NCc2ccccc2)c2c(n1)cccc2,0.920123
4391516,CCCCCCCn1c(=N)n(c2c1cccc2)CC(COc1ccccc1)O,0.919389
2597477,CCOc1cc(ccc1O)C1CC(=O)NC2=C1C(=O)CC(C2)c1ccc(c(c1)OC)OC,0.919280
27183071,Cc1nc(Nc2ccc(cc2)NC(=O)c2cccc(c2)Br)nc(c1)Nc1ccccc1,0.919243
22718207,Cc1nc(Nc2ccc(cc2)NC(=O)C)nc(c1)Nc1ccc(cc1)C,0.918919
27012742,CCn1cc/c(=C/c2cccc[n+]2C)/c2c1cccc2,0.918763
1342725,COC(=O)C1=C(C)NC2=C(C1c1ccccc1C)C(=O)CC(C2)c1ccc(c(c1)OC)OC,0.918667
16098728,CCOCc1cc(CN2CCN(CC2)c2cccc(c2)C(F)(F)F)c(c2c1cccn2)O,0.918554
1342773,CCCOC(=O)C1=C(C)NC2=C(C1c1ccccc1Cl)C(=O)CC(C2)c1ccc(c(c1)OC)OC,0.918228
4370074,CCCCCCCCn1ccc(=N)cc1,0.917895
32499269,Cc1ccc(cc1)Nc1nc(Nc2ccc(cc2)NC(=O)c2ccc(cc2)C)cc(n1)C,0.917306
22718205,COc1cccc(c1)C(=O)Nc1ccc(cc1)Nc1nc(C)cc(n1)Nc1ccccc1,0.917227
22718233,Cc1ccc(cc1)Nc1cc(C)nc(n1)Nc1ccc(cc1)NC(=O)c1ccc(cc1)C,0.916652
22718407,CCOc1cc(ccc1OCC)C(=O)Nc1ccc(cc1)Nc1nc(C)cc(n1)N(C)C,0.916587
2642227,C=CCN1C(=O)c2c(C1c1cccc(c1)OCC)c(n[nH]2)c1c(C)cc(cc1O)C,0.916337
27183201,Cc1nc(Nc2ccc(cc2)NC(=O)c2cccc(c2)Cl)nc(c1)N1CCCCC1,0.916324
27012736,Cn1/c(=C/c2cccc[n+]2C)/ccc2c1cccc2,0.915833
1078853,CCCCn1c(=N)n(c2c1cccc2)CC(c1ccc(cc1)Cl)O,0.915659
1325899,CCCC(=O)NC(c1ccc2c(c1O)nccc2)c1ccc(cc1)OC,0.915625
22718509,Cc1nc(Nc2ccc(cc2)NC(=O)c2ccccc2Cl)nc(c1)N1CCCC1,0.915492
22718551,Cc1nc(Nc2ccc(cc2)NC(=O)c2cccc(c2)I)nc(c1)N1CCCC1,0.915360
32499001,CCNc1nc(Nc2ccc(cc2)NC(=O)c2cccc(c2)Cl)cc(n1)C,0.914970
5452666,O=C(c1ccc(cc1)S(=O)(=O)N(C)C)NNc1sc2c(n1)c(C)ccc2,0.914564
4371639,CCCCCCCCCn1ccc(=N)cc1,0.914563
22718983,CCOc1ccc(cc1)S(=O)(=O)Nc1ccc(cc1)Nc1nc(C)cc(n1)Nc1ccc(cc1)C,0.914189
27183161,Cc1nc(Nc2ccc(cc2)NC(=O)c2cccc(c2)Cl)nc(c1)N1CCCC1,0.913572
1997251,Brc1ccc(cc1)C(c1ccc2c(c1O)nccc2)Nc1ccccn1,0.913308
27183027,CCNc1nc(Nc2ccc(cc2)NC(=O)c2ccccc2F)nc(c1)C,0.913260
5452884,Cc1ccc2c(c1)sc(n2)NNC(=O)c1ccc(cc1)S(=O)(=O)N(C)C,0.913211
1998986,OC(Cn1c2ccc(cc2c2c1ccc(c2)Cl)Cl)CNC1CCCC1,0.913069
9417026,CCCN1C(=O)c2c(C1c1cccc(c1)OC)c(n[nH]2)c1c(C)cc(cc1O)C,0.911427
16165469,CC(CN1C(=O)c2ccccc2C(C1c1cccs1)C(=O)Nc1ccc(cc1Cl)C)C,0.911424
1325903,CCCC(=O)NC(c1ccc2c(c1O)nccc2)c1ccc(cc1)Cl,0.911151
22718395,Cc1nc(Nc2ccc(cc2)NC(=O)c2cccc(c2)C)nc(c1)N(C)C,0.911125
22718401,COc1ccccc1C(=O)Nc1ccc(cc1)Nc1nc(C)cc(n1)N(C)C,0.910909
16078844,CCC(Nc1sc(nc1S(=O)(=O)c1ccc(cc1)C)S(=O)(=O)CC)C,0.910804
17416847,CCCCOc1ccc(cc1)N(C1=C(N2CCOCC2)C(=O)c2c(C1=O)cccc2)C(=O)C,0.910695
22718399,Cc1nc(Nc2ccc(cc2)NC(=O)c2ccc(cc2)C(C)(C)C)nc(c1)N(C)C,0.910608
32498989,CCNc1nc(Nc2ccc(cc2)NC(=O)c2cccc(c2)OC)cc(n1)C,0.910426
27183313,Cc1ccc(cc1)Nc1cc(C)nc(n1)Nc1ccc(cc1)NS(=O)(=O)c1ccc(cc1)C,0.910367
17416865,CCCCCOc1ccc(cc1)N(C1=C(N2CCOCC2)C(=O)c2c(C1=O)cccc2)C(=O)C,0.910152
24308712,Ic1ccc(cc1)NC1=C(N2CCCCC2)C(=O)c2c(C1=O)cccc2,0.910149
1342535,COc1ccc(cc1OC)C1CC(=O)C2=C(C1)NC(=C(C2c1ccccc1Cl)C(=O)OC(C)C)C,0.910121
22718951,Cc1nc(Nc2ccc(cc2)NS(=O)(=O)c2cccc(c2)C)nc(c1)Nc1ccccc1,0.909913
1997571,Cc1ccnc(c1)NC(c1ccc2c(c1O)nccc2)c1cccc(c1Cl)Cl,0.909853
17416863,CCCCCOc1ccc(cc1)N(C1=C(N2CCCCC2)C(=O)c2c(C1=O)cccc2)C(=O)C,0.909832
32499267,Cc1cc(Nc2ccc(cc2)NC(=O)c2cccc(c2)C)nc(n1)Nc1ccc(cc1)C,0.909505
2072932,Brc1ccc(c(c1)CN1CCN(CC1)Cc1ccccc1)O,0.909439
1239350,OC(Cn1c2ccc(cc2c2c1ccc(c2)Cl)Cl)CNC1CCCCC1,0.909306
1342531,CCCOC(=O)C1=C(C)NC2=C(C1c1cccc(c1)C)C(=O)CC(C2)c1ccc(c(c1)OC)OC,0.909166
22718769,CCN(c1nc(Nc2ccc(cc2)NC(=O)c2ccc(c(c2)OC)OC)nc(c1)C)CC,0.908954
22718253,Cc1nc(Nc2ccc(cc2)NC(=O)c2ccc(cc2)Br)nc(c1)Nc1ccc(cc1)C,0.908437
5453058,Cc1cc(C)c2c(c1)sc(n2)NNC(=O)c1ccc(cc1)S(=O)(=O)N(C)C,0.907470
1553428,COc1cc(ccc1OC)C1CC2=C(C(=O)C1)C(CC(=O)N2)c1ccc(c(c1)OC)OC,0.907287
2015724,Cc1ccc(c(c1)N1CCN(CC1)Cc1cc(ccc1O)[N+](=O)[O-])C,0.907225
27183309,CCNc1nc(Nc2ccc(cc2)NS(=O)(=O)c2ccc(c(c2)C)OC)nc(c1)C,0.907135
27183147,Cc1ccc(cc1)C(=O)Nc1ccc(cc1)Nc1nc(C)cc(n1)N1CCCC1,0.906754
24358839,CN1CCN(CC1)c1cc(C)c2c(n1)ccc(c2)NC(=S)NCCN1CCN(CC1)c1ccccc1F,0.906599
1342645,CCCOC(=O)C1=C(C)NC2=C(C1c1ccc(cc1)F)C(=O)CC(C2)c1ccc(c(c1)OC)OC,0.906417
2411997,CCOc1ccc(cc1)Nc1nc(NCc2ccccc2)c2c(n1)cccc2,0.906031
2148847,O=C(c1cccnc1)NC(c1cc(Cl)c2c(c1O)nccc2)c1ccc(cc1)[N+](=O)[O-],0.905953
22718881,CCNc1cc(C)nc(n1)Nc1ccc(cc1)NS(=O)(=O)c1ccc(cc1)Br,0.905885
32499767,Cc1ccc(cc1)Nc1nc(Nc2ccc(cc2)NS(=O)(=O)c2ccc(cc2)C)cc(n1)C,0.905856
1342825,CCOC(=O)C1=C(C)NC2=C(C1c1ccccc1Cl)C(=O)CC(C2)c1ccc(c(c1)OC)OC,0.905539
3038265,Clc1ccc(cc1)C(c1ccc2c(c1O)nccc2)Nc1nccc(c1)C,0.905255
1997275,Brc1ccc(cc1)C(c1ccc2c(c1O)nccc2)Nc1cccc(n1)C,0.904745
1342629,COCCOC(=O)C1=C(C)NC2=C(C1c1ccccc1F)C(=O)CC(C2)c1ccc(c(c1)OC)OC,0.904701
27183111,COc1ccc(cc1)C(=O)Nc1ccc(cc1)Nc1nc(C)cc(n1)N(C)C,0.904641
17416572,CCOc1ccc(cc1)N(C1=C(N2CCCCC2)C(=O)c2c(C1=O)cccc2)C(=O)C,0.904327
43306136,COc1ccc(cc1)CNc1nc(Nc2ccccc2)nc2c1cccc2,0.904068
2353555,Oc1ccc(cc1CN1CCN(CC1)c1cccc(c1C)C)[N+](=O)[O-],0.904005
22718095,CCNc1nc(Nc2ccc(cc2)NC(=O)c2ccc(c(c2)OC)OC)nc(c1)C,0.903611
1342679,CCCOC(=O)C1=C(C)NC2=C(C1c1ccccc1OC)C(=O)CC(C2)c1ccc(c(c1)OC)OC,0.903370
22719085,COc1ccc(cc1)Nc1nc(Nc2ccc(cc2)NS(=O)(=O)c2ccccc2F)nc(c1)C,0.903342
1325901,CCCC(=O)NC(c1ccc2c(c1O)nccc2)c1ccc(cc1)C,0.902968
24358823,CN1CCN(CC1)c1cc(C)c2c(n1)ccc(c2)NC(=S)NCCCN1CCc2c(C1)cccc2,0.902901
4409593,CCN(CCn1c(=N)n(c2c1cccc2)CC(c1ccc(c(c1)Cl)Cl)O)CC,0.902897
2642183,C=CCN1C(=O)c2c(C1c1ccc(cc1)OCC)c(n[nH]2)c1c(C)cc(cc1O)C,0.902798
1341711,CC(=O)NC(c1ccc2c(c1O)nccc2)c1ccc(cc1)Cl,0.902127
32499265,Cc1ccc(cc1)Nc1nc(Nc2ccc(cc2)NC(=O)c2ccccc2C)cc(n1)C,0.902099
2165789,Clc1cccc(c1)C(c1ccc2c(c1O)nc(cc2)C)Nc1ccccn1,0.902028
27183159,Fc1ccc(cc1)C(=O)Nc1ccc(cc1)Nc1nc(C)cc(n1)N1CCCC1,0.901670
24358821,CN1CCN(CC1)c1cc(C)c2c(n1)ccc(c2)NC(=S)NCCCN1CCN(CC1)c1ccccc1F,0.901489
27012740,Cn1cc/c(=C/c2cccc[n+]2C)/c2c1cccc2,0.901269
22718231,Cc1nc(Nc2ccc(cc2)NC(=O)c2ccccc2C)nc(c1)Nc1ccc(cc1)C,0.901265
2410453,Fc1ccc(cc1)Nc1nc(NCc2ccccc2)c2c(n1)cccc2,0.901232
16165487,CSc1cccc(c1)NC(=O)C1c2ccccc2C(=O)N(C1c1cccs1)CC(C)C,0.901079
16098752,CC(OCc1cc(CN2CCN(CC2)c2cccc(c2)Cl)c(c2c1cccn2)O)C,0.900723
1342591,COC(=O)C1=C(C)NC2=C(C1c1ccccc1F)C(=O)CC(C2)c1ccc(c(c1)OC)OC,0.900446
22718901,CCNc1cc(C)nc(n1)Nc1ccc(cc1)NS(=O)(=O)c1cc(ccc1OC)C(C)(C)C,0.900412
22718595,Cc1nc(Nc2ccc(cc2)NC(=O)c2ccc(cc2)C)nc(c1)N1CCCCC1,0.899717
2147160,O=C(c1cccnc1)NC(c1cc(Cl)c2c(c1O)nccc2)c1cccc(c1)[N+](=O)[O-],0.899652
1997249,Clc1ccc(cc1)C(c1ccc2c(c1O)nccc2)Nc1ccccn1,0.899303
16165329,COc1ccc(c(c1)NC(=O)C1c2ccccc2C(=O)N(C1c1cccs1)CC(C)C)OC,0.899147
1342467,CCOC(=O)C1=C(C)NC2=C(C1c1ccc(cc1)F)C(=O)CC(C2)c1ccc(c(c1)OC)OC,0.899028
1414611,COc1cc(OC)ccc1CN1CCN(CC1)Cc1cc(Br)ccc1O,0.898935
24308716,Ic1ccc(cc1)NC1=C(N2CCOCC2)C(=O)c2c(C1=O)cccc2,0.898684
11069404,O=c1n(cnc2c1cnn2C(C)(C)C)Cc1cccc(c1)C(F)(F)F,0.898563
22718141,CCNc1nc(Nc2ccc(cc2)NC(=O)c2cc(C)cc(c2)C)nc(c1)C,0.898520
2642211,CCCN1C(=O)c2c(C1c1ccc(cc1)OC)c(n[nH]2)c1c(C)cc(cc1O)C,0.898014
22718313,COc1ccc(cc1)Nc1cc(C)nc(n1)Nc1ccc(cc1)NC(=O)c1ccccc1OC,0.897976
16165327,CCOc1ccc(cc1)NC(=O)C1c2ccccc2C(=O)N(C1c1cccs1)CC(C)C,0.897878
16837353,COc1cccc(c1)NC(=O)Nc1ccc(cc1)Nc1nc(C)cc(n1)N(C)C,0.897729
22719015,Cc1nc(Nc2ccc(cc2)NS(=O)(=O)c2ccc(cc2)Br)nc(c1)Nc1ccc(cc1)C,0.897729
2407746,Fc1ccccc1Nc1nc(NCc2ccccc2)c2c(n1)cccc2,0.897569
22719059,COc1ccc(cc1)Nc1nc(Nc2ccc(cc2)NS(=O)(=O)c2ccc(cc2)I)nc(c1)C,0.897427
2126254,Brc1ccc(c(c1)CN1CCN(CC1)Cc1ccccc1F)O,0.897369
22718363,COc1ccc(cc1)Nc1nc(Nc2ccc(cc2)NC(=O)c2ccc(c(c2)C)C)nc(c1)C,0.897164
22718203,Cc1nc(Nc2ccc(cc2)NC(=O)c2ccc(c(c2)C)C)nc(c1)Nc1ccccc1,0.897034
22718949,Cc1nc(Nc2ccc(cc2)NS(=O)(=O)c2ccc(cc2)Br)nc(c1)Nc1ccccc1,0.897030
10054017,CCCCC(C(c1ccccc1)CN1CCOCC1)(c1ccc(cc1)CC)O,0.896724
43305960,Cc1ccc(cc1)CNc1nc(Nc2ccccc2)nc2c1cccc2,0.896699
4464109,Cc1ccc(cc1)Nc1nc(NCc2ccccc2)c2c(n1)cccc2,0.896551
1342635,COC(=O)C1=C(C)NC2=C(C1c1cccc(c1)C)C(=O)CC(C2)c1ccc(c(c1)OC)OC,0.896542
22718761,CCN(c1nc(Nc2ccc(cc2)NC(=O)c2ccc(cc2)C(C)(C)C)nc(c1)C)CC,0.896405
22718361,COc1ccc(cc1)Nc1nc(Nc2ccc(cc2)NC(=O)c2cc(C)cc(c2)C)nc(c1)C,0.896387
22719121,CCCCOc1ccc(cc1)S(=O)(=O)Nc1ccc(cc1)Nc1nc(C)cc(n1)N(C)C,0.895999
5550093,Cc1nc(Nc2ccc(cc2)NC(=O)c2cccc(c2)Br)nc(c1)N1CCCCC1,0.895991
2125664,Fc1cccc(c1)CN1CCN(CC1)Cc1cc(Br)ccc1O,0.895861
29917437,Brc1cccc(c1)C(c1ccc2c(c1O)nccc2)Nc1ccccn1,0.895859
16042848,CC(CN1C(=O)c2ccccc2C(C1c1cccs1)C(=O)Nc1ccc(c(c1)C)C)C,0.895780
8618441,Clc1ccc(c(c1)CN1CCN(CC1)c1cccc(c1C)C)O,0.895548
27183185,COc1ccc(cc1)C(=O)Nc1ccc(cc1)Nc1nc(C)cc(n1)N1CCCCC1,0.895352
5674701,COc1ccccc1CCN1COc2c(C1)cc1c(c2C)oc(=O)c(c1C)C,0.895321
27183169,Ic1ccc(cc1)C(=O)Nc1ccc(cc1)Nc1nc(C)cc(n1)N1CCCC1,0.895186
5453090,Cc1cc(C)c2c(c1)nc(s2)NNC(=O)c1ccc(cc1)S(=O)(=O)N(C)C,0.895089
24310348,Ic1cccc(c1)NC1=C(N2CCCCC2)C(=O)c2c(C1=O)cccc2,0.894912
22718423,Cc1nc(Nc2ccc(cc2)NC(=O)c2cccc(c2)Br)nc(c1)N(C)C,0.894569
27183019,CCNc1nc(Nc2ccc(cc2)NC(=O)c2cccc(c2)C)nc(c1)C,0.894349
24358613,CCN1CCN(CC1)c1cc(C)c2c(n1)ccc(c2)NC(=S)NCCCN1CC(C)CC(C1)C,0.893458
22719409,CCN(c1nc(Nc2ccc(cc2)NS(=O)(=O)c2cc(C)ccc2OC)nc(c1)C)CC,0.893291
1357638,CC(=O)NC(c1ccc2c(c1O)nccc2)c1ccc(cc1Cl)Cl,0.893257
16165281,COc1ccccc1CNC(=O)C1c2ccccc2C(=O)N(C1c1cccs1)CC(C)C,0.892853
16098710,COCc1cc(CN2CCN(CC2)c2cccc(c2)C(F)(F)F)c(c2c1cccn2)O,0.892481
32499013,CCNc1nc(Nc2ccc(cc2)NC(=O)c2cccc(c2)C(F)(F)F)cc(n1)C,0.892099
2642201,C=CCN1C(=O)c2c(C1c1cccc(c1)OC)c(n[nH]2)c1c(C)cc(cc1O)C,0.891909
24358811,CN1CCN(CC1)c1cc(C)c2c(n1)ccc(c2)NC(=S)NC1CCN(CC1)Cc1ccccc1,0.891887
16078374,O=c1n(cnc2c1cnn2C(C)(C)C)Cc1ccc(cc1)C(F)(F)F,0.891706
1342663,CCCOC(=O)C1=C(C)NC2=C(C1c1cccc(c1)Cl)C(=O)CC(C2)c1ccc(c(c1)OC)OC,0.891678
22718105,CCNc1cc(C)nc(n1)Nc1ccc(cc1)NC(=O)c1ccc(cc1)F,0.891205
2007842,Brc1ccccc1C(c1cc(Cl)c2c(c1O)nccc2)Nc1ccccn1,0.891108
22719047,COc1ccc(cc1)Nc1nc(Nc2ccc(cc2)NS(=O)(=O)c2ccc(c(c2)C)C)nc(c1)C,0.890367
2078500,Brc1cccc(c1)NC1=C(N2CCCCC2)C(=O)c2c(C1=O)cccc2,0.890292
2076015,Oc1ccc(cc1)/C=C/c1cc[n+](cc1)C,0.890256
8279631,Fc1ccc(cc1)N(C1=C(N2CCCCC2)C(=O)c2c(C1=O)cccc2)C(=O)C,0.890233
22718143,CCNc1cc(C)nc(n1)Nc1ccc(cc1)NC(=O)c1ccc(c(c1)C)C,0.890219
24358661,CCN1CCN(CC1)c1cc(C)c2c(n1)ccc(c2)NC(=S)NCCCN1CCN(CC1)c1ccc(cc1)F,0.889989
16078838,CCCCNc1sc(nc1S(=O)(=O)c1ccc(cc1)C)S(=O)(=O)CC,0.889868
32499251,CC(=O)Nc1ccc(cc1)Nc1cc(C)nc(n1)Nc1ccc(cc1)C,0.889341
28310767,CN1CCN(CC1)c1cc(C)c2c(n1)ccc(c2)NC(=S)NCC1CCN(CC1)Cc1cccc(c1)C,0.888906
4418948,CCCn1c2CCCc2c(=N)c2c1CCC2,0.888816
27183021,CCNc1cc(C)nc(n1)Nc1ccc(cc1)NC(=O)c1ccc(cc1)C,0.888761
22719181,Cc1ccc(cc1)S(=O)(=O)Nc1ccc(cc1)Nc1nc(C)cc(n1)N1CCCC1,0.888648
27021964,COc1ccc2c(c1)ccc([n+]2CC)/C=C/c1ccc(cc1)N(C)C,0.888636
24842843,CN(CCn1c(=N)n(c2c1cccc2)CC(c1ccc(c(c1)Cl)Cl)O)C,0.888472
16010053,CCCN(CCC)CCCNC(=O)c1cc2c(s1)n(nc2c1ccc(c(c1)OC)OC)C,0.888450
16165359,COc1cc(Cl)c(cc1NC(=O)C1c2ccccc2C(=O)N(C1c1cccs1)CC(C)C)C,0.888432
22718959,Cc1nc(Nc2ccc(cc2)NS(=O)(=O)c2cccc(c2)Cl)nc(c1)Nc1ccccc1,0.887975
22718397,Cc1nc(Nc2ccc(cc2)NC(=O)c2ccc(cc2)C)nc(c1)N(C)C,0.887950
2569440,CCC(=O)NC(c1ccc2c(c1O)nccc2)c1ccc(cc1)N(C)C,0.887838
17447603,N#Cc1cccc(c1)NC(=O)C1c2ccccc2C(=O)N(C1c1cccs1)CC(C)C,0.887788
27022926,CCn1/c(=C/c2sc3c([n+]2C)ccc(c3)C)/ccc2c1cccc2,0.887435
27022012,OCC[n+]1c(sc2c1cccc2)/C=c/1\sc2c(n1C)ccc(c2)C,0.887251
17711968,C[n+]1ccc(cc1)/C=C/c1ccc(cc1)N(C)C,0.886444
22718411,Cc1nc(Nc2ccc(cc2)NC(=O)c2cccc(c2)F)nc(c1)N(C)C,0.886330
24358611,CCN1CCN(CC1)c1cc(C)c2c(n1)ccc(c2)NC(=S)NCCCN1CCCCC1CC,0.886202
17416574,CCOc1ccc(cc1)N(C1=C(N2CCOCC2)C(=O)c2c(C1=O)cccc2)C(=O)C,0.886168
1874748,CN1CCN(CC1)Cc1c(O)ccc2c1oc(c(c2=O)Oc1ccccc1C(C)C)C(F)(F)F,0.886107
11985651,FC(c1ccc(cc1)Cn1cnc2c(c1=O)cnn2c1ccccc1)(F)F,0.885976
22718787,CCN(c1nc(Nc2ccc(cc2)NC(=O)c2ccccc2Br)nc(c1)C)CC,0.885872
16837357,O=C(Nc1ccc(cc1)F)Nc1ccc(cc1)Nc1nc(C)cc(n1)N(C)C,0.885301
27015447,COc1ccc2c(c1)n(CC)/c(=C/c1cccc[n+]1C)/s2,0.885144
22718777,CCN(c1nc(Nc2ccc(cc2)NC(=O)c2cccc(c2)F)nc(c1)C)CC,0.885127
16161929,CCCN1CCN(CC1)CCCNC(=O)c1ccc2c(c1)sc1n2cc(n1)c1cccc(c1)OC,0.884306
25827184,CCn1/c(=C/c2sc3c([n+]2C)cccc3)/ccc2c1cc(C)cc2,0.884223
27183017,CCNc1nc(Nc2ccc(cc2)NC(=O)c2ccccc2C)nc(c1)C,0.884028
1414613,COc1cc(ccc1OC)CN1CCN(CC1)Cc1cc(Br)ccc1O,0.883899
16098754,CC(OCc1cc(CN2CCN(CC2)c2cccc(c2)C(F)(F)F)c(c2c1cccn2)O)C,0.883813
32499271,COc1ccccc1C(=O)Nc1ccc(cc1)Nc1cc(C)nc(n1)Nc1ccc(cc1)C,0.883804
2074728,Oc1ccc(cc1)/C=C/c1cccc[n+]1C,0.883760
25827120,OCC[n+]1ccccc1/C=c/1\sc2c(n1C)cccc2,0.883598
1992283,Cc1ccc(cc1)C(c1ccc2c(c1O)nccc2)Nc1ccccn1,0.883574
22719203,CCc1ccc(cc1)S(=O)(=O)Nc1ccc(cc1)Nc1nc(C)cc(n1)N1CCCC1,0.883571
1553476,COc1ccc(c(c1)C1CC2=C(C(=O)C1)C(CC(=O)N2)c1ccc(c(c1)OC)OC)OC,0.883173
2642213,C=CCN1C(=O)c2c(C1c1ccc(cc1)OC)c(n[nH]2)c1c(C)cc(cc1O)C,0.883097
1342567,CCOC(=O)C1=C(C)NC2=C(C1c1cccc(c1)Cl)C(=O)CC(C2)c1ccc(c(c1)OC)OC,0.882825
22718461,Cc1nc(Nc2ccc(cc2)NC(=O)c2cc(C)cc(c2)C)nc(c1)N(C)C,0.882805
15769435,CCCCCCCC(C(c1ccccc1)CNCCCCO)(c1ccc(cc1)Br)O,0.882715
10054030,CCc1ccc(cc1)C(C(c1ccccc1)CN1CCOCC1)(CCC(C)C)O,0.882486
16165823,CC(=O)c1cccc(c1)NC(=O)C1c2ccccc2C(=O)N(C1c1cccs1)C1CCCC1,0.882074
27021988,C[n+]1c(ccc2c1cccc2)/C=c\1/ccn(c2c1cccc2)C,0.881676
31480964,C[n+]1c(ccc2c1cccc2)/C=c/1\ccn(c2c1cccc2)C,0.881676
1333271,OC(c1ccc(c(c1)Cl)Cl)Cn1c(=N)n(c2c1cccc2)CCN1CCCCC1,0.881320
16078224,O=c1n(cnc2c1cnn2c1ccccc1)Cc1cccc(c1)C(F)(F)F,0.881223
1357654,CCCCC(=O)NC(c1ccc2c(c1O)nccc2)c1ccc(cc1)N(CC)CC,0.880921
1342713,COC(=O)C1=C(C)NC2=C(C1c1ccc(cc1)F)C(=O)CC(C2)c1ccc(c(c1)OC)OC,0.880697
4823141,COc1ccc(cc1)CCN1COc2c(C1)cc1c(c2C)oc(=O)c(c1C)C,0.880589
22719031,COc1ccc(cc1C)S(=O)(=O)Nc1ccc(cc1)Nc1nc(C)cc(n1)Nc1ccc(cc1)C,0.880266
16161557,CCCN1CCN(CC1)CCCNC(=O)c1ccc2c(c1)sc1n2cc(n1)c1ccc(cc1)C,0.880247
27658918,Fc1cccc(c1)Nc1nc(NCc2ccccc2)c2c(n1)cccc2,0.880157
2597515,CCOc1cc(ccc1O)C1CC(=O)NC2=C1C(=O)CC(C2)c1cc(OC)ccc1OC,0.879819
24308720,Ic1ccc(cc1)NC1=C(N2CCCC2)C(=O)c2c(C1=O)cccc2,0.879771
1874750,Oc1ccc2c(c1CN1CCCC1)oc(c(c2=O)Oc1ccccc1C(C)C)C(F)(F)F,0.879721
1357656,O=C(C(C)C)NC(c1ccc2c(c1O)nccc2)c1ccc(cc1Cl)Cl,0.879536
1106044,O=C(Nc1cccc(c1)C(F)(F)F)Nc1ccc(c(c1)Cl)Cl,0.879387
3021338,Clc1ccccc1Nc1nc(NCc2ccccc2)c2c(n1)cccc2,0.879091
2327379,C#CC[n+]1ccn2c(c1C)ccc2,0.878839
16078342,Cc1ccc(cc1)Cn1cnc2c(c1=O)cnn2c1ccc(c(c1)C)C,0.878672
27183109,Cc1nc(Nc2ccc(cc2)NC(=O)c2ccccc2C)nc(c1)N(C)C,0.878624
24310352,Ic1cccc(c1)NC1=C(N2CCOCC2)C(=O)c2c(C1=O)cccc2,0.878334
1325887,CCC(=O)NC(c1ccc2c(c1O)nccc2)c1ccccc1OC,0.878188
2168242,CCOc1ccc(cc1)Nc1nc(NCc2ccco2)c2c(n1)cccc2,0.877798
22719019,Cc1nc(Nc2ccc(cc2)NS(=O)(=O)c2ccccc2F)nc(c1)Nc1ccc(cc1)C,0.877538
22718321,COc1ccc(cc1)Nc1nc(Nc2ccc(cc2)NC(=O)c2ccccc2F)nc(c1)C,0.877384
3732136,CCCOC(=O)C1=C(C)NC2=C(C1c1ccc(cc1)[N+](=O)[O-])C(=O)CC(C2)c1ccccc1OC,0.877327
4489981,Cc1cccc(c1)Nc1nc(NCc2ccccc2)c2c(n1)cccc2,0.877029
16010111,CCCCN(CCCNC(=O)c1cc2c(s1)n(nc2c1ccc(c(c1)OC)OC)C)CC,0.876944
6773655,CCOc1ccc2c(c1)C(=NNC(=N)N)c1c2ccc(c1)OCC,0.876654
4371085,CCCCCCCn1ccc(=N)cc1,0.876563
2076069,Cc1ccc(cc1)N(C1=C(N2CCCCC2)C(=O)c2c(C1=O)cccc2)C(=O)C,0.876187
3038267,Cc1ccnc(c1)NC(c1ccc2c(c1O)nccc2)c1ccccc1F,0.875851
10054032,CCCCCC(C(c1ccccc1)CN1CCOCC1)(c1ccc(cc1)CC)O,0.875811
22719045,COc1ccc(cc1)Nc1nc(Nc2ccc(cc2)NS(=O)(=O)c2ccc(cc2C)C)nc(c1)C,0.875661
32499773,COc1ccc(cc1C)S(=O)(=O)Nc1ccc(cc1)Nc1cc(C)nc(n1)Nc1ccc(cc1)C,0.875654
32499819,CCNc1nc(Nc2ccc(cc2)NS(=O)(=O)c2cc(ccc2C)C(C)C)cc(n1)C,0.875002
15931600,NC1=NC(N(C(=N1)N)c1ccc(cc1)N(C)C)(C)C,0.875001
1297063,CCCCn1c(=N)n(c2c1cccc2)CC(c1ccc(cc1)Br)O,0.874942
1325905,CCCC(=O)NC(c1ccc2c(c1O)nccc2)c1ccccc1Cl,0.874935
27183319,COc1ccc(cc1)Nc1nc(Nc2ccc(cc2)NS(=O)(=O)c2ccccc2Cl)nc(c1)C,0.874545
28315126,O=C(C1c2ccccc2C(=O)N(C1c1cccs1)C1CCCC1)Nc1ccccc1C,0.874531
32499015,CCNc1nc(Nc2ccc(cc2)NC(=O)c2ccc(cc2)C(F)(F)F)cc(n1)C,0.874184
27183155,Cc1nc(Nc2ccc(cc2)NC(=O)c2ccccc2F)nc(c1)N1CCCC1,0.874115
2394876,Brc1ccccc1C(c1ccc2c(c1O)nccc2)Nc1ccccn1,0.873714
31200646,OCCNc1nc(Nc2ccc(cc2)Br)nc2c1cccc2,0.873699
22719193,Clc1ccc(cc1)S(=O)(=O)Nc1ccc(cc1)Nc1nc(C)cc(n1)N1CCCC1,0.873513
2167068,Cc1ccccc1Nc1nc(NCc2ccco2)c2c(n1)cccc2,0.873451
2424173,CCCOC(=O)C1=C(C)NC2=C(C1c1ccc(c(c1)OC)OC)C(=O)CC(C2)c1ccccc1OC,0.873340
2298628,CCc1[n+](C)ccn2c1ccc2,0.873147
1237086,Cc1ccc[n+](c1)C(C(=O)c1ccc(cc1)c1ccccc1)C,0.872848
26988675,Fc1ccc(cc1)N(C1=C(N2CCOCC2)C(=O)c2c(C1=O)cccc2)C(=O)C,0.872808
22719093,COc1ccc(cc1)Nc1nc(Nc2ccc(cc2)NS(=O)(=O)c2cc(C)ccc2C)nc(c1)C,0.872513
1955769,C/C=C/c1n(C)c2c([n+]1C)cccc2,0.872438
27183157,Cc1nc(Nc2ccc(cc2)NC(=O)c2cccc(c2)F)nc(c1)N1CCCC1,0.872416
6677909,CCOC(=O)C(C(F)(F)F)(Nc1ccc(cc1)S(=O)(=O)Nc1noc(c1)C)NC(=O)CC,0.872244
1089779,CCN1CCN(CC1)Cc1c(O)ccc2c1oc(c(c2=O)Oc1cc(C)cc(c1)C)C(F)(F)F,0.872176
27183317,CCOc1ccc(cc1)S(=O)(=O)Nc1ccc(cc1)Nc1nc(C)cc(n1)Nc1ccc(cc1)OC,0.872015
27208469,Clc1cccc(c1)/C=c\1/sc2ccc(cc2n(c1=O)C)C(=O)NC1CCN(CC1)Cc1ccccc1,0.871972
1998034,Oc1c(ccc2c1nccc2)C(c1cccc(c1)Oc1ccccc1)Nc1ccccn1,0.871778
1874758,CCN1CCN(CC1)Cc1c(O)ccc2c1oc(c(c2=O)Oc1ccccc1C(C)C)C(F)(F)F,0.870844
22718927,Cc1nc(Nc2ccc(cc2)NS(=O)(=O)c2ccc(cc2)I)nc(c1)Nc1ccccc1,0.870276
22718833,CCN(c1nc(Nc2ccc(cc2)NC(=O)c2cc(C)cc(c2)C)nc(c1)C)CC,0.870202
22718557,Cc1nc(Nc2ccc(cc2)NC(=O)c2cc(C)cc(c2)C)nc(c1)N1CCCC1,0.870111
4410407,C=CCn1c(=N)n(c2c1cccc2)CC(c1ccc(c(c1)Cl)Cl)O,0.870072
22718853,CCNc1cc(C)nc(n1)Nc1ccc(cc1)NS(=O)(=O)c1ccc(cc1)F,0.869420
9831848,CCCOc1cc(ccc1OCCC)c1nonc1NC(=O)c1cccc(c1)OC,0.869038
22718597,Cc1nc(Nc2ccc(cc2)NC(=O)c2ccc(cc2)C(C)(C)C)nc(c1)N1CCCCC1,0.868950
2097528,CCCOC(=O)C1=C(C)NC2=C(C1c1ccc(cc1)[N+](=O)[O-])C(=O)CC(C2)c1ccc(cc1)OC,0.868762
9834146,CCCOc1cc(ccc1OCCC)c1nonc1NC(=O)c1ccc(cc1)OC,0.868264
22718993,Cc1nc(Nc2ccc(cc2)NS(=O)(=O)c2ccc(cc2)I)nc(c1)Nc1ccc(cc1)C,0.867893
1357636,CCCC(=O)NC(c1ccc2c(c1O)nccc2)c1ccc(cc1Cl)Cl,0.867809
2140992,Brc1ccc(cc1)NC1=C(N2CCCCC2)C(=O)c2c(C1=O)cccc2,0.867630
32499775,Cc1ccc(cc1)Nc1nc(Nc2ccc(cc2)NS(=O)(=O)c2ccccc2F)cc(n1)C,0.867587
2001979,OCCNc1nc(Nc2ccc(cc2)Cl)nc2c1cccc2,0.867414
25827166,CC[n+]1c(sc2c1cccc2)/C=c/1\ccc2c(n1C)cc(cc2)C,0.867335
30413015,CCCCOc1ccc(c(c1)O)c1[nH]ncc1Oc1ccccc1,0.867134
15929697,Oc1c(CN2CCN(CC2)c2cccc(c2)C(F)(F)F)cc(c2c1nccc2)COCc1ccccc1,0.867067
22719135,Cc1nc(Nc2ccc(cc2)NS(=O)(=O)c2cc(ccc2C)C(C)C)nc(c1)N(C)C,0.866786
22718149,CCC(=O)Nc1ccc(cc1)Nc1nc(C)cc(n1)Nc1ccccc1,0.866771
32498995,CCNc1nc(Nc2ccc(cc2)NC(=O)c2cccc(c2)F)cc(n1)C,0.866615
27022032,OCC[n+]1ccccc1/C=c/1\sc2c(n1C)cc(cc2)C,0.866276
16078336,Cc1cccc(c1)Cn1cnc2c(c1=O)cnn2c1ccc(c(c1)C)C,0.866140
2597675,CCOc1cc(cc(c1O)Cl)C1CC(=O)NC2=C1C(=O)CC(C2)c1ccccc1Cl,0.866028
32499609,CCNc1nc(Nc2ccc(cc2)NS(=O)(=O)c2ccc(c(c2)C)C)cc(n1)C,0.865422
2352927,COc1ccc(c(c1)CN1CCN(CC1)c1cc(C)ccc1C)O,0.865412
22718169,COc1cc(OC)cc(c1)C(=O)Nc1ccc(cc1)Nc1nc(C)cc(n1)Nc1ccccc1,0.865311
5452976,Clc1ccc2c(c1)sc(n2)NNC(=O)c1ccc(cc1)S(=O)(=O)N(C)C,0.864948
22718785,CCN(c1cc(C)nc(n1)Nc1ccc(cc1)NC(=O)c1ccc(cc1)Cl)CC,0.864269
27015463,CC[n+]1c(sc2c1cccc2)/C=c/1\ccc2c(n1C)ccc(c2)C,0.864165
16103954,CCCCCCC(C(c1ccccc1)CN1CCOCC1)(c1ccc(cc1)F)O,0.863983
27183083,COc1ccc(cc1C(=O)Nc1ccc(cc1)Nc1nc(C)cc(n1)Nc1ccc(cc1)C)Cl,0.863850
2943452,Clc1ccc(cc1)C(c1ccc2c(c1O)nccc2)N1CCOCC1,0.863550
24358665,CCN1CCN(CC1)c1cc(C)c2c(n1)ccc(c2)NC(=S)NCCCN1CCN(CC1)c1ccccc1F,0.863290
22718923,Cc1nc(Nc2ccc(cc2)NS(=O)(=O)c2ccc(cc2)F)nc(c1)Nc1ccccc1,0.863118
27183067,Cc1nc(Nc2ccc(cc2)NC(=O)c2ccccc2)nc(c1)Nc1ccccc1,0.863113
1212543,CCc1n(C)c2cccc3c2c([n+]1C)ccc3,0.863011
2073212,Clc1ccc(c(c1)CN1CCN(CC1)Cc1ccccc1)O,0.863010
16078908,CCN(c1sc(nc1S(=O)(=O)c1ccc(cc1)C)S(=O)(=O)CC)CC,0.862986
2005718,Brc1cccc(c1)C(c1cc(Cl)c2c(c1O)nccc2)Nc1ccccn1,0.862750
22718945,COc1ccc(cc1S(=O)(=O)Nc1ccc(cc1)Nc1nc(C)cc(n1)Nc1ccccc1)C,0.862715
22718781,CCN(c1nc(Nc2ccc(cc2)NC(=O)c2ccccc2Cl)nc(c1)C)CC,0.862683
16165703,CCOc1ccc(cc1)NC(=O)C1c2ccccc2C(=O)N(C1c1cccs1)C1CCCC1,0.862488
22718893,CCNc1cc(C)nc(n1)Nc1ccc(cc1)NS(=O)(=O)c1c(C)cc(cc1C)C,0.862242
16078346,Cc1ccc(cc1C)n1ncc2c1ncn(c2=O)Cc1ccc(cc1)C(F)(F)F,0.861506
22718245,Cc1nc(Nc2ccc(cc2)NC(=O)c2ccccc2F)nc(c1)Nc1ccc(cc1)C,0.861328
22719213,COc1ccc(cc1S(=O)(=O)Nc1ccc(cc1)Nc1nc(C)cc(n1)N1CCCC1)C,0.861294
27208485,O=C(c1ccc2c(c1)n(C)c(=O)/c(=C\c1ccccc1Cl)/s2)NC1CCN(CC1)Cc1ccccc1,0.861247
2395603,COc1cccc(c1)C(=O)NC(c1cc(Cl)c2c(c1O)nccc2)c1ccc(cc1)Cl,0.861060
22719129,CC(=O)Nc1ccc(cc1)S(=O)(=O)Nc1ccc(cc1)Nc1nc(C)cc(n1)N(C)C,0.861014
5677682,Fc1ccccc1N1CCN(CC1)Cc1cc(Br)c2c(c1O)nccc2,0.860732
28309194,OC(Cn1c2ccc(cc2c2c1CCCC2)C)CNC1CCCC1,0.860580
16837347,O=C(Nc1cccc(c1)Cl)Nc1ccc(cc1)Nc1nc(C)cc(n1)N(C)C,0.860376
4401311,Brc1ccc(cc1)/C=C/c1cccc[n+]1C,0.860130
28309043,CCCCOc1ccc(cc1)N1C(=NC(=NC1(C)C)N)N,0.859860
4576292,CCN(CCn1c(=N)n(c2c1cccc2)CC(COc1ccccc1C)O)CC,0.859741
22718791,CCN(c1cc(C)nc(n1)Nc1ccc(cc1)NC(=O)c1ccc(cc1)Br)CC,0.859501
16078344,Cc1cc(ccc1C)n1ncc2c1ncn(c2=O)Cc1cccc(c1)C(F)(F)F,0.859339
22718135,CCNc1nc(Nc2ccc(cc2)NC(=O)c2cccc(c2)I)nc(c1)C,0.859256
22718835,CCN(c1cc(C)nc(n1)Nc1ccc(cc1)NC(=O)c1ccc(c(c1)C)C)CC,0.859223
1237090,Cc1c[n+](cc(c1)C)C(C(=O)c1ccc(cc1)c1ccccc1)C,0.859196
27183337,COc1ccc(cc1S(=O)(=O)Nc1ccc(cc1)Nc1nc(C)cc(n1)N(C)C)C(C)(C)C,0.859154
27183173,Cc1nc(Nc2ccc(cc2)NC(=O)c2ccc(c(c2)C)C)nc(c1)N1CCCC1,0.859127
27023078,C=CCn1/c(=C/c2sc3c([n+]2C)cccc3)/ccc2c1cccc2,0.859118
22718185,COc1ccc(cc1C(=O)Nc1ccc(cc1)Nc1nc(C)cc(n1)Nc1ccccc1)Cl,0.858852
2142908,Cc1ccnc(c1)NC(c1ccc2c(c1O)nccc2)c1c(Cl)cccc1Cl,0.858801
2635024,CCCCCC(C(c1ccccc1)CN1CCOCC1)(c1ccccc1)O,0.858537
32499011,CCNc1nc(Nc2ccc(cc2)NC(=O)c2ccccc2C(F)(F)F)cc(n1)C,0.858048
32499607,CCNc1nc(Nc2ccc(cc2)NS(=O)(=O)c2ccc(cc2C)C)cc(n1)C,0.857901
2169477,Clc1ccc(cc1)Nc1nc(NCc2ccco2)c2c(n1)cccc2,0.857851
22718871,CCNc1nc(Nc2ccc(cc2)NS(=O)(=O)c2ccc(cc2)Oc2ccccc2)nc(c1)C,0.857775
27021998,COc1ccc2c(c1)ccc([n+]2C)/C=c/1\ccccn1C,0.857681
3404567,CSc1ccc2c([n+]1C)cccc2,0.857646
27183023,CCNc1nc(Nc2ccc(cc2)NC(=O)c2ccc(cc2)C(C)(C)C)nc(c1)C,0.857615
2597613,CCOc1cc(cc(c1O)Cl)C1CC(=O)NC2=C1C(=O)CC(C2)c1ccc(cc1)OC,0.857280
32796959,Cc1ccc(cc1)Nc1nc(Nc2ccc(cc2)NC(=O)c2ccccc2F)cc(n1)C,0.857215
37117623,CC(=O)NC(c1ccc2c(c1O)nccc2)c1ccccc1C,0.856941
1237084,O=C(C([n+]1ccccc1)C)c1ccc(cc1)c1ccccc1,0.856815
2581716,Clc1ccccc1C(c1ccc2c(c1O)nccc2)Nc1ccccn1,0.856600
2597619,CCOc1cc(cc(c1O)Br)C1CC(=O)NC2=C1C(=O)CC(C2)c1ccc(cc1)OC,0.856334
1866587,CCOc1ccc2c(c1)c(Nc1ccc(cc1)N1CCOCC1)cc(n2)C,0.856251
25827112,OCCn1/c(=C/c2cccc[n+]2C)/sc2c1cccc2,0.856231
2394980,Cc1cccc(n1)NC(c1ccc2c(c1O)nccc2)c1ccccc1F,0.856119
27038970,CN1CCN(CC1)c1cc(C)c2c(n1)ccc(c2)NC(=O)/C=C/c1ccccc1OC(C)C,0.856090
2401397,Cc1cccc(c1)NC1=C(N2CCCCC2)C(=O)c2c(C1=O)cccc2,0.855923
16837339,COc1ccc(cc1)NC(=O)Nc1ccc(cc1)Nc1nc(C)cc(n1)Nc1ccc(cc1)C,0.855809
5463736,COc1cc(OC)ccc1NC(=O)CSc1snc(n1)c1ccccc1Cl,0.855768
5633664,Oc1ccc(cc1)Nc1nc(NCc2ccccc2)c2c(n1)cccc2,0.855747
22718137,CCNc1cc(C)nc(n1)Nc1ccc(cc1)NC(=O)c1ccc(cc1)I,0.855746
1866611,CCOc1ccc(cc1)Nc1cc(C)nc2c1cc(OCC)cc2,0.855667
32498981,CCNc1nc(Nc2ccc(cc2)NC(=O)c2ccc(cc2C)C)cc(n1)C,0.855225
27183345,CC(=O)Nc1ccc(cc1)S(=O)(=O)Nc1ccc(cc1)Nc1nc(C)cc(n1)N1CCCC1,0.855138
32499031,CCNc1nc(Nc2ccc(cc2)NC(=O)c2cc(C)ccc2C)cc(n1)C,0.855008
4568745,CCCCCn1c(=N)n(c2c1cccc2)CC(COc1cccc(c1)C)O,0.854967
1291767,CCOC(=O)C1=C(C)NC2=C(C1c1ccc(c(c1)OCC)O)C(=O)CC(C2)c1ccc(cc1)Cl,0.854866
1997001,CCOc1ccccc1CN1CCN(CC1)Cc1cc(Br)ccc1O,0.854852
16165621,CC(CN1C(=O)c2ccccc2C(C1c1cccs1)C(=O)Nc1cc(C)cc(c1)C)C,0.854493
32498979,CCNc1nc(Nc2ccc(cc2)NC(=O)c2cccc(c2)C)cc(n1)C,0.854449
1342433,CCOC(=O)C1=C(C)NC2=C(C1c1ccccc1F)C(=O)CC(C2)c1ccc(c(c1)OC)OC,0.854293
46407565,CCn1/c(=C/c2sc3c([n+]2CC)cccc3)/ccc2c1cccc2,0.853463
1498265,CCOc1ccc(cc1)Nc1nc(N)c2c(n1)cccc2,0.853325
2144820,CCc1ccc(cc1)C(c1ccc2c(c1O)nccc2)Nc1ccccn1,0.853223
6160780,Oc1ccc(cc1CN1CCN(CC1)c1ccccc1)C(C)(C)C,0.853178
2144338,Fc1ccc(cc1)C(c1ccc2c(c1O)nccc2)Nc1cccc(n1)C,0.853127
2141570,Brc1ccc(cc1)NC1=C(N2CCOCC2)C(=O)c2c(C1=O)cccc2,0.853020
22718559,COc1cccc(c1)C(=O)Nc1ccc(cc1)Nc1nc(C)cc(n1)N1CCCC1,0.852936
2417236,Fc1cccc(c1)NC1=C(N2CCCCC2)C(=O)c2c(C1=O)cccc2,0.852926
1865507,COc1ccc2c(c1)c(Nc1ccc(cc1)N1CCOCC1)cc(n2)C,0.852696
1323283,CCOc1cc(ccc1O)C1C2=C(CC(CC2=O)c2ccc(cc2)Cl)NC(=C1C(=O)OC(C)C)C,0.852494
1876046,CCc1ccc(cc1)Oc1c(=O)c2ccc(c(c2oc1C(F)(F)F)CN1CCCCC1)O,0.852134
1496106,OC(Cn1c2ccccc2c2c1cccc2)CNC1CCCC1,0.852099
22718333,COc1ccc(cc1)Nc1cc(C)nc(n1)Nc1ccc(cc1)NC(=O)c1cc(Cl)ccc1OC,0.850940
2327385,Cc1c2ccc(n2cc[n+]1CC#C)C,0.850795
1342675,CCOC(=O)C1=C(C)NC2=C(C1c1ccc(cc1)SC)C(=O)CC(C2)c1ccc(c(c1)OC)OC,0.850714
1156129,CCCCCCCCCC[n+]1ccccc1,0.850613
2167696,Fc1ccc(cc1)Nc1nc(NCc2ccco2)c2c(n1)cccc2,0.850501
22718425,Cc1nc(Nc2ccc(cc2)NC(=O)c2ccc(cc2)Br)nc(c1)N(C)C,0.850381
2498761,OCCNc1nc(Nc2ccc(c(c2)C)C)nc2c1cccc2,0.850325
24358675,CCN1CCN(CC1)c1cc(C)c2c(n1)ccc(c2)NC(=S)NCCN1CCc2c(C1)cccc2,0.849962
2581714,Clc1ccc(cc1)C(c1ccc2c(c1O)nccc2)Nc1ncccc1O,0.849727
22718975,COc1cc(C)c(cc1C)S(=O)(=O)Nc1ccc(cc1)Nc1nc(C)cc(n1)Nc1ccccc1,0.849601
2597593,COc1cc(cc(c1O)Br)C1CC(=O)NC2=C1C(=O)CC(C2)c1ccccc1Cl,0.849088
16042736,O=C(C1c2ccccc2C(=O)N(C1c1cccs1)C1CCCC1)Nc1ccc(c(c1)C)C,0.848945
22718281,Cc1nc(Nc2ccc(cc2)NC(=O)c2ccc(c(c2)C)C)nc(c1)Nc1ccc(cc1)C,0.848942
2126982,Fc1ccc(cc1)CN1CCN(CC1)Cc1cc(Br)ccc1O,0.848863
1198683,OC(Cn1c2ccccc2c2c1cccc2)CN1CCN(CC1)C/C=C/c1ccccc1,0.848832
1266064,OC(Cn1c2ccc(cc2c2c1ccc(c2)Cl)Cl)CNC(C)C,0.848649
24310356,Ic1cccc(c1)NC1=C(N2CCCC2)C(=O)c2c(C1=O)cccc2,0.848460
17483016,COc1ccc(cc1)NC(=O)Nc1ccc(cc1)Nc1nc(C)cc(n1)N(C)C,0.848459
1265674,CCCn1c(=N)n(c2c1cccc2)CC(c1ccc(cc1)Cl)O,0.848428
17416853,CCCCCOc1ccc(cc1)NC1=C(N2CCCCC2)C(=O)c2c(C1=O)cccc2,0.848113
16103762,CCCCCCC(C(c1ccccc1)CN1CCOCC1)(c1ccc(cc1)C)O,0.848006
43358749,CCN(C1=C(N2CCOCC2)C(=O)c2c(C1=O)cccc2)C(=O)C,0.847944
2167380,Cc1ccc(cc1)Nc1nc(NCc2ccco2)c2c(n1)cccc2,0.847714
2194278,COc1cc(CCNC(=S)Nc2ccccc2Cl)ccc1OC,0.847594
1200321,CC(c1ccc(c(c1)CN1CCN(CC1)c1ccccc1)O)(CC(C)(C)C)C,0.847153
10073782,COc1ccc(cc1)C(C(c1ccc(cc1)Cl)CN1CCOCC1)(CCC(C)C)O,0.847064
22718525,Cc1nc(Nc2ccc(cc2)NC(=O)c2ccccc2C(F)(F)F)nc(c1)N1CCCC1,0.847019
27183303,CCNc1nc(Nc2ccc(cc2)NS(=O)(=O)c2ccc(cc2)CC)nc(c1)C,0.846765
45804606,Cc1ccc(cc1)/C=C/1\Oc2c(C1=O)ccc(c2CN1CCCCC1)O,0.846725
17483030,CCN(c1cc(C)nc(n1)Nc1ccc(cc1)NC(=O)Nc1ccccc1)CC,0.846636
1414647,COc1ccc(c(c1)CN1CCN(CC1)Cc1ccc(cc1)C)O,0.846198
10053951,CCCCC(C(c1ccccc1)CN1CCCCC1)(c1ccc(cc1)OC)O,0.846114
2169503,Cc1cccc(c1)Nc1nc(NCc2ccco2)c2c(n1)cccc2,0.846010
27023040,CC[n+]1c(ccc2c1cccc2)/C=c\1/ccn(c2c1cccc2)C,0.845899
1878974,Cc1ccc(c(c1)Oc1c(=O)c2ccc(c(c2oc1C(F)(F)F)CN1CCN(CC1)Cc1ccccc1)O)C,0.845669
10073545,CCCCC(C(c1ccc(cc1)Cl)CN1CCOCC1)(c1ccc(cc1)Cl)O,0.845353
5452950,Fc1ccc2c(c1)sc(n2)NNC(=O)c1ccc(cc1)S(=O)(=O)N(C)C,0.845259
1997996,Cc1ccc2c(n1)c(O)c(cc2)C(c1ccccc1Cl)Nc1ccccn1,0.845196
16078816,CCS(=O)(=O)c1sc(c(n1)S(=O)(=O)c1ccc(cc1)C)N1CCC(CC1)O,0.844962
2127292,Brc1ccc(c(c1)CN1CCN(CC1)Cc1ccccc1C(F)(F)F)O,0.844879
1342753,COCCOC(=O)C1=C(C)NC2=C(C1c1ccc(cc1)F)C(=O)CC(C2)c1ccc(c(c1)OC)OC,0.844854
22718879,CCNc1cc(C)nc(n1)Nc1ccc(cc1)NS(=O)(=O)c1cc(OC)ccc1OC,0.844456
1414627,Brc1ccc(c(c1)CN1CCN(CC1)C1CC2CC1CC2)O,0.844156
8299586,COc1ccccc1N1CCN(CC1)Cc1cc(Cl)c2c(c1O)nccc2,0.844155
15932536,Cc1ccc2c(n1)c(O)c(cc2)C(c1ccccc1Br)Nc1ccccn1,0.844056
16165239,CC(CN1C(=O)c2ccccc2C(C1c1cccs1)C(=O)Nc1cccc(c1)C(F)(F)F)C,0.843890
1342541,COc1ccc(cc1OC)C1CC(=O)C2=C(C1)NC(=C(C2c1cccc(c1)Cl)C(=O)OC(C)C)C,0.843811
1373922,CCCC(=O)NC(c1cc(Cl)c2c(c1O)nccc2)c1ccc(cc1)N(CC)CC,0.843714
3000372,Cc1ccccc1Nc1nc(NCc2ccccc2)c2c(n1)cccc2,0.843641
16165861,Cc1cc(cc(c1)C)NC(=O)C1c2ccccc2C(=O)N(C1c1cccs1)C1CCCC1,0.843622
4581075,CCCCCn1c(=N)n(c2c1cccc2)CC(COc1ccccc1C)O,0.843499
22719023,Cc1nc(Nc2ccc(cc2)NS(=O)(=O)c2ccccc2Cl)nc(c1)Nc1ccc(cc1)C,0.843443
2597407,COc1ccc(cc1OC)C1CC(=O)C2=C(C1)NC(=O)CC2c1ccc(cc1)Br,0.843433
2990326,Clc1cccc(c1)Nc1nc(NCc2ccccc2)c2c(n1)cccc2,0.843345
1122061,O=C(Nc1cc(ccc1Cl)C(F)(F)F)Nc1cccc(c1)Cl,0.843048
22718279,Cc1nc(Nc2ccc(cc2)NC(=O)c2cc(C)cc(c2)C)nc(c1)Nc1ccc(cc1)C,0.842718
2071635,Clc1ccc(c(c1)CN1CCN(CC1)c1cccc(c1)C(F)(F)F)O,0.842547
2502496,Clc1ccc(cc1Cl)Nc1nc(N)c2c(n1)cccc2,0.842478
22718115,CCNc1nc(Nc2ccc(cc2)NC(=O)c2ccccc2I)nc(c1)C,0.842372
22719097,COc1ccc(cc1)Nc1cc(C)nc(n1)Nc1ccc(cc1)NS(=O)(=O)c1ccc(c(c1)C)OC,0.842194
33568796,CCCCCCCOC(=O)C[N+](CCOC1CC2C(C1(C)CC2)(C)C)(C)C,0.842041
9829533,CCOc1cccc(c1)C(=O)Nc1nonc1c1ccc(c(c1)OCC)OCC,0.841938
10073934,CCCCCC(C(c1ccc(cc1)Cl)CN1CCOCC1)(c1ccc(cc1)F)O,0.841665
10053959,CCCCCCC(C(c1ccccc1)CN1CCOCC1)(c1ccccc1)O,0.841616
1997569,Clc1ccc(cc1)C(c1ccc2c(c1O)nc(cc2)C)Nc1ccccn1,0.841538
16162165,CCN(CCNC(=O)c1ccc2c(c1)sc1n2cc(n1)c1ccc(cc1)F)CC,0.841485
16839469,OCCN1CCN(CC1)c1nc(Nc2ccc(cc2)F)c2c(n1)n(nc2)c1ccccc1,0.841431
27021986,C[n+]1ccc(c2c1cccc2)/C=c/1\ccn(c2c1cccc2)C,0.841421
1194998,COc1ccc2c(c1)c(Nc1ccc(c(c1)Cl)Cl)cc(n2)C,0.841406
798739,CCCC(=O)NC(C(F)(F)F)(C(=O)OCC)Nc1ccc(cc1)S(=O)(=O)Nc1noc(c1)C,0.841227
20311529,COc1ccc(cc1)/C=C/c1cc[n+](cc1)C,0.840678
1128324,CN1CCN(CC1)c1ccc(cc1Cl)Nc1ccnc2c1ccc(c2)Cl,0.840632
1129391,CCCOC(=O)C1=C(C)NC2=C(C1c1ccccc1Cl)C(=O)CC(C2)c1ccc(cc1)OC,0.840443
25827188,CCn1/c(=C/c2sc3c([n+]2C)cccc3)/ccc2c1c(C)ccc2,0.840349
32499439,CCNc1nc(Nc2ccc(cc2)NC(=O)Nc2cc(C)cc(c2)C)cc(n1)C,0.840250
16165355,CCc1ccc(cc1)NC(=O)C1c2ccccc2C(=O)N(C1c1cccs1)CC(C)C,0.840130
22718753,CCN(c1nc(Nc2ccc(cc2)NC(=O)c2ccccc2)nc(c1)C)CC,0.839950
2499066,COc1ccc(cc1Nc1nc(N)c2c(n1)cccc2)Cl,0.839944
1414619,COc1cc(OC)c(cc1CN1CCN(CC1)Cc1cc(Br)ccc1O)OC,0.839928
32498991,CCNc1nc(Nc2ccc(cc2)NC(=O)c2ccc(cc2)OC)cc(n1)C,0.839773
32499437,CCNc1nc(Nc2ccc(cc2)NC(=O)Nc2cc(C)ccc2C)cc(n1)C,0.839562
2229324,CCN(CCn1c(=N)n(c2c1cccc2)CC(COc1ccc(cc1Cl)Cl)O)CC,0.839330
655138,OC(Cn1c2ccc(cc2c2c1ccc(c2)Br)Br)CNCCC(C)C,0.839103
2990330,Clc1ccc(cc1)Nc1nc(NCc2ccccc2)c2c(n1)cccc2,0.838988
27022972,CCn1cc/c(=C/c2ccc3c([n+]2C)cccc3)/c2c1cc(C)cc2,0.838372
22718919,CCCCOc1ccc(cc1)S(=O)(=O)Nc1ccc(cc1)Nc1nc(C)cc(n1)Nc1ccccc1,0.838272
1855184,CCOc1ccc(cc1)Nc1c2ccccc2nc2c1cccc2,0.837987
1973876,OC(Cn1c2ccccc2c2c1cccc2)CNCc1ccccc1,0.837870
1342793,COC(=O)C1=C(C)NC2=C(C1c1cccc(c1)Cl)C(=O)CC(C2)c1ccc(c(c1)OC)OC,0.837842
31201775,Cc1cc(cc(c1)C)Nc1nc(NCC2CCCO2)c2c(n1)cccc2,0.837815
43346271,COc1ccccc1NC(=O)Nc1ccc(cc1)Nc1nc(C)cc(n1)N(C)C,0.837761
1237088,Cc1cc[n+](cc1)C(C(=O)c1ccc(cc1)c1ccccc1)C,0.837456
2912492,Oc1c(ccc2c1nccc2)C(c1ccccn1)Nc1ccc(cc1)[N+](=O)[O-],0.837043
27183069,COc1ccc(cc1OC)C(=O)Nc1ccc(cc1)Nc1nc(C)cc(n1)Nc1ccccc1,0.836532
32499779,Cc1ccc(cc1)Nc1nc(Nc2ccc(cc2)NS(=O)(=O)c2ccccc2Cl)cc(n1)C,0.836467
27183341,CCCCOc1ccc(cc1)S(=O)(=O)Nc1ccc(cc1)Nc1nc(C)cc(n1)N1CCCC1,0.836415
2635041,COc1ccc(cc1)C(C(c1ccccc1)CN1CCOCC1)(CCC(C)C)O,0.836153
22718971,COc1cc(c(cc1C)C)S(=O)(=O)Nc1ccc(cc1)Nc1nc(C)cc(n1)Nc1ccccc1,0.835870
6749595,COc1ccc2c(c1)c(Nc1cccc(c1)Cl)cc(n2)C,0.835719
22719385,CCN(c1nc(Nc2ccc(cc2)NS(=O)(=O)c2ccc(c(c2)OC)OC)nc(c1)C)CC,0.835633
17742508,CN(c1ccc(cc1)/C=C/C=C/c1sc2c([n+]1C)cccc2)C,0.835598
2543659,OC(c1ccccc1)CNCc1ccc(cc1)C(C)C,0.835593
24358841,CCCN1CCN(CC1)CCCNC(=S)Nc1ccc2c(c1)c(C)cc(n2)N1CCN(CC1)C,0.835450
2507241,Cc1ccc(cc1C)Nc1nc(N)c2c(n1)cccc2,0.835437
1342811,COc1cc(ccc1OC)C1CC2=C(C(=O)C1)C(C(=C(N2)C)C(=O)OC(C)C)c1ccccc1OC,0.835341
16165479,CCc1cccc(c1)NC(=O)C1c2ccccc2C(=O)N(C1c1cccs1)CC(C)C,0.835294
22718413,Cc1nc(Nc2ccc(cc2)NC(=O)c2ccc(cc2)F)nc(c1)N(C)C,0.835268
22718857,CCNc1cc(C)nc(n1)Nc1ccc(cc1)NS(=O)(=O)c1ccc(cc1)I,0.835242
2371865,Nc1ccc(cc1)c1[nH]c2c(n1)ccc(c2)c1ccc2c(c1)nc([nH]2)c1ccc(cc1)N,0.835212
27023076,CCn1cc/c(=C/c2ccc3c([n+]2C)cc(cc3)C)/c2c1cccc2,0.835132
15471094,CCCCC(C(c1ccccc1)CNCCCCO)(c1ccc(cc1)Br)O,0.835039
27183351,Cc1nc(Nc2ccc(cc2)NS(=O)(=O)c2cccc(c2)C)nc(c1)N1CCCC1,0.835026
2460977,Nc1ccc(cc1)c1[nH]c2c(n1)cc(cc2)Cc1ccc2c(c1)nc([nH]2)c1ccc(cc1)N,0.834864
45804616,CCOc1ccc(cc1)/C=C/1\Oc2c(C1=O)ccc(c2CN1CCCCC1)O,0.834840
16098750,COc1ccccc1N1CCN(CC1)Cc1cc(COC(C)C)c2c(c1O)nccc2,0.834666
7336322,CN(c1ccc(cc1)Nc1c2ccccc2nc2c1cccc2)C,0.834486
534023,CCN(Cc1cc(ccc1O)Nc1ccnc2c1ccc(c2)Cl)CC,0.834058
2007836,Clc1cc(c(c2c1cccn2)O)C(c1ccccc1[N+](=O)[O-])Nc1ccccn1,0.833927
24358667,CCN1CCN(CC1)c1cc(C)c2c(n1)ccc(c2)NC(=S)NCCCN1CCc2c(C1)cccc2,0.833892
16165483,CC(CN1C(=O)c2ccccc2C(C1c1cccs1)C(=O)Nc1ccc(cn1)C)C,0.833519
4375933,CC(=O)N(C1=C(N2CCCC2)C(=O)c2c(C1=O)cccc2)C1CCCCC1,0.833488
1354651,CCC(OC(=O)C1=C(C)NC2=C(C1c1ccccc1F)C(=O)CC(C2)c1ccc(c(c1)OC)OC)C,0.833367
14083632,Cc1ccc(c(c1)n1cc2c(c1c1ccc(cc1)C(C)(C)C)c(=O)n(c(=O)n2C)C)O,0.833037
2019236,CCC(=O)NC(c1ccc2c(c1O)nccc2)c1ccc(c(c1)OC)OC,0.832984
16165611,COC(=O)c1ccc(cc1)NC(=O)C1c2ccccc2C(=O)N(C1c1cccs1)CC(C)C,0.832788
2359639,OCCNC1=C(N(c2cccc(c2)Br)C(=O)C)C(=O)c2c(C1=O)cccc2,0.832672
32499337,CCNc1nc(Nc2ccc(cc2)NC(=O)Nc2cccc(c2C)C)cc(n1)C,0.832644
2007742,CCc1ccc(cc1)C(c1cc(Cl)c2c(c1O)nccc2)Nc1ccccn1,0.832374
27015453,CN(c1ccc(cc1)/C=C/c1ccc2c([n+]1C)c(C)ccc2)C,0.832337
1450444,COc1ccccc1C1CC(=O)C2=C(C1)NC(=C(C2c1ccc(cc1)Cl)C(=O)OC(C)C)C,0.832314
1259275,CCSc1ccc2c([n+]1CC)cccc2,0.832197
32499003,CCNc1nc(Nc2ccc(cc2)NC(=O)c2ccc(cc2)Cl)cc(n1)C,0.832164
18629744,CN(c1ccc(cc1)/C=C/c1ccc2c([n+]1C)cccc2)C,0.832100
17018086,OCCN1CCN(CC1)c1nc(Nc2cccc(c2)F)c2c(n1)n(nc2)c1ccccc1,0.831543
31498297,Cc1ccc(nc1)NC(c1cc(Cl)c2c(c1O)nccc2)c1ccccc1,0.831517
1454725,COc1cccc(c1)NC1=C(N2CCCCC2)C(=O)c2c(C1=O)cccc2,0.831489
2917011,Cc1ccc(cc1)n1c(C)cc(=Cc2sc3c([n+]2C)cccc3)cc1C,0.831488
22718571,Cc1nc(Nc2ccc(cc2)NC(=O)C(C)(C)C)nc(c1)N1CCCCC1,0.831318
608838,COc1cccc(c1)C(=O)NC(C(Cl)(Cl)Cl)NC(=S)Nc1ccccc1Cl,0.831296
25827172,CC[n+]1c(sc2c1cccc2)/C=c/1\ccc2c(n1C)c(C)ccc2,0.831262
1553610,COc1ccc(cc1OC)C1CC(=O)C2=C(C1)NC(=O)CC2c1ccc(cc1)O,0.831162
5674681,Fc1ccccc1CCN1COc2c(C1)cc1c(c2C)oc(=O)c(c1C)C,0.831158
32499811,CCNc1nc(Nc2ccc(cc2)NS(=O)(=O)c2cc(C)ccc2C)cc(n1)C,0.831056
32499353,CCNc1nc(Nc2ccc(cc2)NC(=O)Nc2ccc(cc2C)C)cc(n1)C,0.831051
27023305,COc1ccc2c(c1)[n+](C)c(s2)/C=c/1\ccc2c(n1C)cccc2,0.831021
43353871,CCNc1nc(Nc2ccc(cc2)NC(=O)Nc2cccc(c2)CC)cc(n1)C,0.830957
27183211,Cc1nc(Nc2ccc(cc2)NC(=O)c2cccc(c2)C(F)(F)F)nc(c1)N1CCCCC1,0.830734
43353365,CCNc1nc(Nc2ccc(cc2)NC(=O)c2ccc(cc2)C)cc(n1)C,0.830564
4788351,C[n+]1c2CC(C)(C)CCc2c2c(c1C)[nH]c1c2cccc1,0.830523
32499435,CCNc1nc(Nc2ccc(cc2)NC(=O)Nc2ccc(c(c2)C)C)cc(n1)C,0.830459
22718577,CCC(C(=O)Nc1ccc(cc1)Nc1nc(C)cc(n1)N1CCCCC1)CC,0.830236
32498999,CCNc1nc(Nc2ccc(cc2)NC(=O)c2ccccc2Cl)cc(n1)C,0.830019
25827190,Cc1ccc2c(c1)ccc([n+]2C)/C=C/c1ccc(cc1)N(C)C,0.829980
1997555,Cc1ccnc(c1)NC(c1ccc2c(c1O)nccc2)c1ccc(cc1)[N+](=O)[O-],0.829946
16078824,CCS(=O)(=O)c1sc(c(n1)S(=O)(=O)c1ccc(cc1)C)N1CC(C)OC(C1)C,0.829541
2323281,CCN(c1ccc(cc1)CNCC(c1ccccc1)O)CC,0.829536
3733202,Fc1ccc(cc1)C1C2=C(CC(CC2=O)c2ccc(cc2)Cl)NC(=C1C(=O)OC(C)C)C,0.829437
16837333,O=C(Nc1ccc(cc1)Cl)Nc1ccc(cc1)Nc1nc(C)cc(n1)Nc1ccc(cc1)C,0.829429
2394799,Cc1ccnc(c1)NC(c1ccc2c(c1O)nccc2)c1cccc(c1)OCc1ccccc1,0.829355
636795,CC/C(=C/c1sc2c([n+]1CC)cc(cc2)OC)/SC,0.829351
2369470,CC/C(=C\c1sc2c([n+]1CC)cc(cc2)OC)/SC,0.829351
1553390,CSc1ccc(cc1)C1CC(=O)NC2=C1C(=O)CC(C2)c1ccc(c(c1)OC)OC,0.829332
32498977,CCNc1nc(Nc2ccc(cc2)NC(=O)c2ccccc2C)cc(n1)C,0.829113
2072366,Oc1ccccc1CN1CCN(CC1)c1cccc(c1C)C,0.829061
20641218,COc1ccc2c(c1)ccc(c2)C(=O)C1CCCN(C1)C1CCN(CC1)C(C)C,0.828911
32499573,O=C(Nc1cccc(c1)F)Nc1ccc(cc1)Nc1cc(C)nc(n1)Nc1ccc(cc1)C,0.828909
22719241,Cc1nc(Nc2ccc(cc2)NS(=O)(=O)c2ccc(cc2)C)nc(c1)N1CCCCC1,0.828694
11063314,COCc1cc(CN2CCN(CC2)c2ccccc2OC)c(c2c1cccn2)O,0.828629
1342727,CCOC(=O)C1=C(C)NC2=C(C1c1ccc(cc1)[N+](=O)[O-])C(=O)CC(C2)c1ccc(c(c1)OC)OC,0.828499
1354331,CCCCOC(=O)C1=C(C)NC2=C(C1c1ccccc1F)C(=O)CC(C2)c1ccc(c(c1)OC)OC,0.828369
2353436,COc1ccc(c(c1)O)CN1CCN(CC1)c1cccc(c1)Cl,0.828349
2597457,COc1ccc(cc1OC)C1CC(=O)C2=C(C1)NC(=O)CC2c1ccc(cc1)Cl,0.828265
16013387,CCCCN(CCNC(=O)c1cc2c(s1)n(nc2c1ccccc1F)C)CC,0.828104
15313946,OC(Cn1c2ccccc2c(c1C)C)CNC1CCCCC1C,0.827978
22718177,Cc1cc(Nc2ccccc2)nc(n1)Nc1ccc(cc1)NC(=O)c1ccccc1Cl,0.827967
4586969,Clc1ccc(cc1)CN1COc2c(C1)cc(cc2)C(C)(C)C,0.827904
32499559,O=C(Nc1cccc(c1)Cl)Nc1ccc(cc1)Nc1cc(C)nc(n1)Nc1ccc(cc1)C,0.827830
16165465,CCOc1ccccc1CNC(=O)C1C(c2cccs2)N(CC(C)C)C(=O)c2c1cccc2,0.827820
16837335,Cc1nc(Nc2ccc(cc2)NC(=O)Nc2cccc(c2)Cl)nc(c1)Nc1ccc(cc1)C,0.827771
2566721,O=C1NC2=C(C(C1)c1ccc(cc1)O)C(=O)CC(C2)c1ccccc1Cl,0.827312
25828240,COc1ccc2c(c1)ccc([n+]2CC)/C=c/1\sc2c(n1CC)cc(cc2)NC(=O)C,0.827222
16165503,CC(CN1C(=O)c2ccccc2C(C1c1cccs1)C(=O)Nc1ccc(cn1)Cl)C,0.827155
22718157,Cc1nc(Nc2ccc(cc2)NC(=O)C2CCCCC2)nc(c1)Nc1ccccc1,0.827147
16078888,CCS(=O)(=O)c1sc(c(n1)S(=O)(=O)c1ccc(cc1)C)NC(c1ccccc1)C,0.827144
16078834,CNc1sc(nc1S(=O)(=O)c1ccc(cc1)C)S(=O)(=O)CC,0.826806
22719161,Cc1nc(Nc2ccc(cc2)NS(=O)(=O)c2cccc(c2)Cl)nc(c1)N(C)C,0.826319
45804620,COc1ccc(cc1)/C=C/1\Oc2c(C1=O)ccc(c2CN1CCCCC1)O,0.825754
494299,C[n+]1ccccc1/C=C/c1ccc(cc1)N(C)C,0.825715
27183305,CCNc1nc(Nc2ccc(cc2)NS(=O)(=O)c2cc(C)ccc2OC)nc(c1)C,0.825713
22718955,Cc1nc(Nc2ccc(cc2)NS(=O)(=O)c2cccc(c2)F)nc(c1)Nc1ccccc1,0.825687
16078872,CCS(=O)(=O)c1sc(c(n1)S(=O)(=O)c1ccc(cc1)C)NCC1CCCO1,0.825667
9829543,CCCCOc1cccc(c1)C(=O)Nc1nonc1c1ccc(c(c1)OCC)OCC,0.825542
16837341,COc1cccc(c1)NC(=O)Nc1ccc(cc1)Nc1nc(C)cc(n1)Nc1ccc(cc1)C,0.825404
2235865,OC(Cn1c(=N)n(c2c1cccc2)CCN1CCCCC1)COc1ccccc1C,0.825146
10053962,CCCCCCCC(C(c1ccccc1)CN1CCOCC1)(c1ccccc1)O,0.825125
14083634,Clc1ccc(c(c1)n1cc2c(c1c1ccc(cc1)C(C)(C)C)c(=O)n(c(=O)n2C)C)O,0.825018
27183081,COc1ccc(cc1OC)C(=O)Nc1ccc(cc1)Nc1nc(C)cc(n1)Nc1ccc(cc1)C,0.824978
6784729,O=C1C(=C(N2CCCCC2)C(=O)c2c1cccc2)Nc1cccc(c1)C(F)(F)F,0.824822
22718421,Cc1nc(Nc2ccc(cc2)NC(=O)c2ccccc2Br)nc(c1)N(C)C,0.824722
22718605,Cc1nc(Nc2ccc(cc2)NC(=O)c2ccccc2Br)nc(c1)N1CCCCC1,0.824595
2904421,CCCCn1c(C)cc(=Cc2sc3c([n+]2C)cccc3)cc1C,0.824580
26279816,CC[n+]1c(/C=C/N2CCCc3c2cccc3)sc2c1cccc2,0.824548
630549,CC[n+]1c(/C=C/c2ccc(cc2)N(C)C)sc2c1cccc2,0.824535
25790832,CC[n+]1c(/C=C/c2ccc(cc2)N(C)C)sc2c1ccc(c2)NC(=O)C,0.824422
8637478,Cc1ccc(cc1)Nc1c(nc2n1ccc(c2)C)c1ccccn1,0.823981
1414609,COc1c(cccc1OC)CN1CCN(CC1)Cc1cc(Br)ccc1O,0.823912
1333253,OC(c1ccc(c(c1)Cl)Cl)Cn1c(=N)n(c2c1cccc2)C,0.823753
16839669,CN1CCN(CC1)c1nc(Nc2ccc(cc2)SC(F)F)c2c(n1)n(nc2)c1ccccc1,0.823729
27023219,CCn1cccc/c/1=C\c1[n+](C)c2ccc(cc2c2c1cccc2)C,0.823694
2628719,CCN1CCN(CC1)c1sc(nc1S(=O)(=O)c1ccc(cc1)Cl)S(=O)(=O)C,0.823617
3739619,O=C1NC2=C(C(C1)c1ccc(cc1)C(F)(F)F)C(=O)CC(C2)c1ccccc1Cl,0.823354
27023237,CCn1cccc/c/1=C\c1[n+](C)c2cc(C)ccc2c2c1cccc2,0.823277
4373777,CCCCCCCCCCn1ccc(=N)cc1,0.823275
28308815,CCn1/c(=C/c2ccc3c([n+]2C)ccc(c3)C)/sc(c1C)C,0.823213
2579279,CC(c1ccc2c(c1)CN(CO2)Cc1ccccc1)(C)C,0.822879
31498295,Cc1cccc(n1)NC(c1cc(Cl)c2c(c1O)nccc2)c1ccccc1,0.822859
32498983,CCNc1nc(Nc2ccc(cc2)NC(=O)c2ccc(c(c2)C)C)cc(n1)C,0.822783
22718417,Cc1nc(Nc2ccc(cc2)NC(=O)c2cccc(c2)Cl)nc(c1)N(C)C,0.822716
22718193,O=C(Nc1ccc(cc1)Nc1nc(C)cc(n1)Nc1ccccc1)CCc1ccccc1,0.822500
32499821,CCNc1nc(Nc2ccc(cc2)NS(=O)(=O)c2cc(OC)c(cc2C)C)cc(n1)C,0.822265
27183091,COc1ccc(cc1)Nc1cc(C)nc(n1)Nc1ccc(cc1)NC(=O)C,0.822244
2253905,CC(=O)NC(c1ccc2c(c1O)nccc2)c1ccc(cc1)C,0.822136
32499817,CCNc1nc(Nc2ccc(cc2)NS(=O)(=O)c2cc(C)c(cc2C)C)cc(n1)C,0.822046
16078376,Clc1cccc(c1)Cn1cnc2c(c1=O)cnn2C(C)(C)C,0.821871
43346535,CCNc1nc(Nc2ccc(cc2)NC(=O)Nc2ccc(cc2)CC)cc(n1)C,0.821710
1221702,COc1ccc(cc1)Nc1c2ccccc2nc2c1cccc2,0.821526
4657332,CN(CCCNc1c2ccccc2nc2c1cccc2)C,0.821485
5464285,Brc1ccc(cc1)C(=O)C[n+]1ccc(cc1)N(C)C,0.821354
16839453,CCN(CCNc1nc(Nc2ccc(cc2)F)c2c(n1)n(nc2)c1ccccc1)CC,0.821164
27183355,Cc1nc(Nc2ccc(cc2)NS(=O)(=O)c2cccc(c2)Cl)nc(c1)N1CCCC1,0.821058
15930807,COC(=O)c1ccc(cc1)Nc1nc(NCc2ccco2)c2c(n1)cccc2,0.820943
10821072,CCOC(=O)C(C(F)(F)F)(Nc1ccc(cc1)S(=O)(=O)Nc1noc(c1)C)NC(=O)C,0.820882
1062379,Fc1ccc(cc1)c1n(C)c2c([n+]1C)cccc2,0.820742
24358779,CCCN(CCC)CCCNC(=S)Nc1ccc2c(c1)c(C)cc(n2)N1CCN(CC1)C,0.820738
5464283,Clc1ccc(cc1)C(=O)C[n+]1ccc(cc1)N(C)C,0.820570
2214281,C=CCOc1cccc(c1)C(c1ccc2c(c1O)nccc2)Nc1nccc(c1)C,0.820388
16084522,CCN(CCNC(=O)c1ccc(cc1)Cn1c(SCc2ccccc2C)nc2c1cncc2)CC,0.820364
27022968,CC[n+]1c(ccc2c1cccc2)/C=c\1/ccn(c2c1ccc(c2)C)C,0.820327
2051801,Cc1ccc(cc1)NC1=C(N2CCCCC2)C(=O)c2c(C1=O)cccc2,0.820018
22718359,CCCCOc1ccc(cc1)C(=O)Nc1ccc(cc1)Nc1nc(C)cc(n1)Nc1ccc(cc1)OC,0.819979
2203977,CCS(=O)(=O)c1sc(c(n1)S(=O)(=O)c1ccc(cc1)C)NCc1ccco1,0.819923
11061996,CCCN1CCN(CC1)CCCNC(=O)c1cc2c(s1)n(nc2c1ccc(c(c1)OC)OC)C,0.819871
2149455,O=C(NC(c1cc(Cl)c2c(c1O)nccc2)c1ccc(cc1)Cl)COc1ccccc1,0.819846
2337501,CCOC(=O)c1ccc(cc1)NC1=C(N2CCCCC2)C(=O)c2c(C1=O)cccc2,0.819671
32498987,CCNc1nc(Nc2ccc(cc2)NC(=O)c2ccccc2OC)cc(n1)C,0.819663
2918288,Cc1cccc(c1)n1c(C)cc(=Cc2sc3c([n+]2C)cccc3)cc1C,0.819660
27183233,Cc1nc(Nc2ccc(cc2)NC(=O)c2ccc(cc2)C(C)(C)C)nc(c1)N1CCOCC1,0.819598
22718349,COc1ccc(cc1)Nc1nc(Nc2ccc(cc2)NC(=O)CCc2ccccc2)nc(c1)C,0.819552
17483014,Cc1nc(Nc2ccc(cc2)NC(=O)Nc2ccccc2)nc(c1)Nc1ccc(cc1)C,0.819427
4422530,CCCCCCn1c2CCCc2c(=N)c2c1CCC2,0.819358
1422733,OC(C[n+]1cccc2c1c(O)ccc2)Cn1c2ccccc2c2c1cccc2,0.819270
2007838,Oc1c(ccc2c1nccc2)C(c1cccc(c1)OC1CCCC1)Nc1ccccn1,0.819251
15471098,CCCCCCC(C(c1ccccc1)CNCCCCO)(c1ccc(cc1)Br)O,0.819185
32499557,O=C(Nc1ccccc1)Nc1ccc(cc1)Nc1cc(C)nc(n1)Nc1ccc(cc1)C,0.819126
2001951,COc1cccc(c1)Nc1nc(NCC2CCCO2)c2c(n1)cccc2,0.818807
27183363,Cc1nc(Nc2ccc(cc2)NS(=O)(=O)c2ccccc2)nc(c1)N1CCCCC1,0.818737
22718847,CCNc1nc(Nc2ccc(cc2)NS(=O)(=O)c2ccc(cc2)OCC)nc(c1)C,0.818682
16078924,CCS(=O)(=O)c1sc(c(n1)S(=O)(=O)c1ccc(cc1)Cl)N1CCC(CC1)C,0.818617
22719001,CCc1ccc(cc1)S(=O)(=O)Nc1ccc(cc1)Nc1nc(C)cc(n1)Nc1ccc(cc1)C,0.818598
27658910,OCCNc1nc(Nc2cccc(c2)Cl)nc2c1cccc2,0.818372
1336830,CCOc1cc(ccc1O)C1C2=C(CC(CC2=O)c2ccc(cc2)Cl)NC(=C1C(=O)OC)C,0.818083
16165759,Cc1ccc(c(c1)Cl)NC(=O)C1c2ccccc2C(=O)N(C1c1cccs1)C1CCCC1,0.817702
16078720,OCCN1CCN(CC1)c1sc(nc1S(=O)(=O)c1ccc(cc1)Cl)S(=O)(=O)C,0.817532
25827168,CCn1/c(=C/c2sc3c([n+]2CC)cccc3)/ccc2c1cc(C)cc2,0.817518
206846010,CC[n+]1c(/C=C/c2ccc(cc2)N(C)C)ccc2c1cccc2,0.817509
22718907,Cc1nc(Nc2ccc(cc2)NS(=O)(=O)c2ccccc2)nc(c1)Nc1ccccc1,0.817485
32499829,CCNc1nc(Nc2ccc(cc2)NS(=O)(=O)c2ccc(c(c2C)C)OC)cc(n1)C,0.817404
37121195,CCC1=Nc2cc(ccc2Sc2c1cc(Br)cc2)C(=O)NCc1ccco1,0.817337
2369970,CCCOC(=O)C1=C(C)NC2=C(C1c1ccccc1F)C(=O)CC(C2)c1ccc(cc1)OC,0.817111
1458913,CN1CCN(CC1)c1nc(Nc2ccc(cc2)O)nc2c1cccc2,0.816845
1553398,COc1ccc(cc1OC)C1CC(=O)NC2=C1C(=O)CC(C2)c1ccc(cc1)F,0.816809
2438522,COC(=O)c1ccc(cc1)Nc1nc(NCc2ccccc2)c2c(n1)cccc2,0.816711
22718763,CCN(c1nc(Nc2ccc(cc2)NC(=O)c2ccccc2OC)nc(c1)C)CC,0.816703
25860184,C[n+]1ccccc1/C=C/c1ccc(cc1)[N+](=O)[O-],0.816565
17415901,Fc1ccc(cc1)NC1=C(N2CCCC2)C(=O)c2c(C1=O)cccc2,0.816524
45804608,Fc1ccc(cc1)/C=C/1\Oc2c(C1=O)ccc(c2CN1CCCCC1)O,0.816498
42810178,Cc1cccc(c1)N1C(=NC(=NC1(C)C)N)N,0.816294
1943861,C[n+]1ccc(cc1)/C=C/c1ccc2c(c1)OCO2,0.816286
1866605,CCOc1ccc2c(c1)c(Nc1cccc(c1)OC)cc(n2)C,0.816205
2252371,COc1ccc(c(c1)O)CN1CCN(CC1)Cc1ccccc1,0.816095
27183113,CCOc1ccc(cc1)C(=O)Nc1ccc(cc1)Nc1nc(C)cc(n1)N(C)C,0.815977
2597649,COc1ccc(cc1)C1CC(=O)C2=C(C1)NC(=O)CC2c1ccc(cc1)O,0.815976
16078804,CCS(=O)(=O)c1sc(c(n1)S(=O)(=O)c1ccc(cc1)C)N(Cc1ccccc1)C,0.815754
25838282,CC[n+]1c(/C=C/C=C/N(c2ccccc2)C)sc2c1cccc2,0.815448
27038972,CCOc1ccccc1/C=C/C(=O)Nc1ccc2c(c1)c(C)cc(n2)N1CCN(CC1)C,0.815298
1553450,COc1cc(ccc1OC)C1CC2=C(C(=O)C1)C(CC(=O)N2)c1ccc(cc1)C(F)(F)F,0.814700
20529898,CCOC(=O)C1(CCN(CC1)Cc1ccccc1O)Cc1cccc(c1)C(F)(F)F,0.814487
5674703,CCc1c(=O)oc2c(c1C)cc1c(c2C)OCN(C1)CCc1ccccc1OC,0.814318
32499417,O=C(Nc1ccccc1C)Nc1ccc(cc1)Nc1cc(C)nc(n1)Nc1ccc(cc1)C,0.814278
1342443,COc1ccc(cc1OC)C1CC(=O)C2=C(C1)NC(=C(C2c1ccc(cc1)F)C(=O)OC(C)C)C,0.814263
1344239,CCC1(C)OCCC(C1)(CCNCc1ccc(cc1)F)c1ccc(cc1)C,0.814233
1540804,Fc1cccc(c1)C(c1ccc2c(c1O)nccc2)Nc1nccc(c1)C,0.814226
2370126,COC(=O)C1=C(C)NC2=C(C1c1ccc(cc1)F)C(=O)CC(C2)c1ccc(cc1)Cl,0.813957
32499339,CCNc1nc(Nc2ccc(cc2)NC(=O)Nc2ccc(c(c2)Cl)C)cc(n1)C,0.813739
17018106,CCN(CCNc1nc(Nc2ccccc2)c2c(n1)n(nc2)c1ccccc1)CC,0.813609
5938323,Cc1ccnc(c1)NC(c1ccc2c(c1O)nccc2)c1ccccc1,0.813427
32499415,O=C(Nc1ccc(cc1)C)Nc1ccc(cc1)Nc1cc(C)nc(n1)Nc1ccc(cc1)C,0.813416
4625845,CCOc1ccc2c(c1)CN(CO2)Cc1ccc(cc1)Cl,0.813364
16078370,Brc1ccc(cc1)Cn1cnc2c(c1=O)cnn2C(C)(C)C,0.812858
3739535,O=C1NC2=C(C(C1)c1ccc(cc1)C(F)(F)F)C(=O)CC(C2)c1ccc(cc1)F,0.812640
16078822,CCS(=O)(=O)c1sc(c(n1)S(=O)(=O)c1ccc(cc1)C)N1CCOCC1,0.812499
16036137,CCc1ccc(cc1)Nc1cc(C)c2c(n1)cc(cc2)O,0.812246
27183177,Cc1nc(Nc2ccc(cc2)NC(=O)c2ccccc2)nc(c1)N1CCCCC1,0.812195
43351015,CCNc1nc(Nc2ccc(cc2)NC(=O)Nc2ccc(cc2)OC)cc(n1)C,0.812135
3888927,CCOc1cc2c(cc1OCC)CCNC2c1cc(C)c(c(c1)C)O,0.812133
27022962,CC[n+]1c(ccc2c1ccc(c2)C)/C=c\1/ccc2c(n1C)cccc2,0.811886
1553550,COc1ccc(cc1)C1CC2=C(C(=O)C1)C(CC(=O)N2)c1ccc(c(c1)OC)OC,0.811593
16165109,COCCN1C(=O)c2ccccc2C(C1c1cccs1)C(=O)Nc1cccc(c1)CC,0.811480
617927,C[n+]1ccccc1/C=C/C=C/c1ccc(cc1)N(C)C,0.811363
16078778,Clc1ccc(cc1)S(=O)(=O)c1nc(sc1NC(c1ccccc1)C)S(=O)(=O)C,0.811150
46202799,CC[n+]1c(/C=c/2\ccc3c(n2CC)cccc3)sc2c1cc(C)cc2,0.811123
5463738,COc1ccc(c(c1)NC(=O)CSc1snc(n1)c1ccccc1Cl)OC,0.810883
27183235,COc1ccccc1C(=O)Nc1ccc(cc1)Nc1nc(C)cc(n1)N1CCOCC1,0.810854
32498993,CCNc1nc(Nc2ccc(cc2)NC(=O)c2ccccc2F)cc(n1)C,0.810852
1874766,CN1CCN(CC1)Cc1c(O)ccc2c1oc(c(c2=O)Oc1ccc(cc1)C)C(F)(F)F,0.810771
26385780,Cc1cccc([n+]1C)/C=C/c1cn(c2c1cccc2)C,0.810743
44453863,CCNc1nc(Nc2ccc(cc2)NC(=O)Nc2cccc(c2)OC)cc(n1)C,0.810715
31202568,c1ccc(cc1)CCNc1nc(Nc2ccccc2)nc2c1cccc2,0.810699
16165437,COc1ccc(cc1)CNC(=O)C1c2ccccc2C(=O)N(C1c1cccs1)CC(C)C,0.810666
1427431,CCOC(=O)c1cnc2c(c1NCCCN1CCOCC1)cc(cc2)OC,0.810538
2097070,CCCOC(=O)C1=C(C)NC2=C(C1c1cccc(c1)O)C(=O)CC(C2)c1ccc(cc1)Cl,0.810466
2597735,CSc1ccc(cc1)C1CC(=O)NC2=C1C(=O)CC(C2)c1ccccc1Cl,0.810463
1064562,CN(c1ccc(cc1)/C=C/c1cc[n+](c2c1cccc2)C)C,0.810264
22718941,CCOc1c(C)cc(cc1C)S(=O)(=O)Nc1ccc(cc1)Nc1nc(C)cc(n1)Nc1ccccc1,0.809972
24358653,CCN1CCN(CC1)c1cc(C)c2c(n1)ccc(c2)NC(=S)N1CCC(CC1)N1CCCCC1,0.809755
22718131,CCNc1nc(Nc2ccc(cc2)NC(=O)CCCc2ccccc2)nc(c1)C,0.809661
24358657,CCN1CCN(CC1)c1cc(C)c2c(n1)ccc(c2)NC(=S)NC1CCN(CC1)Cc1ccccc1,0.809650
16078920,CCS(=O)(=O)c1sc(c(n1)S(=O)(=O)c1ccc(cc1)Cl)N1CCCCC1,0.809614
6764901,CCOC(=O)c1c2cc(O)c(cc2n(c1CNCCN(CC)CC)C)Br,0.809492
27658893,Fc1cccc(c1)Nc1nc(NCc2ccco2)c2c(n1)cccc2,0.809460
16078812,CCS(=O)(=O)c1sc(c(n1)S(=O)(=O)c1ccc(cc1)C)N1CCCC(C1)C,0.809436
16165559,CC(CN1C(=O)c2ccccc2C(C1c1cccs1)C(=O)Nc1cc(F)ccc1F)C,0.809433
1337304,CCCOC(=O)C1=C(C)NC2=C(C1c1cc(Cl)c(c(c1)OC)O)C(=O)CC(C2)c1ccccc1,0.809430
2139249,Fc1ccc(cc1)NC1=C(N2CCCCC2)C(=O)c2c(C1=O)cccc2,0.809271
22719063,COc1ccc(cc1)Nc1nc(Nc2ccc(cc2)NS(=O)(=O)c2cc(C)c(cc2C)C)nc(c1)C,0.809106
17416183,CC(=O)N(C1=C(N(C)C)C(=O)c2c(C1=O)cccc2)c1ccc(cc1)C(=O)O,0.809084
16839463,CN1CCN(CC1)c1nc(Nc2ccc(cc2)F)c2c(n1)n(nc2)c1ccccc1,0.808914
659607,CC[n+]1c(ccc2c1cccc2)/C=c/1\ccc2c(n1CC)cccc2,0.808906
31498293,Clc1ccc(nc1)NC(c1ccc2c(c1O)nccc2)c1ccccc1,0.808555
2904083,C[n+]1c(C=c2cc(C)n(c(c2)C)N(C)C)sc2c1cccc2,0.808193
2596961,COc1ccc2c(c1)CN(CO2)Cc1ccc(cc1)Cl,0.808114
27002387,CC[n+]1c(/C=C/c2ccc(cc2)N(C)C)sc2c1ccc(c2)C,0.808075
2169860,COc1cc(CCNC(=S)Nc2cc(Cl)ccc2Cl)ccc1OC,0.808041
1106174,CC(=O)NC1=C(Cl)C(=O)c2c(C1=O)cccc2,0.807929
1354411,COc1ccc(cc1OC)C1CC(=O)C2=C(C1)NC(=C(C2c1ccccc1F)C(=O)OCC(C)C)C,0.807772
1876024,CN1CCN(CC1)Cc1c(O)ccc2c1oc(c(c2=O)Oc1ccccc1Cl)C(F)(F)F,0.807506
43343751,CCNc1nc(Nc2ccc(cc2)NC(=O)Nc2ccccc2CC)cc(n1)C,0.807467
638877,CC(CC(=O)NC(C(Cl)(Cl)Cl)NC(=S)Nc1cccc(c1)Cl)C,0.807465
16837337,Cc1nc(Nc2ccc(cc2)NC(=O)Nc2cccc(c2)C)nc(c1)Nc1ccc(cc1)C,0.807359
1373953,COc1ccc(cc1)C1CC2=C(C(=O)C1)C(C(=C(N2)C)C(=O)OCC(C)C)c1ccc(cc1)F,0.806873
22718201,CCCCOc1ccc(cc1)C(=O)Nc1ccc(cc1)Nc1nc(C)cc(n1)Nc1ccccc1,0.806863
2179527,CCOC(=O)c1ccc2c(c1)c(Nc1ccc(cc1)N(C)C)cc(n2)C,0.806639
31201773,Cc1ccc(cc1C)Nc1nc(NCC2CCCO2)c2c(n1)cccc2,0.806534
32499419,Cc1cc(Nc2ccc(cc2)NC(=O)Nc2cccc(c2)C)nc(n1)Nc1ccc(cc1)C,0.806381
32499349,CCNc1nc(Nc2ccc(cc2)NC(=O)Nc2ccc(cc2)F)cc(n1)C,0.806039
32501529,Cc1ccc(cc1)Nc1nc(Nc2ccc(cc2)NS(=O)(=O)c2cc(F)ccc2F)cc(n1)C,0.806033
17416570,CCOc1ccc(cc1)N(C1=C(N2CCCC2)C(=O)c2c(C1=O)cccc2)C(=O)C,0.806007
1874768,Cc1ccc(cc1)Oc1c(=O)c2ccc(c(c2oc1C(F)(F)F)CN1CCCCC1C)O,0.805835
16078832,CCS(=O)(=O)c1sc(c(n1)S(=O)(=O)c1ccc(cc1)C)N1CCc2c(C1)cccc2,0.805816
32499281,Cc1ccc(cc1)Nc1nc(Nc2ccc(cc2)NC(=O)c2c(F)cccc2F)cc(n1)C,0.805801
27058152,CN(C1CCCCC1)CCNC(=O)c1ccc2c(c1)n(Cc1cccc(c1)C)c(=O)/c(=C\c1ccccc1)/s2,0.805711
4461895,Brc1ccc(cc1)NC1=C(C(=O)c2c(C1=O)cccc2)n1nnc2c1cccc2,0.805631
2075615,CC(NC1=C(Cl)C(=O)c2c(C1=O)cccc2)C,0.805626
16078842,CCS(=O)(=O)c1sc(c(n1)S(=O)(=O)c1ccc(cc1)C)NCC(C)C,0.805616
2165511,Cc1ccccc1C(c1ccc2c(c1O)nccc2)Nc1ccccn1,0.805606
32499899,COc1ccc(cc1S(=O)(=O)Nc1ccc(cc1)Nc1cc(C)nc(n1)Nc1ccc(cc1)C)C,0.805478
5498706,ClCC(=O)NC(c1ccc(c(c1)OC)OCC(C)C)NC(=O)CCl,0.805462
5938309,Cc1cccc(n1)NC(c1ccc2c(c1O)nccc2)c1ccccc1,0.805420
22718985,CCCCOc1ccc(cc1)S(=O)(=O)Nc1ccc(cc1)Nc1nc(C)cc(n1)Nc1ccc(cc1)C,0.805011
4407942,CCCn1c(=N)n(c2c1cccc2)CC(c1ccc(c(c1)Cl)Cl)O,0.804984
2388701,CCOc1ccc(cc1)CN1CCN(CC1)Cc1cc(Br)ccc1O,0.804958
17018276,CN1CCN(CC1)c1nc(Nc2cccc(c2)Cl)c2c(n1)n(nc2)c1ccccc1,0.804931
17418411,CC(=O)N(C1=C(N2CCCCC2)C(=O)c2c(C1=O)cccc2)C1CCCC1,0.804812
2410811,c1ccc(cc1)CNc1nc(Nc2ccccc2)nc2c1cccc2,0.804698
27183103,COc1ccc(cc1)Nc1nc(Nc2ccc(cc2)NC(=O)c2c(F)cccc2Cl)nc(c1)C,0.804653
5487959,CCOC(=O)c1ccc(cc1)NC1=C(C(=O)c2c(C1=O)cccc2)n1nnc2c1cccc2,0.804615
2334411,CC[n+]1cccc(c1)c1nc2c(s1)cccc2,0.804499
32501527,Cc1ccc(cc1)Nc1nc(Nc2ccc(cc2)NS(=O)(=O)c2cc(F)ccc2C)cc(n1)C,0.804352
4726867,COc1ccc(cc1OC)c1nonc1NC(=O)c1ccc(cc1)C(C)(C)C,0.804262
6115172,COc1ccc(c(c1)CN1CCN(CC1)Cc1ccc2c(c1)c1ccccc1n2CC)O,0.804211
16164937,COCCN1C(=O)c2ccccc2C(C1c1cccs1)C(=O)Nc1ccc(c(c1)Cl)OC,0.804115
22719011,COc1ccc(cc1S(=O)(=O)Nc1ccc(cc1)Nc1nc(C)cc(n1)Nc1ccc(cc1)C)C,0.804002
22718267,O=C(Nc1ccc(cc1)Nc1nc(C)cc(n1)Nc1ccc(cc1)C)CCc1ccccc1,0.803944
24358685,CCN1CCN(CC1)c1cc(C)c2c(n1)ccc(c2)NC(=S)NCc1cc(OC)ccc1OC,0.803820
4370370,[O-][N+](=O)c1ccccc1c1n(C)c2c([n+]1C)cccc2,0.803626
1414645,COc1ccc(c(c1)CN1CCN(CC1)Cc1cccc(c1)C)O,0.803422
2080982,Brc1ccc(cc1)N(C1=C(N(C)C)C(=O)c2c(C1=O)cccc2)C(=O)C,0.803396
9862535,COc1ccc(cc1)C(=O)Nc1nonc1c1ccc(c(c1)OC)OC,0.803149
2395045,COc1ccc(cc1)C(=O)NC(c1cc(Cl)c2c(c1O)nccc2)c1ccc(cc1)Cl,0.802953
9826227,CCOc1cc(ccc1OCC)c1nonc1NC(=O)c1cccc(c1)C,0.802874
5437105,CCOC(=O)c1ccc(cc1)OCC1N(CCc2c1cc(OC)c(c2)OC)C(=O)Nc1ccccc1,0.802872
22735137,O=C(N(c1sc2c(n1)c(Cl)ccc2)Cc1cccnc1)C1CCCCC1,0.802843
27183085,Cc1nc(Nc2ccc(cc2)NC(=O)c2cccc(c2)C(F)(F)F)nc(c1)Nc1ccc(cc1)C,0.802814
16084332,CCN(CCNC(=O)c1ccc(cc1)Cn1c(SCc2cccc(c2)C)nc2c1cncc2)CC,0.802682
17447585,COCCN1C(=O)c2ccccc2C(C1c1cccs1)C(=O)Nc1cccc(c1)C#N,0.802612
2401501,Cc1ccccc1NC1=C(N2CCCCC2)C(=O)c2c(C1=O)cccc2,0.802553
20500106,CCOC(=O)C1(CCN(CC1)Cc1ccccc1O)Cc1ccc(cc1)Cl,0.802487
32498985,CCNc1nc(Nc2ccc(cc2)NC(=O)c2ccc(cc2)C(C)(C)C)cc(n1)C,0.802377
22719381,CCOc1ccc(cc1)S(=O)(=O)Nc1ccc(cc1)Nc1nc(C)cc(n1)N(CC)CC,0.802368
22719039,COc1cc(C)c(cc1C)S(=O)(=O)Nc1ccc(cc1)Nc1nc(C)cc(n1)Nc1ccc(cc1)C,0.802214
22718277,CCCCOc1ccc(cc1)C(=O)Nc1ccc(cc1)Nc1nc(C)cc(n1)Nc1ccc(cc1)C,0.802190
1092383,Clc1ccccc1C(c1ccc2c(c1O)nccc2)N1CCOCC1,0.801966
20426660,CCOC(=O)C1(CCN(CC1)Cc1ccccc1O)Cc1cccc(c1)F,0.801573
2072630,CCOc1ccccc1N1CCN(CC1)Cc1cc(Br)cc(c1O)Br,0.801494
1325907,CCCCC(=O)NC(c1ccc2c(c1O)nccc2)c1ccccc1,0.801389
10054019,CCCCCCC(C(c1ccccc1)CN1CCOCC1)(c1ccc(cc1)CC)O,0.801186
9829833,CCOc1cc(ccc1OCC)c1nonc1NC(=O)c1ccccc1Cl,0.801098
28309213,CCn1cc(s/c/1=C\c1sc2c([n+]1C)cccc2)c1ccc(cc1)C,0.800991
3739477,O=C1NC2=C(C(C1)c1ccc(cc1)[N+](=O)[O-])C(=O)CC(C2)c1ccc(cc1)F,0.800853
16839767,CCN(CCNc1nc(Nc2cccc(c2)OC)c2c(n1)n(nc2)c1ccccc1)CC,0.800698
1866765,CCOc1ccc(cc1)Nc1cc(C)nc2c1cc(C)cc2C,0.800511
1861033,Cc1ccc2c(c1)c(Nc1cccc(c1)C(F)(F)F)cc(n2)C,0.800108
9829547,CCOc1ccc(cc1)C(=O)Nc1nonc1c1ccc(c(c1)OCC)OCC,0.799978
2309797,CC(=O)Nc1ccc(cc1)Nc1c2ccccc2nc2c1cccc2,0.799779
4048905,COc1ccc(cc1)C1Sc2ccccc2NC2=C1C(=O)c1c2cccc1,0.799693
15953852,COc1ccc(cc1Cl)NC(=O)C1c2ccccc2C(=O)N(C1c1cccs1)C,0.799648
546302,CC(Nc1c2ccccc2nc2c1cccc2)C,0.799514
24348539,CN1CCN(CC1)c1cc(C)c2c(n1)ccc(c2)NC(=O)c1cccc(c1)N(C)C,0.799429
22718261,Cc1nc(Nc2ccc(cc2)NC(=O)Cc2ccccc2)nc(c1)Nc1ccc(cc1)C,0.799391
2420124,COC(=O)C1=C(C)NC2=C(C1c1ccc(cc1)[N+](=O)[O-])C(=O)CC(C2)c1ccccc1OC,0.799318
8207823,Cc1cc(C)c2c(c1)c(c1ccccc1)c(n2CC(CNCc1ccccc1)O)c1ccccc1,0.798967
22718171,CCOc1ccc(cc1OCC)C(=O)Nc1ccc(cc1)Nc1nc(C)cc(n1)Nc1ccccc1,0.798726
2644087,C=CCOc1ccc(cc1)C(=O)Nc1nonc1c1ccc(c(c1)OC)OC,0.798666
3546589,CCN(CCNC(=O)c1c(C)oc2c1C(=O)c1ccccc1C2=O)CC,0.798644
32499441,CCNc1nc(Nc2ccc(cc2)NC(=O)Nc2ccc(c(c2)F)C)cc(n1)C,0.798597
1866589,CCOc1ccc2c(c1)c(Nc1cccc(c1)Cl)cc(n2)C,0.798584
22718883,CCNc1nc(Nc2ccc(cc2)NS(=O)(=O)c2cccc(c2)C)nc(c1)C,0.798558
22718129,CCNc1nc(Nc2ccc(cc2)NC(=O)CCc2ccccc2)nc(c1)C,0.798553
2025340,CCN(CCn1c(=N)n(c2c1cccc2)CC(COc1cccc(c1)C)O)CC,0.798507
6764038,Oc1ccc(cc1)c1[nH]c(c(n1)c1ccccc1)c1ccc2c(c1)c1cc(ccc1o2)c1nc([nH]c1c1ccccc1)c1ccc(cc1)O,0.798287
16014107,CCCN(CCNC(=O)c1cc2c(s1)n(nc2c1ccc(cc1)Cl)C)CCC,0.797833
648061,O=C(c1ccc(cc1)C(C)(C)C)C[n+]1c(C)n(c2c1cccc2)C,0.797659
1333269,OC(c1ccc(c(c1)Cl)Cl)Cn1c(=N)n(c2c1cccc2)CCN1CCCC1,0.797616
8637448,Cc1ccc(cc1)Nc1c(nc2n1cc(C)cc2)c1ccccn1,0.797363
42850073,COc1ccc(cc1Cl)Nc1nc(N)c2c(n1)cccc2,0.797249
3003547,Fc1ccc(cc1)C(c1ccc2c(c1O)nccc2)Nc1nccc(c1)C,0.797110
31200675,OCCNc1nc(Nc2cc(C)cc(c2)C)nc2c1cccc2,0.797096
16837355,O=C(Nc1cc(C)ccc1C)Nc1ccc(cc1)Nc1nc(C)cc(n1)N(C)C,0.797075
1998517,Cc1cccc(n1)NC(c1ccc2c(c1O)nc(cc2)C)c1ccccc1C,0.797062
2305816,COc1cc(CCNC(=S)Nc2cccc(c2)C(F)(F)F)ccc1OC,0.796983
